datetime,respondent,respondent-name,type-name,demand_mwh
2023-01-01 00:00:00,CISO,California Independent System Operator,Demand,24007.0
2023-01-01 01:00:00,CISO,California Independent System Operator,Demand,24546.0
2023-01-01 02:00:00,CISO,California Independent System Operator,Demand,25344.0
2023-01-01 03:00:00,CISO,California Independent System Operator,Demand,26468.0
2023-01-01 04:00:00,CISO,California Independent System Operator,Demand,26047.0
2023-01-01 05:00:00,CISO,California Independent System Operator,Demand,25240.0
2023-01-01 06:00:00,CISO,California Independent System Operator,Demand,24466.0
2023-01-01 07:00:00,CISO,California Independent System Operator,Demand,23858.0
2023-01-01 08:00:00,CISO,California Independent System Operator,Demand,23133.0
2023-01-01 09:00:00,CISO,California Independent System Operator,Demand,22049.0
2023-01-01 10:00:00,CISO,California Independent System Operator,Demand,21298.0
2023-01-01 11:00:00,CISO,California Independent System Operator,Demand,20807.0
2023-01-01 12:00:00,CISO,California Independent System Operator,Demand,20301.0
2023-01-01 13:00:00,CISO,California Independent System Operator,Demand,19927.0
2023-01-01 14:00:00,CISO,California Independent System Operator,Demand,19979.0
2023-01-01 15:00:00,CISO,California Independent System Operator,Demand,20278.0
2023-01-01 16:00:00,CISO,California Independent System Operator,Demand,20653.0
2023-01-01 17:00:00,CISO,California Independent System Operator,Demand,20607.0
2023-01-01 18:00:00,CISO,California Independent System Operator,Demand,20033.0
2023-01-01 19:00:00,CISO,California Independent System Operator,Demand,19461.0
2023-01-01 20:00:00,CISO,California Independent System Operator,Demand,19279.0
2023-01-01 21:00:00,CISO,California Independent System Operator,Demand,19297.0
2023-01-01 22:00:00,CISO,California Independent System Operator,Demand,19275.0
2023-01-01 23:00:00,CISO,California Independent System Operator,Demand,19596.0
2023-01-02 00:00:00,CISO,California Independent System Operator,Demand,19644.0
2023-01-02 01:00:00,CISO,California Independent System Operator,Demand,20649.0
2023-01-02 02:00:00,CISO,California Independent System Operator,Demand,22399.0
2023-01-02 03:00:00,CISO,California Independent System Operator,Demand,24778.0
2023-01-02 04:00:00,CISO,California Independent System Operator,Demand,25166.0
2023-01-02 05:00:00,CISO,California Independent System Operator,Demand,25110.0
2023-01-02 06:00:00,CISO,California Independent System Operator,Demand,24640.0
2023-01-02 07:00:00,CISO,California Independent System Operator,Demand,24259.0
2023-01-02 08:00:00,CISO,California Independent System Operator,Demand,23210.0
2023-01-02 09:00:00,CISO,California Independent System Operator,Demand,21897.0
2023-01-02 10:00:00,CISO,California Independent System Operator,Demand,21483.0
2023-01-02 11:00:00,CISO,California Independent System Operator,Demand,20773.0
2023-01-02 12:00:00,CISO,California Independent System Operator,Demand,20329.0
2023-01-02 13:00:00,CISO,California Independent System Operator,Demand,20335.0
2023-01-02 14:00:00,CISO,California Independent System Operator,Demand,20527.0
2023-01-02 15:00:00,CISO,California Independent System Operator,Demand,21468.0
2023-01-02 16:00:00,CISO,California Independent System Operator,Demand,22710.0
2023-01-02 17:00:00,CISO,California Independent System Operator,Demand,23098.0
2023-01-02 18:00:00,CISO,California Independent System Operator,Demand,22971.0
2023-01-02 19:00:00,CISO,California Independent System Operator,Demand,23346.0
2023-01-02 20:00:00,CISO,California Independent System Operator,Demand,23474.0
2023-01-02 21:00:00,CISO,California Independent System Operator,Demand,24281.0
2023-01-02 22:00:00,CISO,California Independent System Operator,Demand,24429.0
2023-01-02 23:00:00,CISO,California Independent System Operator,Demand,25190.0
2023-01-03 00:00:00,CISO,California Independent System Operator,Demand,25918.0
2023-01-03 01:00:00,CISO,California Independent System Operator,Demand,26121.0
2023-01-03 02:00:00,CISO,California Independent System Operator,Demand,27310.0
2023-01-03 03:00:00,CISO,California Independent System Operator,Demand,28567.0
2023-01-03 04:00:00,CISO,California Independent System Operator,Demand,28396.0
2023-01-03 05:00:00,CISO,California Independent System Operator,Demand,27724.0
2023-01-03 06:00:00,CISO,California Independent System Operator,Demand,26872.0
2023-01-03 07:00:00,CISO,California Independent System Operator,Demand,26019.0
2023-01-03 08:00:00,CISO,California Independent System Operator,Demand,24535.0
2023-01-03 09:00:00,CISO,California Independent System Operator,Demand,23243.0
2023-01-03 10:00:00,CISO,California Independent System Operator,Demand,22414.0
2023-01-03 11:00:00,CISO,California Independent System Operator,Demand,21928.0
2023-01-03 12:00:00,CISO,California Independent System Operator,Demand,21828.0
2023-01-03 13:00:00,CISO,California Independent System Operator,Demand,21641.0
2023-01-03 14:00:00,CISO,California Independent System Operator,Demand,21683.0
2023-01-03 15:00:00,CISO,California Independent System Operator,Demand,22990.0
2023-01-03 16:00:00,CISO,California Independent System Operator,Demand,24875.0
2023-01-03 17:00:00,CISO,California Independent System Operator,Demand,26168.0
2023-01-03 18:00:00,CISO,California Independent System Operator,Demand,26992.0
2023-01-03 19:00:00,CISO,California Independent System Operator,Demand,26883.0
2023-01-03 20:00:00,CISO,California Independent System Operator,Demand,26827.0
2023-01-03 21:00:00,CISO,California Independent System Operator,Demand,26337.0
2023-01-03 22:00:00,CISO,California Independent System Operator,Demand,26407.0
2023-01-03 23:00:00,CISO,California Independent System Operator,Demand,26301.0
2023-01-04 00:00:00,CISO,California Independent System Operator,Demand,26099.0
2023-01-04 01:00:00,CISO,California Independent System Operator,Demand,26638.0
2023-01-04 02:00:00,CISO,California Independent System Operator,Demand,27617.0
2023-01-04 03:00:00,CISO,California Independent System Operator,Demand,29102.0
2023-01-04 04:00:00,CISO,California Independent System Operator,Demand,28764.0
2023-01-04 05:00:00,CISO,California Independent System Operator,Demand,28294.0
2023-01-04 06:00:00,CISO,California Independent System Operator,Demand,27589.0
2023-01-04 07:00:00,CISO,California Independent System Operator,Demand,26630.0
2023-01-04 08:00:00,CISO,California Independent System Operator,Demand,25085.0
2023-01-04 09:00:00,CISO,California Independent System Operator,Demand,23884.0
2023-01-04 10:00:00,CISO,California Independent System Operator,Demand,23211.0
2023-01-04 11:00:00,CISO,California Independent System Operator,Demand,22651.0
2023-01-04 12:00:00,CISO,California Independent System Operator,Demand,22159.0
2023-01-04 13:00:00,CISO,California Independent System Operator,Demand,21837.0
2023-01-04 14:00:00,CISO,California Independent System Operator,Demand,22127.0
2023-01-04 15:00:00,CISO,California Independent System Operator,Demand,22685.0
2023-01-04 16:00:00,CISO,California Independent System Operator,Demand,24344.0
2023-01-04 17:00:00,CISO,California Independent System Operator,Demand,25546.0
2023-01-04 18:00:00,CISO,California Independent System Operator,Demand,26359.0
2023-01-04 19:00:00,CISO,California Independent System Operator,Demand,26236.0
2023-01-04 20:00:00,CISO,California Independent System Operator,Demand,26413.0
2023-01-04 21:00:00,CISO,California Independent System Operator,Demand,26235.0
2023-01-04 22:00:00,CISO,California Independent System Operator,Demand,26001.0
2023-01-04 23:00:00,CISO,California Independent System Operator,Demand,25879.0
2023-01-05 00:00:00,CISO,California Independent System Operator,Demand,25564.0
2023-01-05 01:00:00,CISO,California Independent System Operator,Demand,25674.0
2023-01-05 02:00:00,CISO,California Independent System Operator,Demand,26690.0
2023-01-05 03:00:00,CISO,California Independent System Operator,Demand,28147.0
2023-01-05 04:00:00,CISO,California Independent System Operator,Demand,28017.0
2023-01-05 05:00:00,CISO,California Independent System Operator,Demand,27209.0
2023-01-05 06:00:00,CISO,California Independent System Operator,Demand,26516.0
2023-01-05 07:00:00,CISO,California Independent System Operator,Demand,25527.0
2023-01-05 08:00:00,CISO,California Independent System Operator,Demand,24112.0
2023-01-05 09:00:00,CISO,California Independent System Operator,Demand,23450.0
2023-01-05 10:00:00,CISO,California Independent System Operator,Demand,22655.0
2023-01-05 11:00:00,CISO,California Independent System Operator,Demand,22219.0
2023-01-05 12:00:00,CISO,California Independent System Operator,Demand,21701.0
2023-01-05 13:00:00,CISO,California Independent System Operator,Demand,21073.0
2023-01-05 14:00:00,CISO,California Independent System Operator,Demand,20951.0
2023-01-05 15:00:00,CISO,California Independent System Operator,Demand,21804.0
2023-01-05 16:00:00,CISO,California Independent System Operator,Demand,23725.0
2023-01-05 17:00:00,CISO,California Independent System Operator,Demand,25103.0
2023-01-05 18:00:00,CISO,California Independent System Operator,Demand,25942.0
2023-01-05 19:00:00,CISO,California Independent System Operator,Demand,26402.0
2023-01-05 20:00:00,CISO,California Independent System Operator,Demand,27238.0
2023-01-05 21:00:00,CISO,California Independent System Operator,Demand,27090.0
2023-01-05 22:00:00,CISO,California Independent System Operator,Demand,27185.0
2023-01-05 23:00:00,CISO,California Independent System Operator,Demand,26226.0
2023-01-06 00:00:00,CISO,California Independent System Operator,Demand,25477.0
2023-01-06 01:00:00,CISO,California Independent System Operator,Demand,25253.0
2023-01-06 02:00:00,CISO,California Independent System Operator,Demand,25931.0
2023-01-06 03:00:00,CISO,California Independent System Operator,Demand,27614.0
2023-01-06 04:00:00,CISO,California Independent System Operator,Demand,27834.0
2023-01-06 05:00:00,CISO,California Independent System Operator,Demand,27301.0
2023-01-06 06:00:00,CISO,California Independent System Operator,Demand,26638.0
2023-01-06 07:00:00,CISO,California Independent System Operator,Demand,25800.0
2023-01-06 08:00:00,CISO,California Independent System Operator,Demand,24429.0
2023-01-06 09:00:00,CISO,California Independent System Operator,Demand,23001.0
2023-01-06 10:00:00,CISO,California Independent System Operator,Demand,22409.0
2023-01-06 11:00:00,CISO,California Independent System Operator,Demand,21903.0
2023-01-06 12:00:00,CISO,California Independent System Operator,Demand,21858.0
2023-01-06 13:00:00,CISO,California Independent System Operator,Demand,21645.0
2023-01-06 14:00:00,CISO,California Independent System Operator,Demand,21769.0
2023-01-06 15:00:00,CISO,California Independent System Operator,Demand,22902.0
2023-01-06 16:00:00,CISO,California Independent System Operator,Demand,24434.0
2023-01-06 17:00:00,CISO,California Independent System Operator,Demand,25719.0
2023-01-06 18:00:00,CISO,California Independent System Operator,Demand,25628.0
2023-01-06 19:00:00,CISO,California Independent System Operator,Demand,24787.0
2023-01-06 20:00:00,CISO,California Independent System Operator,Demand,23766.0
2023-01-06 21:00:00,CISO,California Independent System Operator,Demand,23248.0
2023-01-06 22:00:00,CISO,California Independent System Operator,Demand,22598.0
2023-01-06 23:00:00,CISO,California Independent System Operator,Demand,22741.0
2023-01-07 00:00:00,CISO,California Independent System Operator,Demand,23297.0
2023-01-07 01:00:00,CISO,California Independent System Operator,Demand,23581.0
2023-01-07 02:00:00,CISO,California Independent System Operator,Demand,25216.0
2023-01-07 03:00:00,CISO,California Independent System Operator,Demand,27226.0
2023-01-07 04:00:00,CISO,California Independent System Operator,Demand,27141.0
2023-01-07 05:00:00,CISO,California Independent System Operator,Demand,26705.0
2023-01-07 06:00:00,CISO,California Independent System Operator,Demand,26243.0
2023-01-07 07:00:00,CISO,California Independent System Operator,Demand,25581.0
2023-01-07 08:00:00,CISO,California Independent System Operator,Demand,24342.0
2023-01-07 09:00:00,CISO,California Independent System Operator,Demand,23140.0
2023-01-07 10:00:00,CISO,California Independent System Operator,Demand,22150.0
2023-01-07 11:00:00,CISO,California Independent System Operator,Demand,21850.0
2023-01-07 12:00:00,CISO,California Independent System Operator,Demand,21215.0
2023-01-07 13:00:00,CISO,California Independent System Operator,Demand,20855.0
2023-01-07 14:00:00,CISO,California Independent System Operator,Demand,20963.0
2023-01-07 15:00:00,CISO,California Independent System Operator,Demand,21615.0
2023-01-07 16:00:00,CISO,California Independent System Operator,Demand,22414.0
2023-01-07 17:00:00,CISO,California Independent System Operator,Demand,22735.0
2023-01-07 18:00:00,CISO,California Independent System Operator,Demand,23365.0
2023-01-07 19:00:00,CISO,California Independent System Operator,Demand,22958.0
2023-01-07 20:00:00,CISO,California Independent System Operator,Demand,22809.0
2023-01-07 21:00:00,CISO,California Independent System Operator,Demand,22013.0
2023-01-07 22:00:00,CISO,California Independent System Operator,Demand,21896.0
2023-01-07 23:00:00,CISO,California Independent System Operator,Demand,21764.0
2023-01-08 00:00:00,CISO,California Independent System Operator,Demand,22131.0
2023-01-08 01:00:00,CISO,California Independent System Operator,Demand,22930.0
2023-01-08 02:00:00,CISO,California Independent System Operator,Demand,24079.0
2023-01-08 03:00:00,CISO,California Independent System Operator,Demand,25792.0
2023-01-08 04:00:00,CISO,California Independent System Operator,Demand,25704.0
2023-01-08 05:00:00,CISO,California Independent System Operator,Demand,25348.0
2023-01-08 06:00:00,CISO,California Independent System Operator,Demand,24889.0
2023-01-08 07:00:00,CISO,California Independent System Operator,Demand,24303.0
2023-01-08 08:00:00,CISO,California Independent System Operator,Demand,23633.0
2023-01-08 09:00:00,CISO,California Independent System Operator,Demand,22588.0
2023-01-08 10:00:00,CISO,California Independent System Operator,Demand,21750.0
2023-01-08 11:00:00,CISO,California Independent System Operator,Demand,20841.0
2023-01-08 12:00:00,CISO,California Independent System Operator,Demand,20439.0
2023-01-08 13:00:00,CISO,California Independent System Operator,Demand,19978.0
2023-01-08 14:00:00,CISO,California Independent System Operator,Demand,19891.0
2023-01-08 15:00:00,CISO,California Independent System Operator,Demand,20303.0
2023-01-08 16:00:00,CISO,California Independent System Operator,Demand,20886.0
2023-01-08 17:00:00,CISO,California Independent System Operator,Demand,21408.0
2023-01-08 18:00:00,CISO,California Independent System Operator,Demand,21443.0
2023-01-08 19:00:00,CISO,California Independent System Operator,Demand,20838.0
2023-01-08 20:00:00,CISO,California Independent System Operator,Demand,20406.0
2023-01-08 21:00:00,CISO,California Independent System Operator,Demand,20128.0
2023-01-08 22:00:00,CISO,California Independent System Operator,Demand,20137.0
2023-01-08 23:00:00,CISO,California Independent System Operator,Demand,20606.0
2023-01-09 00:00:00,CISO,California Independent System Operator,Demand,21262.0
2023-01-09 01:00:00,CISO,California Independent System Operator,Demand,22023.0
2023-01-09 02:00:00,CISO,California Independent System Operator,Demand,23346.0
2023-01-09 03:00:00,CISO,California Independent System Operator,Demand,25549.0
2023-01-09 04:00:00,CISO,California Independent System Operator,Demand,25784.0
2023-01-09 05:00:00,CISO,California Independent System Operator,Demand,25483.0
2023-01-09 06:00:00,CISO,California Independent System Operator,Demand,24865.0
2023-01-09 07:00:00,CISO,California Independent System Operator,Demand,23825.0
2023-01-09 08:00:00,CISO,California Independent System Operator,Demand,22573.0
2023-01-09 09:00:00,CISO,California Independent System Operator,Demand,21183.0
2023-01-09 10:00:00,CISO,California Independent System Operator,Demand,20897.0
2023-01-09 11:00:00,CISO,California Independent System Operator,Demand,20758.0
2023-01-09 12:00:00,CISO,California Independent System Operator,Demand,20933.0
2023-01-09 13:00:00,CISO,California Independent System Operator,Demand,20974.0
2023-01-09 14:00:00,CISO,California Independent System Operator,Demand,21132.0
2023-01-09 15:00:00,CISO,California Independent System Operator,Demand,21885.0
2023-01-09 16:00:00,CISO,California Independent System Operator,Demand,23885.0
2023-01-09 17:00:00,CISO,California Independent System Operator,Demand,25814.0
2023-01-09 18:00:00,CISO,California Independent System Operator,Demand,26183.0
2023-01-09 19:00:00,CISO,California Independent System Operator,Demand,26593.0
2023-01-09 20:00:00,CISO,California Independent System Operator,Demand,26531.0
2023-01-09 21:00:00,CISO,California Independent System Operator,Demand,26928.0
2023-01-09 22:00:00,CISO,California Independent System Operator,Demand,25993.0
2023-01-09 23:00:00,CISO,California Independent System Operator,Demand,25551.0
2023-01-10 00:00:00,CISO,California Independent System Operator,Demand,25506.0
2023-01-10 01:00:00,CISO,California Independent System Operator,Demand,25913.0
2023-01-10 02:00:00,CISO,California Independent System Operator,Demand,26785.0
2023-01-10 03:00:00,CISO,California Independent System Operator,Demand,27985.0
2023-01-10 04:00:00,CISO,California Independent System Operator,Demand,27911.0
2023-01-10 05:00:00,CISO,California Independent System Operator,Demand,27314.0
2023-01-10 06:00:00,CISO,California Independent System Operator,Demand,26570.0
2023-01-10 07:00:00,CISO,California Independent System Operator,Demand,25712.0
2023-01-10 08:00:00,CISO,California Independent System Operator,Demand,24208.0
2023-01-10 09:00:00,CISO,California Independent System Operator,Demand,22770.0
2023-01-10 10:00:00,CISO,California Independent System Operator,Demand,22130.0
2023-01-10 11:00:00,CISO,California Independent System Operator,Demand,21528.0
2023-01-10 12:00:00,CISO,California Independent System Operator,Demand,21162.0
2023-01-10 13:00:00,CISO,California Independent System Operator,Demand,20912.0
2023-01-10 14:00:00,CISO,California Independent System Operator,Demand,21231.0
2023-01-10 15:00:00,CISO,California Independent System Operator,Demand,22155.0
2023-01-10 16:00:00,CISO,California Independent System Operator,Demand,23913.0
2023-01-10 17:00:00,CISO,California Independent System Operator,Demand,25578.0
2023-01-10 18:00:00,CISO,California Independent System Operator,Demand,26361.0
2023-01-10 19:00:00,CISO,California Independent System Operator,Demand,26603.0
2023-01-10 20:00:00,CISO,California Independent System Operator,Demand,26430.0
2023-01-10 21:00:00,CISO,California Independent System Operator,Demand,26488.0
2023-01-10 22:00:00,CISO,California Independent System Operator,Demand,26615.0
2023-01-10 23:00:00,CISO,California Independent System Operator,Demand,26207.0
2023-01-11 00:00:00,CISO,California Independent System Operator,Demand,25524.0
2023-01-11 01:00:00,CISO,California Independent System Operator,Demand,25670.0
2023-01-11 02:00:00,CISO,California Independent System Operator,Demand,26579.0
2023-01-11 03:00:00,CISO,California Independent System Operator,Demand,28332.0
2023-01-11 04:00:00,CISO,California Independent System Operator,Demand,28445.0
2023-01-11 05:00:00,CISO,California Independent System Operator,Demand,27840.0
2023-01-11 06:00:00,CISO,California Independent System Operator,Demand,27229.0
2023-01-11 07:00:00,CISO,California Independent System Operator,Demand,26229.0
2023-01-11 08:00:00,CISO,California Independent System Operator,Demand,24734.0
2023-01-11 09:00:00,CISO,California Independent System Operator,Demand,23699.0
2023-01-11 10:00:00,CISO,California Independent System Operator,Demand,22746.0
2023-01-11 11:00:00,CISO,California Independent System Operator,Demand,22023.0
2023-01-11 12:00:00,CISO,California Independent System Operator,Demand,21942.0
2023-01-11 13:00:00,CISO,California Independent System Operator,Demand,21733.0
2023-01-11 14:00:00,CISO,California Independent System Operator,Demand,21918.0
2023-01-11 15:00:00,CISO,California Independent System Operator,Demand,23271.0
2023-01-11 16:00:00,CISO,California Independent System Operator,Demand,25796.0
2023-01-11 17:00:00,CISO,California Independent System Operator,Demand,27246.0
2023-01-11 18:00:00,CISO,California Independent System Operator,Demand,27408.0
2023-01-11 19:00:00,CISO,California Independent System Operator,Demand,27809.0
2023-01-11 20:00:00,CISO,California Independent System Operator,Demand,26842.0
2023-01-11 21:00:00,CISO,California Independent System Operator,Demand,26005.0
2023-01-11 22:00:00,CISO,California Independent System Operator,Demand,25732.0
2023-01-11 23:00:00,CISO,California Independent System Operator,Demand,25622.0
2023-01-12 00:00:00,CISO,California Independent System Operator,Demand,25832.0
2023-01-12 01:00:00,CISO,California Independent System Operator,Demand,26276.0
2023-01-12 02:00:00,CISO,California Independent System Operator,Demand,27587.0
2023-01-12 03:00:00,CISO,California Independent System Operator,Demand,28995.0
2023-01-12 04:00:00,CISO,California Independent System Operator,Demand,29009.0
2023-01-12 05:00:00,CISO,California Independent System Operator,Demand,28513.0
2023-01-12 06:00:00,CISO,California Independent System Operator,Demand,27804.0
2023-01-12 07:00:00,CISO,California Independent System Operator,Demand,26914.0
2023-01-12 08:00:00,CISO,California Independent System Operator,Demand,25239.0
2023-01-12 09:00:00,CISO,California Independent System Operator,Demand,23960.0
2023-01-12 10:00:00,CISO,California Independent System Operator,Demand,23536.0
2023-01-12 11:00:00,CISO,California Independent System Operator,Demand,22918.0
2023-01-12 12:00:00,CISO,California Independent System Operator,Demand,22608.0
2023-01-12 13:00:00,CISO,California Independent System Operator,Demand,22365.0
2023-01-12 14:00:00,CISO,California Independent System Operator,Demand,22280.0
2023-01-12 15:00:00,CISO,California Independent System Operator,Demand,22992.0
2023-01-12 16:00:00,CISO,California Independent System Operator,Demand,25003.0
2023-01-12 17:00:00,CISO,California Independent System Operator,Demand,26112.0
2023-01-12 18:00:00,CISO,California Independent System Operator,Demand,25882.0
2023-01-12 19:00:00,CISO,California Independent System Operator,Demand,25433.0
2023-01-12 20:00:00,CISO,California Independent System Operator,Demand,24534.0
2023-01-12 21:00:00,CISO,California Independent System Operator,Demand,23739.0
2023-01-12 22:00:00,CISO,California Independent System Operator,Demand,23295.0
2023-01-12 23:00:00,CISO,California Independent System Operator,Demand,23162.0
2023-01-13 00:00:00,CISO,California Independent System Operator,Demand,22649.0
2023-01-13 01:00:00,CISO,California Independent System Operator,Demand,23546.0
2023-01-13 02:00:00,CISO,California Independent System Operator,Demand,24960.0
2023-01-13 03:00:00,CISO,California Independent System Operator,Demand,26848.0
2023-01-13 04:00:00,CISO,California Independent System Operator,Demand,27194.0
2023-01-13 05:00:00,CISO,California Independent System Operator,Demand,26602.0
2023-01-13 06:00:00,CISO,California Independent System Operator,Demand,25944.0
2023-01-13 07:00:00,CISO,California Independent System Operator,Demand,25164.0
2023-01-13 08:00:00,CISO,California Independent System Operator,Demand,23922.0
2023-01-13 09:00:00,CISO,California Independent System Operator,Demand,22890.0
2023-01-13 10:00:00,CISO,California Independent System Operator,Demand,21978.0
2023-01-13 11:00:00,CISO,California Independent System Operator,Demand,21391.0
2023-01-13 12:00:00,CISO,California Independent System Operator,Demand,20895.0
2023-01-13 13:00:00,CISO,California Independent System Operator,Demand,20451.0
2023-01-13 14:00:00,CISO,California Independent System Operator,Demand,20885.0
2023-01-13 15:00:00,CISO,California Independent System Operator,Demand,22014.0
2023-01-13 16:00:00,CISO,California Independent System Operator,Demand,24195.0
2023-01-13 17:00:00,CISO,California Independent System Operator,Demand,25633.0
2023-01-13 18:00:00,CISO,California Independent System Operator,Demand,25618.0
2023-01-13 19:00:00,CISO,California Independent System Operator,Demand,25420.0
2023-01-13 20:00:00,CISO,California Independent System Operator,Demand,25451.0
2023-01-13 21:00:00,CISO,California Independent System Operator,Demand,25505.0
2023-01-13 22:00:00,CISO,California Independent System Operator,Demand,25548.0
2023-01-13 23:00:00,CISO,California Independent System Operator,Demand,24673.0
2023-01-14 00:00:00,CISO,California Independent System Operator,Demand,24288.0
2023-01-14 01:00:00,CISO,California Independent System Operator,Demand,24376.0
2023-01-14 02:00:00,CISO,California Independent System Operator,Demand,25253.0
2023-01-14 03:00:00,CISO,California Independent System Operator,Demand,27112.0
2023-01-14 04:00:00,CISO,California Independent System Operator,Demand,26910.0
2023-01-14 05:00:00,CISO,California Independent System Operator,Demand,26400.0
2023-01-14 06:00:00,CISO,California Independent System Operator,Demand,25703.0
2023-01-14 07:00:00,CISO,California Independent System Operator,Demand,25058.0
2023-01-14 08:00:00,CISO,California Independent System Operator,Demand,23704.0
2023-01-14 09:00:00,CISO,California Independent System Operator,Demand,22239.0
2023-01-14 10:00:00,CISO,California Independent System Operator,Demand,21662.0
2023-01-14 11:00:00,CISO,California Independent System Operator,Demand,21039.0
2023-01-14 12:00:00,CISO,California Independent System Operator,Demand,20473.0
2023-01-14 13:00:00,CISO,California Independent System Operator,Demand,20195.0
2023-01-14 14:00:00,CISO,California Independent System Operator,Demand,20159.0
2023-01-14 15:00:00,CISO,California Independent System Operator,Demand,20620.0
2023-01-14 16:00:00,CISO,California Independent System Operator,Demand,21592.0
2023-01-14 17:00:00,CISO,California Independent System Operator,Demand,22032.0
2023-01-14 18:00:00,CISO,California Independent System Operator,Demand,22921.0
2023-01-14 19:00:00,CISO,California Independent System Operator,Demand,23779.0
2023-01-14 20:00:00,CISO,California Independent System Operator,Demand,24211.0
2023-01-14 21:00:00,CISO,California Independent System Operator,Demand,24181.0
2023-01-14 22:00:00,CISO,California Independent System Operator,Demand,24230.0
2023-01-14 23:00:00,CISO,California Independent System Operator,Demand,24672.0
2023-01-15 00:00:00,CISO,California Independent System Operator,Demand,24815.0
2023-01-15 01:00:00,CISO,California Independent System Operator,Demand,25084.0
2023-01-15 02:00:00,CISO,California Independent System Operator,Demand,25467.0
2023-01-15 03:00:00,CISO,California Independent System Operator,Demand,26613.0
2023-01-15 04:00:00,CISO,California Independent System Operator,Demand,26265.0
2023-01-15 05:00:00,CISO,California Independent System Operator,Demand,26069.0
2023-01-15 06:00:00,CISO,California Independent System Operator,Demand,25374.0
2023-01-15 07:00:00,CISO,California Independent System Operator,Demand,24508.0
2023-01-15 08:00:00,CISO,California Independent System Operator,Demand,23456.0
2023-01-15 09:00:00,CISO,California Independent System Operator,Demand,22189.0
2023-01-15 10:00:00,CISO,California Independent System Operator,Demand,21152.0
2023-01-15 11:00:00,CISO,California Independent System Operator,Demand,20643.0
2023-01-15 12:00:00,CISO,California Independent System Operator,Demand,20379.0
2023-01-15 13:00:00,CISO,California Independent System Operator,Demand,19899.0
2023-01-15 14:00:00,CISO,California Independent System Operator,Demand,20032.0
2023-01-15 15:00:00,CISO,California Independent System Operator,Demand,20395.0
2023-01-15 16:00:00,CISO,California Independent System Operator,Demand,21132.0
2023-01-15 17:00:00,CISO,California Independent System Operator,Demand,21351.0
2023-01-15 18:00:00,CISO,California Independent System Operator,Demand,22089.0
2023-01-15 19:00:00,CISO,California Independent System Operator,Demand,22567.0
2023-01-15 20:00:00,CISO,California Independent System Operator,Demand,22873.0
2023-01-15 21:00:00,CISO,California Independent System Operator,Demand,22709.0
2023-01-15 22:00:00,CISO,California Independent System Operator,Demand,22679.0
2023-01-15 23:00:00,CISO,California Independent System Operator,Demand,22978.0
2023-01-16 00:00:00,CISO,California Independent System Operator,Demand,23741.0
2023-01-16 01:00:00,CISO,California Independent System Operator,Demand,24416.0
2023-01-16 02:00:00,CISO,California Independent System Operator,Demand,25067.0
2023-01-16 03:00:00,CISO,California Independent System Operator,Demand,26439.0
2023-01-16 04:00:00,CISO,California Independent System Operator,Demand,26548.0
2023-01-16 05:00:00,CISO,California Independent System Operator,Demand,26128.0
2023-01-16 06:00:00,CISO,California Independent System Operator,Demand,25438.0
2023-01-16 07:00:00,CISO,California Independent System Operator,Demand,24807.0
2023-01-16 08:00:00,CISO,California Independent System Operator,Demand,23606.0
2023-01-16 09:00:00,CISO,California Independent System Operator,Demand,22183.0
2023-01-16 10:00:00,CISO,California Independent System Operator,Demand,21788.0
2023-01-16 11:00:00,CISO,California Independent System Operator,Demand,21106.0
2023-01-16 12:00:00,CISO,California Independent System Operator,Demand,20874.0
2023-01-16 13:00:00,CISO,California Independent System Operator,Demand,20661.0
2023-01-16 14:00:00,CISO,California Independent System Operator,Demand,20824.0
2023-01-16 15:00:00,CISO,California Independent System Operator,Demand,21965.0
2023-01-16 16:00:00,CISO,California Independent System Operator,Demand,23486.0
2023-01-16 17:00:00,CISO,California Independent System Operator,Demand,24357.0
2023-01-16 18:00:00,CISO,California Independent System Operator,Demand,24876.0
2023-01-16 19:00:00,CISO,California Independent System Operator,Demand,25454.0
2023-01-16 20:00:00,CISO,California Independent System Operator,Demand,24794.0
2023-01-16 21:00:00,CISO,California Independent System Operator,Demand,24309.0
2023-01-16 22:00:00,CISO,California Independent System Operator,Demand,24379.0
2023-01-16 23:00:00,CISO,California Independent System Operator,Demand,24158.0
2023-01-17 00:00:00,CISO,California Independent System Operator,Demand,24266.0
2023-01-17 01:00:00,CISO,California Independent System Operator,Demand,24823.0
2023-01-17 02:00:00,CISO,California Independent System Operator,Demand,26007.0
2023-01-17 03:00:00,CISO,California Independent System Operator,Demand,28333.0
2023-01-17 04:00:00,CISO,California Independent System Operator,Demand,28458.0
2023-01-17 05:00:00,CISO,California Independent System Operator,Demand,27882.0
2023-01-17 06:00:00,CISO,California Independent System Operator,Demand,27268.0
2023-01-17 07:00:00,CISO,California Independent System Operator,Demand,26310.0
2023-01-17 08:00:00,CISO,California Independent System Operator,Demand,24781.0
2023-01-17 09:00:00,CISO,California Independent System Operator,Demand,23115.0
2023-01-17 10:00:00,CISO,California Independent System Operator,Demand,22508.0
2023-01-17 11:00:00,CISO,California Independent System Operator,Demand,21967.0
2023-01-17 12:00:00,CISO,California Independent System Operator,Demand,21694.0
2023-01-17 13:00:00,CISO,California Independent System Operator,Demand,21724.0
2023-01-17 14:00:00,CISO,California Independent System Operator,Demand,21783.0
2023-01-17 15:00:00,CISO,California Independent System Operator,Demand,23149.0
2023-01-17 16:00:00,CISO,California Independent System Operator,Demand,25686.0
2023-01-17 17:00:00,CISO,California Independent System Operator,Demand,27269.0
2023-01-17 18:00:00,CISO,California Independent System Operator,Demand,27001.0
2023-01-17 19:00:00,CISO,California Independent System Operator,Demand,25847.0
2023-01-17 20:00:00,CISO,California Independent System Operator,Demand,24865.0
2023-01-17 21:00:00,CISO,California Independent System Operator,Demand,23992.0
2023-01-17 22:00:00,CISO,California Independent System Operator,Demand,23069.0
2023-01-17 23:00:00,CISO,California Independent System Operator,Demand,22581.0
2023-01-18 00:00:00,CISO,California Independent System Operator,Demand,22075.0
2023-01-18 01:00:00,CISO,California Independent System Operator,Demand,23073.0
2023-01-18 02:00:00,CISO,California Independent System Operator,Demand,25368.0
2023-01-18 03:00:00,CISO,California Independent System Operator,Demand,28036.0
2023-01-18 04:00:00,CISO,California Independent System Operator,Demand,28674.0
2023-01-18 05:00:00,CISO,California Independent System Operator,Demand,28329.0
2023-01-18 06:00:00,CISO,California Independent System Operator,Demand,27720.0
2023-01-18 07:00:00,CISO,California Independent System Operator,Demand,26934.0
2023-01-18 08:00:00,CISO,California Independent System Operator,Demand,25705.0
2023-01-18 09:00:00,CISO,California Independent System Operator,Demand,24189.0
2023-01-18 10:00:00,CISO,California Independent System Operator,Demand,23585.0
2023-01-18 11:00:00,CISO,California Independent System Operator,Demand,22930.0
2023-01-18 12:00:00,CISO,California Independent System Operator,Demand,22730.0
2023-01-18 13:00:00,CISO,California Independent System Operator,Demand,22326.0
2023-01-18 14:00:00,CISO,California Independent System Operator,Demand,22599.0
2023-01-18 15:00:00,CISO,California Independent System Operator,Demand,23960.0
2023-01-18 16:00:00,CISO,California Independent System Operator,Demand,26480.0
2023-01-18 17:00:00,CISO,California Independent System Operator,Demand,27750.0
2023-01-18 18:00:00,CISO,California Independent System Operator,Demand,27050.0
2023-01-18 19:00:00,CISO,California Independent System Operator,Demand,25453.0
2023-01-18 20:00:00,CISO,California Independent System Operator,Demand,24427.0
2023-01-18 21:00:00,CISO,California Independent System Operator,Demand,23435.0
2023-01-18 22:00:00,CISO,California Independent System Operator,Demand,23007.0
2023-01-18 23:00:00,CISO,California Independent System Operator,Demand,22583.0
2023-01-19 00:00:00,CISO,California Independent System Operator,Demand,22596.0
2023-01-19 01:00:00,CISO,California Independent System Operator,Demand,23710.0
2023-01-19 02:00:00,CISO,California Independent System Operator,Demand,25863.0
2023-01-19 03:00:00,CISO,California Independent System Operator,Demand,28099.0
2023-01-19 04:00:00,CISO,California Independent System Operator,Demand,28582.0
2023-01-19 05:00:00,CISO,California Independent System Operator,Demand,28163.0
2023-01-19 06:00:00,CISO,California Independent System Operator,Demand,27627.0
2023-01-19 07:00:00,CISO,California Independent System Operator,Demand,26748.0
2023-01-19 08:00:00,CISO,California Independent System Operator,Demand,25109.0
2023-01-19 09:00:00,CISO,California Independent System Operator,Demand,23714.0
2023-01-19 10:00:00,CISO,California Independent System Operator,Demand,23235.0
2023-01-19 11:00:00,CISO,California Independent System Operator,Demand,22483.0
2023-01-19 12:00:00,CISO,California Independent System Operator,Demand,22424.0
2023-01-19 13:00:00,CISO,California Independent System Operator,Demand,22516.0
2023-01-19 14:00:00,CISO,California Independent System Operator,Demand,22783.0
2023-01-19 15:00:00,CISO,California Independent System Operator,Demand,24234.0
2023-01-19 16:00:00,CISO,California Independent System Operator,Demand,26390.0
2023-01-19 17:00:00,CISO,California Independent System Operator,Demand,27622.0
2023-01-19 18:00:00,CISO,California Independent System Operator,Demand,26810.0
2023-01-19 19:00:00,CISO,California Independent System Operator,Demand,25990.0
2023-01-19 20:00:00,CISO,California Independent System Operator,Demand,25118.0
2023-01-19 21:00:00,CISO,California Independent System Operator,Demand,24081.0
2023-01-19 22:00:00,CISO,California Independent System Operator,Demand,23474.0
2023-01-19 23:00:00,CISO,California Independent System Operator,Demand,22952.0
2023-01-20 00:00:00,CISO,California Independent System Operator,Demand,22938.0
2023-01-20 01:00:00,CISO,California Independent System Operator,Demand,24320.0
2023-01-20 02:00:00,CISO,California Independent System Operator,Demand,26340.0
2023-01-20 03:00:00,CISO,California Independent System Operator,Demand,28476.0
2023-01-20 04:00:00,CISO,California Independent System Operator,Demand,29036.0
2023-01-20 05:00:00,CISO,California Independent System Operator,Demand,28462.0
2023-01-20 06:00:00,CISO,California Independent System Operator,Demand,27769.0
2023-01-20 07:00:00,CISO,California Independent System Operator,Demand,26894.0
2023-01-20 08:00:00,CISO,California Independent System Operator,Demand,25749.0
2023-01-20 09:00:00,CISO,California Independent System Operator,Demand,24094.0
2023-01-20 10:00:00,CISO,California Independent System Operator,Demand,23267.0
2023-01-20 11:00:00,CISO,California Independent System Operator,Demand,22766.0
2023-01-20 12:00:00,CISO,California Independent System Operator,Demand,22759.0
2023-01-20 13:00:00,CISO,California Independent System Operator,Demand,22557.0
2023-01-20 14:00:00,CISO,California Independent System Operator,Demand,22794.0
2023-01-20 15:00:00,CISO,California Independent System Operator,Demand,24189.0
2023-01-20 16:00:00,CISO,California Independent System Operator,Demand,26305.0
2023-01-20 17:00:00,CISO,California Independent System Operator,Demand,27521.0
2023-01-20 18:00:00,CISO,California Independent System Operator,Demand,26791.0
2023-01-20 19:00:00,CISO,California Independent System Operator,Demand,25346.0
2023-01-20 20:00:00,CISO,California Independent System Operator,Demand,23944.0
2023-01-20 21:00:00,CISO,California Independent System Operator,Demand,23151.0
2023-01-20 22:00:00,CISO,California Independent System Operator,Demand,22671.0
2023-01-20 23:00:00,CISO,California Independent System Operator,Demand,21936.0
2023-01-21 00:00:00,CISO,California Independent System Operator,Demand,21487.0
2023-01-21 01:00:00,CISO,California Independent System Operator,Demand,22725.0
2023-01-21 02:00:00,CISO,California Independent System Operator,Demand,24770.0
2023-01-21 03:00:00,CISO,California Independent System Operator,Demand,27289.0
2023-01-21 04:00:00,CISO,California Independent System Operator,Demand,27875.0
2023-01-21 05:00:00,CISO,California Independent System Operator,Demand,27545.0
2023-01-21 06:00:00,CISO,California Independent System Operator,Demand,27096.0
2023-01-21 07:00:00,CISO,California Independent System Operator,Demand,26519.0
2023-01-21 08:00:00,CISO,California Independent System Operator,Demand,25719.0
2023-01-21 09:00:00,CISO,California Independent System Operator,Demand,24591.0
2023-01-21 10:00:00,CISO,California Independent System Operator,Demand,23512.0
2023-01-21 11:00:00,CISO,California Independent System Operator,Demand,22818.0
2023-01-21 12:00:00,CISO,California Independent System Operator,Demand,22140.0
2023-01-21 13:00:00,CISO,California Independent System Operator,Demand,21907.0
2023-01-21 14:00:00,CISO,California Independent System Operator,Demand,22179.0
2023-01-21 15:00:00,CISO,California Independent System Operator,Demand,22764.0
2023-01-21 16:00:00,CISO,California Independent System Operator,Demand,23595.0
2023-01-21 17:00:00,CISO,California Independent System Operator,Demand,24199.0
2023-01-21 18:00:00,CISO,California Independent System Operator,Demand,24214.0
2023-01-21 19:00:00,CISO,California Independent System Operator,Demand,22665.0
2023-01-21 20:00:00,CISO,California Independent System Operator,Demand,21497.0
2023-01-21 21:00:00,CISO,California Independent System Operator,Demand,20201.0
2023-01-21 22:00:00,CISO,California Independent System Operator,Demand,19557.0
2023-01-21 23:00:00,CISO,California Independent System Operator,Demand,19153.0
2023-01-22 00:00:00,CISO,California Independent System Operator,Demand,19376.0
2023-01-22 01:00:00,CISO,California Independent System Operator,Demand,20467.0
2023-01-22 02:00:00,CISO,California Independent System Operator,Demand,22613.0
2023-01-22 03:00:00,CISO,California Independent System Operator,Demand,25387.0
2023-01-22 04:00:00,CISO,California Independent System Operator,Demand,26309.0
2023-01-22 05:00:00,CISO,California Independent System Operator,Demand,25913.0
2023-01-22 06:00:00,CISO,California Independent System Operator,Demand,25591.0
2023-01-22 07:00:00,CISO,California Independent System Operator,Demand,25145.0
2023-01-22 08:00:00,CISO,California Independent System Operator,Demand,24589.0
2023-01-22 09:00:00,CISO,California Independent System Operator,Demand,23628.0
2023-01-22 10:00:00,CISO,California Independent System Operator,Demand,22803.0
2023-01-22 11:00:00,CISO,California Independent System Operator,Demand,21953.0
2023-01-22 12:00:00,CISO,California Independent System Operator,Demand,21551.0
2023-01-22 13:00:00,CISO,California Independent System Operator,Demand,21376.0
2023-01-22 14:00:00,CISO,California Independent System Operator,Demand,21471.0
2023-01-22 15:00:00,CISO,California Independent System Operator,Demand,21988.0
2023-01-22 16:00:00,CISO,California Independent System Operator,Demand,22741.0
2023-01-22 17:00:00,CISO,California Independent System Operator,Demand,22995.0
2023-01-22 18:00:00,CISO,California Independent System Operator,Demand,22343.0
2023-01-22 19:00:00,CISO,California Independent System Operator,Demand,21397.0
2023-01-22 20:00:00,CISO,California Independent System Operator,Demand,20901.0
2023-01-22 21:00:00,CISO,California Independent System Operator,Demand,19476.0
2023-01-22 22:00:00,CISO,California Independent System Operator,Demand,19040.0
2023-01-22 23:00:00,CISO,California Independent System Operator,Demand,19431.0
2023-01-23 00:00:00,CISO,California Independent System Operator,Demand,19436.0
2023-01-23 01:00:00,CISO,California Independent System Operator,Demand,20456.0
2023-01-23 02:00:00,CISO,California Independent System Operator,Demand,22812.0
2023-01-23 03:00:00,CISO,California Independent System Operator,Demand,25533.0
2023-01-23 04:00:00,CISO,California Independent System Operator,Demand,26342.0
2023-01-23 05:00:00,CISO,California Independent System Operator,Demand,26468.0
2023-01-23 06:00:00,CISO,California Independent System Operator,Demand,25947.0
2023-01-23 07:00:00,CISO,California Independent System Operator,Demand,25178.0
2023-01-23 08:00:00,CISO,California Independent System Operator,Demand,23844.0
2023-01-23 09:00:00,CISO,California Independent System Operator,Demand,22761.0
2023-01-23 10:00:00,CISO,California Independent System Operator,Demand,21755.0
2023-01-23 11:00:00,CISO,California Independent System Operator,Demand,21608.0
2023-01-23 12:00:00,CISO,California Independent System Operator,Demand,21707.0
2023-01-23 13:00:00,CISO,California Independent System Operator,Demand,21492.0
2023-01-23 14:00:00,CISO,California Independent System Operator,Demand,21842.0
2023-01-23 15:00:00,CISO,California Independent System Operator,Demand,23387.0
2023-01-23 16:00:00,CISO,California Independent System Operator,Demand,25839.0
2023-01-23 17:00:00,CISO,California Independent System Operator,Demand,27058.0
2023-01-23 18:00:00,CISO,California Independent System Operator,Demand,26083.0
2023-01-23 19:00:00,CISO,California Independent System Operator,Demand,24876.0
2023-01-23 20:00:00,CISO,California Independent System Operator,Demand,23915.0
2023-01-23 21:00:00,CISO,California Independent System Operator,Demand,23247.0
2023-01-23 22:00:00,CISO,California Independent System Operator,Demand,22974.0
2023-01-23 23:00:00,CISO,California Independent System Operator,Demand,22332.0
2023-01-24 00:00:00,CISO,California Independent System Operator,Demand,21908.0
2023-01-24 01:00:00,CISO,California Independent System Operator,Demand,22622.0
2023-01-24 02:00:00,CISO,California Independent System Operator,Demand,24861.0
2023-01-24 03:00:00,CISO,California Independent System Operator,Demand,27641.0
2023-01-24 04:00:00,CISO,California Independent System Operator,Demand,28333.0
2023-01-24 05:00:00,CISO,California Independent System Operator,Demand,27976.0
2023-01-24 06:00:00,CISO,California Independent System Operator,Demand,27349.0
2023-01-24 07:00:00,CISO,California Independent System Operator,Demand,26511.0
2023-01-24 08:00:00,CISO,California Independent System Operator,Demand,25058.0
2023-01-24 09:00:00,CISO,California Independent System Operator,Demand,23704.0
2023-01-24 10:00:00,CISO,California Independent System Operator,Demand,22725.0
2023-01-24 11:00:00,CISO,California Independent System Operator,Demand,22035.0
2023-01-24 12:00:00,CISO,California Independent System Operator,Demand,21798.0
2023-01-24 13:00:00,CISO,California Independent System Operator,Demand,22396.0
2023-01-24 14:00:00,CISO,California Independent System Operator,Demand,22808.0
2023-01-24 15:00:00,CISO,California Independent System Operator,Demand,23810.0
2023-01-24 16:00:00,CISO,California Independent System Operator,Demand,26516.0
2023-01-24 17:00:00,CISO,California Independent System Operator,Demand,27638.0
2023-01-24 18:00:00,CISO,California Independent System Operator,Demand,26484.0
2023-01-24 19:00:00,CISO,California Independent System Operator,Demand,24588.0
2023-01-24 20:00:00,CISO,California Independent System Operator,Demand,23327.0
2023-01-24 21:00:00,CISO,California Independent System Operator,Demand,22828.0
2023-01-24 22:00:00,CISO,California Independent System Operator,Demand,22352.0
2023-01-24 23:00:00,CISO,California Independent System Operator,Demand,22422.0
2023-01-25 00:00:00,CISO,California Independent System Operator,Demand,22190.0
2023-01-25 01:00:00,CISO,California Independent System Operator,Demand,22660.0
2023-01-25 02:00:00,CISO,California Independent System Operator,Demand,24576.0
2023-01-25 03:00:00,CISO,California Independent System Operator,Demand,27174.0
2023-01-25 04:00:00,CISO,California Independent System Operator,Demand,27933.0
2023-01-25 05:00:00,CISO,California Independent System Operator,Demand,27545.0
2023-01-25 06:00:00,CISO,California Independent System Operator,Demand,27062.0
2023-01-25 07:00:00,CISO,California Independent System Operator,Demand,26148.0
2023-01-25 08:00:00,CISO,California Independent System Operator,Demand,24761.0
2023-01-25 09:00:00,CISO,California Independent System Operator,Demand,23504.0
2023-01-25 10:00:00,CISO,California Independent System Operator,Demand,22388.0
2023-01-25 11:00:00,CISO,California Independent System Operator,Demand,22013.0
2023-01-25 12:00:00,CISO,California Independent System Operator,Demand,21722.0
2023-01-25 13:00:00,CISO,California Independent System Operator,Demand,21868.0
2023-01-25 14:00:00,CISO,California Independent System Operator,Demand,22378.0
2023-01-25 15:00:00,CISO,California Independent System Operator,Demand,23949.0
2023-01-25 16:00:00,CISO,California Independent System Operator,Demand,26466.0
2023-01-25 17:00:00,CISO,California Independent System Operator,Demand,27524.0
2023-01-25 18:00:00,CISO,California Independent System Operator,Demand,26230.0
2023-01-25 19:00:00,CISO,California Independent System Operator,Demand,24663.0
2023-01-25 20:00:00,CISO,California Independent System Operator,Demand,23636.0
2023-01-25 21:00:00,CISO,California Independent System Operator,Demand,23179.0
2023-01-25 22:00:00,CISO,California Independent System Operator,Demand,22844.0
2023-01-25 23:00:00,CISO,California Independent System Operator,Demand,22539.0
2023-01-26 00:00:00,CISO,California Independent System Operator,Demand,21982.0
2023-01-26 01:00:00,CISO,California Independent System Operator,Demand,22811.0
2023-01-26 02:00:00,CISO,California Independent System Operator,Demand,24472.0
2023-01-26 03:00:00,CISO,California Independent System Operator,Demand,26660.0
2023-01-26 04:00:00,CISO,California Independent System Operator,Demand,27355.0
2023-01-26 05:00:00,CISO,California Independent System Operator,Demand,27029.0
2023-01-26 06:00:00,CISO,California Independent System Operator,Demand,26404.0
2023-01-26 07:00:00,CISO,California Independent System Operator,Demand,25540.0
2023-01-26 08:00:00,CISO,California Independent System Operator,Demand,24030.0
2023-01-26 09:00:00,CISO,California Independent System Operator,Demand,22666.0
2023-01-26 10:00:00,CISO,California Independent System Operator,Demand,22251.0
2023-01-26 11:00:00,CISO,California Independent System Operator,Demand,22005.0
2023-01-26 12:00:00,CISO,California Independent System Operator,Demand,21602.0
2023-01-26 13:00:00,CISO,California Independent System Operator,Demand,21376.0
2023-01-26 14:00:00,CISO,California Independent System Operator,Demand,21984.0
2023-01-26 15:00:00,CISO,California Independent System Operator,Demand,23247.0
2023-01-26 16:00:00,CISO,California Independent System Operator,Demand,25317.0
2023-01-26 17:00:00,CISO,California Independent System Operator,Demand,26287.0
2023-01-26 18:00:00,CISO,California Independent System Operator,Demand,25221.0
2023-01-26 19:00:00,CISO,California Independent System Operator,Demand,23737.0
2023-01-26 20:00:00,CISO,California Independent System Operator,Demand,23112.0
2023-01-26 21:00:00,CISO,California Independent System Operator,Demand,22313.0
2023-01-26 22:00:00,CISO,California Independent System Operator,Demand,21768.0
2023-01-26 23:00:00,CISO,California Independent System Operator,Demand,21549.0
2023-01-27 00:00:00,CISO,California Independent System Operator,Demand,21758.0
2023-01-27 01:00:00,CISO,California Independent System Operator,Demand,22268.0
2023-01-27 02:00:00,CISO,California Independent System Operator,Demand,24132.0
2023-01-27 03:00:00,CISO,California Independent System Operator,Demand,26494.0
2023-01-27 04:00:00,CISO,California Independent System Operator,Demand,27387.0
2023-01-27 05:00:00,CISO,California Independent System Operator,Demand,27176.0
2023-01-27 06:00:00,CISO,California Independent System Operator,Demand,26706.0
2023-01-27 07:00:00,CISO,California Independent System Operator,Demand,25815.0
2023-01-27 08:00:00,CISO,California Independent System Operator,Demand,24460.0
2023-01-27 09:00:00,CISO,California Independent System Operator,Demand,23248.0
2023-01-27 10:00:00,CISO,California Independent System Operator,Demand,22544.0
2023-01-27 11:00:00,CISO,California Independent System Operator,Demand,22078.0
2023-01-27 12:00:00,CISO,California Independent System Operator,Demand,21837.0
2023-01-27 13:00:00,CISO,California Independent System Operator,Demand,21975.0
2023-01-27 14:00:00,CISO,California Independent System Operator,Demand,22147.0
2023-01-27 15:00:00,CISO,California Independent System Operator,Demand,23325.0
2023-01-27 16:00:00,CISO,California Independent System Operator,Demand,25505.0
2023-01-27 17:00:00,CISO,California Independent System Operator,Demand,26652.0
2023-01-27 18:00:00,CISO,California Independent System Operator,Demand,25385.0
2023-01-27 19:00:00,CISO,California Independent System Operator,Demand,24032.0
2023-01-27 20:00:00,CISO,California Independent System Operator,Demand,23445.0
2023-01-27 21:00:00,CISO,California Independent System Operator,Demand,22525.0
2023-01-27 22:00:00,CISO,California Independent System Operator,Demand,21824.0
2023-01-27 23:00:00,CISO,California Independent System Operator,Demand,21478.0
2023-01-28 00:00:00,CISO,California Independent System Operator,Demand,21796.0
2023-01-28 01:00:00,CISO,California Independent System Operator,Demand,22666.0
2023-01-28 02:00:00,CISO,California Independent System Operator,Demand,23881.0
2023-01-28 03:00:00,CISO,California Independent System Operator,Demand,26037.0
2023-01-28 04:00:00,CISO,California Independent System Operator,Demand,26559.0
2023-01-28 05:00:00,CISO,California Independent System Operator,Demand,26160.0
2023-01-28 06:00:00,CISO,California Independent System Operator,Demand,25731.0
2023-01-28 07:00:00,CISO,California Independent System Operator,Demand,25450.0
2023-01-28 08:00:00,CISO,California Independent System Operator,Demand,24286.0
2023-01-28 09:00:00,CISO,California Independent System Operator,Demand,22931.0
2023-01-28 10:00:00,CISO,California Independent System Operator,Demand,22123.0
2023-01-28 11:00:00,CISO,California Independent System Operator,Demand,21362.0
2023-01-28 12:00:00,CISO,California Independent System Operator,Demand,20905.0
2023-01-28 13:00:00,CISO,California Independent System Operator,Demand,20735.0
2023-01-28 14:00:00,CISO,California Independent System Operator,Demand,21063.0
2023-01-28 15:00:00,CISO,California Independent System Operator,Demand,21971.0
2023-01-28 16:00:00,CISO,California Independent System Operator,Demand,23042.0
2023-01-28 17:00:00,CISO,California Independent System Operator,Demand,23070.0
2023-01-28 18:00:00,CISO,California Independent System Operator,Demand,22372.0
2023-01-28 19:00:00,CISO,California Independent System Operator,Demand,21684.0
2023-01-28 20:00:00,CISO,California Independent System Operator,Demand,21356.0
2023-01-28 21:00:00,CISO,California Independent System Operator,Demand,20065.0
2023-01-28 22:00:00,CISO,California Independent System Operator,Demand,19020.0
2023-01-28 23:00:00,CISO,California Independent System Operator,Demand,18719.0
2023-01-29 00:00:00,CISO,California Independent System Operator,Demand,19015.0
2023-01-29 01:00:00,CISO,California Independent System Operator,Demand,20068.0
2023-01-29 02:00:00,CISO,California Independent System Operator,Demand,21827.0
2023-01-29 03:00:00,CISO,California Independent System Operator,Demand,24369.0
2023-01-29 04:00:00,CISO,California Independent System Operator,Demand,25283.0
2023-01-29 05:00:00,CISO,California Independent System Operator,Demand,25032.0
2023-01-29 06:00:00,CISO,California Independent System Operator,Demand,24555.0
2023-01-29 07:00:00,CISO,California Independent System Operator,Demand,24038.0
2023-01-29 08:00:00,CISO,California Independent System Operator,Demand,23356.0
2023-01-29 09:00:00,CISO,California Independent System Operator,Demand,22217.0
2023-01-29 10:00:00,CISO,California Independent System Operator,Demand,21437.0
2023-01-29 11:00:00,CISO,California Independent System Operator,Demand,21005.0
2023-01-29 12:00:00,CISO,California Independent System Operator,Demand,20378.0
2023-01-29 13:00:00,CISO,California Independent System Operator,Demand,20105.0
2023-01-29 14:00:00,CISO,California Independent System Operator,Demand,20193.0
2023-01-29 15:00:00,CISO,California Independent System Operator,Demand,20650.0
2023-01-29 16:00:00,CISO,California Independent System Operator,Demand,21360.0
2023-01-29 17:00:00,CISO,California Independent System Operator,Demand,21697.0
2023-01-29 18:00:00,CISO,California Independent System Operator,Demand,22275.0
2023-01-29 19:00:00,CISO,California Independent System Operator,Demand,23472.0
2023-01-29 20:00:00,CISO,California Independent System Operator,Demand,23792.0
2023-01-29 21:00:00,CISO,California Independent System Operator,Demand,23467.0
2023-01-29 22:00:00,CISO,California Independent System Operator,Demand,23384.0
2023-01-29 23:00:00,CISO,California Independent System Operator,Demand,22438.0
2023-01-30 00:00:00,CISO,California Independent System Operator,Demand,22171.0
2023-01-30 01:00:00,CISO,California Independent System Operator,Demand,22754.0
2023-01-30 02:00:00,CISO,California Independent System Operator,Demand,23901.0
2023-01-30 03:00:00,CISO,California Independent System Operator,Demand,26007.0
2023-01-30 04:00:00,CISO,California Independent System Operator,Demand,26686.0
2023-01-30 05:00:00,CISO,California Independent System Operator,Demand,26495.0
2023-01-30 06:00:00,CISO,California Independent System Operator,Demand,25837.0
2023-01-30 07:00:00,CISO,California Independent System Operator,Demand,24982.0
2023-01-30 08:00:00,CISO,California Independent System Operator,Demand,23489.0
2023-01-30 09:00:00,CISO,California Independent System Operator,Demand,22335.0
2023-01-30 10:00:00,CISO,California Independent System Operator,Demand,21795.0
2023-01-30 11:00:00,CISO,California Independent System Operator,Demand,21552.0
2023-01-30 12:00:00,CISO,California Independent System Operator,Demand,21133.0
2023-01-30 13:00:00,CISO,California Independent System Operator,Demand,21104.0
2023-01-30 14:00:00,CISO,California Independent System Operator,Demand,21475.0
2023-01-30 15:00:00,CISO,California Independent System Operator,Demand,22759.0
2023-01-30 16:00:00,CISO,California Independent System Operator,Demand,25253.0
2023-01-30 17:00:00,CISO,California Independent System Operator,Demand,26760.0
2023-01-30 18:00:00,CISO,California Independent System Operator,Demand,26446.0
2023-01-30 19:00:00,CISO,California Independent System Operator,Demand,25129.0
2023-01-30 20:00:00,CISO,California Independent System Operator,Demand,24758.0
2023-01-30 21:00:00,CISO,California Independent System Operator,Demand,24578.0
2023-01-30 22:00:00,CISO,California Independent System Operator,Demand,24992.0
2023-01-30 23:00:00,CISO,California Independent System Operator,Demand,25017.0
2023-01-31 00:00:00,CISO,California Independent System Operator,Demand,24343.0
2023-01-31 01:00:00,CISO,California Independent System Operator,Demand,24955.0
2023-01-31 02:00:00,CISO,California Independent System Operator,Demand,26039.0
2023-01-31 03:00:00,CISO,California Independent System Operator,Demand,27924.0
2023-01-31 04:00:00,CISO,California Independent System Operator,Demand,28781.0
2023-01-31 05:00:00,CISO,California Independent System Operator,Demand,28202.0
2023-01-31 06:00:00,CISO,California Independent System Operator,Demand,27526.0
2023-01-31 07:00:00,CISO,California Independent System Operator,Demand,26530.0
2023-01-31 08:00:00,CISO,California Independent System Operator,Demand,25109.0
2023-01-31 09:00:00,CISO,California Independent System Operator,Demand,23663.0
2023-01-31 10:00:00,CISO,California Independent System Operator,Demand,23108.0
2023-01-31 11:00:00,CISO,California Independent System Operator,Demand,23242.0
2023-01-31 12:00:00,CISO,California Independent System Operator,Demand,22787.0
2023-01-31 13:00:00,CISO,California Independent System Operator,Demand,22821.0
2023-01-31 14:00:00,CISO,California Independent System Operator,Demand,22777.0
2023-01-31 15:00:00,CISO,California Independent System Operator,Demand,24189.0
2023-01-31 16:00:00,CISO,California Independent System Operator,Demand,26450.0
2023-01-31 17:00:00,CISO,California Independent System Operator,Demand,27535.0
2023-01-31 18:00:00,CISO,California Independent System Operator,Demand,26157.0
2023-01-31 19:00:00,CISO,California Independent System Operator,Demand,24422.0
2023-01-31 20:00:00,CISO,California Independent System Operator,Demand,23255.0
2023-01-31 21:00:00,CISO,California Independent System Operator,Demand,22353.0
2023-01-31 22:00:00,CISO,California Independent System Operator,Demand,22414.0
2023-01-31 23:00:00,CISO,California Independent System Operator,Demand,22191.0
2023-02-01 00:00:00,CISO,California Independent System Operator,Demand,22323.0
2023-02-01 01:00:00,CISO,California Independent System Operator,Demand,22773.0
2023-02-01 02:00:00,CISO,California Independent System Operator,Demand,24198.0
2023-02-01 03:00:00,CISO,California Independent System Operator,Demand,26891.0
2023-02-01 04:00:00,CISO,California Independent System Operator,Demand,27995.0
2023-02-01 05:00:00,CISO,California Independent System Operator,Demand,27798.0
2023-02-01 06:00:00,CISO,California Independent System Operator,Demand,27341.0
2023-02-01 07:00:00,CISO,California Independent System Operator,Demand,26597.0
2023-02-01 08:00:00,CISO,California Independent System Operator,Demand,25094.0
2023-02-01 09:00:00,CISO,California Independent System Operator,Demand,23680.0
2023-02-01 10:00:00,CISO,California Independent System Operator,Demand,23124.0
2023-02-01 11:00:00,CISO,California Independent System Operator,Demand,23218.0
2023-02-01 12:00:00,CISO,California Independent System Operator,Demand,22742.0
2023-02-01 13:00:00,CISO,California Independent System Operator,Demand,22420.0
2023-02-01 14:00:00,CISO,California Independent System Operator,Demand,22727.0
2023-02-01 15:00:00,CISO,California Independent System Operator,Demand,24159.0
2023-02-01 16:00:00,CISO,California Independent System Operator,Demand,26476.0
2023-02-01 17:00:00,CISO,California Independent System Operator,Demand,27416.0
2023-02-01 18:00:00,CISO,California Independent System Operator,Demand,25815.0
2023-02-01 19:00:00,CISO,California Independent System Operator,Demand,23987.0
2023-02-01 20:00:00,CISO,California Independent System Operator,Demand,23060.0
2023-02-01 21:00:00,CISO,California Independent System Operator,Demand,22369.0
2023-02-01 22:00:00,CISO,California Independent System Operator,Demand,21612.0
2023-02-01 23:00:00,CISO,California Independent System Operator,Demand,21193.0
2023-02-02 00:00:00,CISO,California Independent System Operator,Demand,21661.0
2023-02-02 01:00:00,CISO,California Independent System Operator,Demand,21976.0
2023-02-02 02:00:00,CISO,California Independent System Operator,Demand,24127.0
2023-02-02 03:00:00,CISO,California Independent System Operator,Demand,26823.0
2023-02-02 04:00:00,CISO,California Independent System Operator,Demand,27824.0
2023-02-02 05:00:00,CISO,California Independent System Operator,Demand,27549.0
2023-02-02 06:00:00,CISO,California Independent System Operator,Demand,27071.0
2023-02-02 07:00:00,CISO,California Independent System Operator,Demand,26354.0
2023-02-02 08:00:00,CISO,California Independent System Operator,Demand,24770.0
2023-02-02 09:00:00,CISO,California Independent System Operator,Demand,23447.0
2023-02-02 10:00:00,CISO,California Independent System Operator,Demand,23093.0
2023-02-02 11:00:00,CISO,California Independent System Operator,Demand,22656.0
2023-02-02 12:00:00,CISO,California Independent System Operator,Demand,22444.0
2023-02-02 13:00:00,CISO,California Independent System Operator,Demand,22079.0
2023-02-02 14:00:00,CISO,California Independent System Operator,Demand,22415.0
2023-02-02 15:00:00,CISO,California Independent System Operator,Demand,24042.0
2023-02-02 16:00:00,CISO,California Independent System Operator,Demand,26249.0
2023-02-02 17:00:00,CISO,California Independent System Operator,Demand,27176.0
2023-02-02 18:00:00,CISO,California Independent System Operator,Demand,26309.0
2023-02-02 19:00:00,CISO,California Independent System Operator,Demand,25273.0
2023-02-02 20:00:00,CISO,California Independent System Operator,Demand,24319.0
2023-02-02 21:00:00,CISO,California Independent System Operator,Demand,23087.0
2023-02-02 22:00:00,CISO,California Independent System Operator,Demand,22274.0
2023-02-02 23:00:00,CISO,California Independent System Operator,Demand,22448.0
2023-02-03 00:00:00,CISO,California Independent System Operator,Demand,22489.0
2023-02-03 01:00:00,CISO,California Independent System Operator,Demand,23258.0
2023-02-03 02:00:00,CISO,California Independent System Operator,Demand,24510.0
2023-02-03 03:00:00,CISO,California Independent System Operator,Demand,26853.0
2023-02-03 04:00:00,CISO,California Independent System Operator,Demand,27522.0
2023-02-03 05:00:00,CISO,California Independent System Operator,Demand,27272.0
2023-02-03 06:00:00,CISO,California Independent System Operator,Demand,26541.0
2023-02-03 07:00:00,CISO,California Independent System Operator,Demand,25603.0
2023-02-03 08:00:00,CISO,California Independent System Operator,Demand,24064.0
2023-02-03 09:00:00,CISO,California Independent System Operator,Demand,22844.0
2023-02-03 10:00:00,CISO,California Independent System Operator,Demand,22341.0
2023-02-03 11:00:00,CISO,California Independent System Operator,Demand,21736.0
2023-02-03 12:00:00,CISO,California Independent System Operator,Demand,21386.0
2023-02-03 13:00:00,CISO,California Independent System Operator,Demand,21201.0
2023-02-03 14:00:00,CISO,California Independent System Operator,Demand,21483.0
2023-02-03 15:00:00,CISO,California Independent System Operator,Demand,22842.0
2023-02-03 16:00:00,CISO,California Independent System Operator,Demand,25220.0
2023-02-03 17:00:00,CISO,California Independent System Operator,Demand,26293.0
2023-02-03 18:00:00,CISO,California Independent System Operator,Demand,26045.0
2023-02-03 19:00:00,CISO,California Independent System Operator,Demand,25628.0
2023-02-03 20:00:00,CISO,California Independent System Operator,Demand,25449.0
2023-02-03 21:00:00,CISO,California Independent System Operator,Demand,24537.0
2023-02-03 22:00:00,CISO,California Independent System Operator,Demand,24178.0
2023-02-03 23:00:00,CISO,California Independent System Operator,Demand,23907.0
2023-02-04 00:00:00,CISO,California Independent System Operator,Demand,23887.0
2023-02-04 01:00:00,CISO,California Independent System Operator,Demand,23859.0
2023-02-04 02:00:00,CISO,California Independent System Operator,Demand,24262.0
2023-02-04 03:00:00,CISO,California Independent System Operator,Demand,25963.0
2023-02-04 04:00:00,CISO,California Independent System Operator,Demand,26556.0
2023-02-04 05:00:00,CISO,California Independent System Operator,Demand,26002.0
2023-02-04 06:00:00,CISO,California Independent System Operator,Demand,25485.0
2023-02-04 07:00:00,CISO,California Independent System Operator,Demand,24902.0
2023-02-04 08:00:00,CISO,California Independent System Operator,Demand,24033.0
2023-02-04 09:00:00,CISO,California Independent System Operator,Demand,23045.0
2023-02-04 10:00:00,CISO,California Independent System Operator,Demand,22483.0
2023-02-04 11:00:00,CISO,California Independent System Operator,Demand,21728.0
2023-02-04 12:00:00,CISO,California Independent System Operator,Demand,21241.0
2023-02-04 13:00:00,CISO,California Independent System Operator,Demand,20937.0
2023-02-04 14:00:00,CISO,California Independent System Operator,Demand,21065.0
2023-02-04 15:00:00,CISO,California Independent System Operator,Demand,21647.0
2023-02-04 16:00:00,CISO,California Independent System Operator,Demand,22504.0
2023-02-04 17:00:00,CISO,California Independent System Operator,Demand,22130.0
2023-02-04 18:00:00,CISO,California Independent System Operator,Demand,21817.0
2023-02-04 19:00:00,CISO,California Independent System Operator,Demand,21116.0
2023-02-04 20:00:00,CISO,California Independent System Operator,Demand,20281.0
2023-02-04 21:00:00,CISO,California Independent System Operator,Demand,19172.0
2023-02-04 22:00:00,CISO,California Independent System Operator,Demand,19473.0
2023-02-04 23:00:00,CISO,California Independent System Operator,Demand,19277.0
2023-02-05 00:00:00,CISO,California Independent System Operator,Demand,20183.0
2023-02-05 01:00:00,CISO,California Independent System Operator,Demand,21253.0
2023-02-05 02:00:00,CISO,California Independent System Operator,Demand,22253.0
2023-02-05 03:00:00,CISO,California Independent System Operator,Demand,24048.0
2023-02-05 04:00:00,CISO,California Independent System Operator,Demand,24677.0
2023-02-05 05:00:00,CISO,California Independent System Operator,Demand,24458.0
2023-02-05 06:00:00,CISO,California Independent System Operator,Demand,23852.0
2023-02-05 07:00:00,CISO,California Independent System Operator,Demand,23312.0
2023-02-05 08:00:00,CISO,California Independent System Operator,Demand,22512.0
2023-02-05 09:00:00,CISO,California Independent System Operator,Demand,21672.0
2023-02-05 10:00:00,CISO,California Independent System Operator,Demand,21104.0
2023-02-05 11:00:00,CISO,California Independent System Operator,Demand,20717.0
2023-02-05 12:00:00,CISO,California Independent System Operator,Demand,20196.0
2023-02-05 13:00:00,CISO,California Independent System Operator,Demand,19979.0
2023-02-05 14:00:00,CISO,California Independent System Operator,Demand,19937.0
2023-02-05 15:00:00,CISO,California Independent System Operator,Demand,20279.0
2023-02-05 16:00:00,CISO,California Independent System Operator,Demand,20991.0
2023-02-05 17:00:00,CISO,California Independent System Operator,Demand,21169.0
2023-02-05 18:00:00,CISO,California Independent System Operator,Demand,21510.0
2023-02-05 19:00:00,CISO,California Independent System Operator,Demand,20834.0
2023-02-05 20:00:00,CISO,California Independent System Operator,Demand,20172.0
2023-02-05 21:00:00,CISO,California Independent System Operator,Demand,20102.0
2023-02-05 22:00:00,CISO,California Independent System Operator,Demand,19476.0
2023-02-05 23:00:00,CISO,California Independent System Operator,Demand,19098.0
2023-02-06 00:00:00,CISO,California Independent System Operator,Demand,19267.0
2023-02-06 01:00:00,CISO,California Independent System Operator,Demand,20190.0
2023-02-06 02:00:00,CISO,California Independent System Operator,Demand,21759.0
2023-02-06 03:00:00,CISO,California Independent System Operator,Demand,24311.0
2023-02-06 04:00:00,CISO,California Independent System Operator,Demand,25552.0
2023-02-06 05:00:00,CISO,California Independent System Operator,Demand,25445.0
2023-02-06 06:00:00,CISO,California Independent System Operator,Demand,24976.0
2023-02-06 07:00:00,CISO,California Independent System Operator,Demand,24494.0
2023-02-06 08:00:00,CISO,California Independent System Operator,Demand,23783.0
2023-02-06 09:00:00,CISO,California Independent System Operator,Demand,22738.0
2023-02-06 10:00:00,CISO,California Independent System Operator,Demand,22121.0
2023-02-06 11:00:00,CISO,California Independent System Operator,Demand,21503.0
2023-02-06 12:00:00,CISO,California Independent System Operator,Demand,21135.0
2023-02-06 13:00:00,CISO,California Independent System Operator,Demand,21114.0
2023-02-06 14:00:00,CISO,California Independent System Operator,Demand,21339.0
2023-02-06 15:00:00,CISO,California Independent System Operator,Demand,22396.0
2023-02-06 16:00:00,CISO,California Independent System Operator,Demand,24791.0
2023-02-06 17:00:00,CISO,California Independent System Operator,Demand,25964.0
2023-02-06 18:00:00,CISO,California Independent System Operator,Demand,25000.0
2023-02-06 19:00:00,CISO,California Independent System Operator,Demand,23664.0
2023-02-06 20:00:00,CISO,California Independent System Operator,Demand,23057.0
2023-02-06 21:00:00,CISO,California Independent System Operator,Demand,22437.0
2023-02-06 22:00:00,CISO,California Independent System Operator,Demand,21462.0
2023-02-06 23:00:00,CISO,California Independent System Operator,Demand,20632.0
2023-02-07 00:00:00,CISO,California Independent System Operator,Demand,20455.0
2023-02-07 01:00:00,CISO,California Independent System Operator,Demand,21578.0
2023-02-07 02:00:00,CISO,California Independent System Operator,Demand,23283.0
2023-02-07 03:00:00,CISO,California Independent System Operator,Demand,26149.0
2023-02-07 04:00:00,CISO,California Independent System Operator,Demand,27414.0
2023-02-07 05:00:00,CISO,California Independent System Operator,Demand,26989.0
2023-02-07 06:00:00,CISO,California Independent System Operator,Demand,26537.0
2023-02-07 07:00:00,CISO,California Independent System Operator,Demand,25778.0
2023-02-07 08:00:00,CISO,California Independent System Operator,Demand,24111.0
2023-02-07 09:00:00,CISO,California Independent System Operator,Demand,23133.0
2023-02-07 10:00:00,CISO,California Independent System Operator,Demand,22178.0
2023-02-07 11:00:00,CISO,California Independent System Operator,Demand,21600.0
2023-02-07 12:00:00,CISO,California Independent System Operator,Demand,21479.0
2023-02-07 13:00:00,CISO,California Independent System Operator,Demand,21413.0
2023-02-07 14:00:00,CISO,California Independent System Operator,Demand,21845.0
2023-02-07 15:00:00,CISO,California Independent System Operator,Demand,23184.0
2023-02-07 16:00:00,CISO,California Independent System Operator,Demand,25488.0
2023-02-07 17:00:00,CISO,California Independent System Operator,Demand,26308.0
2023-02-07 18:00:00,CISO,California Independent System Operator,Demand,24778.0
2023-02-07 19:00:00,CISO,California Independent System Operator,Demand,23066.0
2023-02-07 20:00:00,CISO,California Independent System Operator,Demand,22585.0
2023-02-07 21:00:00,CISO,California Independent System Operator,Demand,21575.0
2023-02-07 22:00:00,CISO,California Independent System Operator,Demand,21034.0
2023-02-07 23:00:00,CISO,California Independent System Operator,Demand,21078.0
2023-02-08 00:00:00,CISO,California Independent System Operator,Demand,20998.0
2023-02-08 01:00:00,CISO,California Independent System Operator,Demand,21724.0
2023-02-08 02:00:00,CISO,California Independent System Operator,Demand,23264.0
2023-02-08 03:00:00,CISO,California Independent System Operator,Demand,25817.0
2023-02-08 04:00:00,CISO,California Independent System Operator,Demand,26931.0
2023-02-08 05:00:00,CISO,California Independent System Operator,Demand,26724.0
2023-02-08 06:00:00,CISO,California Independent System Operator,Demand,26139.0
2023-02-08 07:00:00,CISO,California Independent System Operator,Demand,25327.0
2023-02-08 08:00:00,CISO,California Independent System Operator,Demand,24005.0
2023-02-08 09:00:00,CISO,California Independent System Operator,Demand,22831.0
2023-02-08 10:00:00,CISO,California Independent System Operator,Demand,22049.0
2023-02-08 11:00:00,CISO,California Independent System Operator,Demand,21344.0
2023-02-08 12:00:00,CISO,California Independent System Operator,Demand,20957.0
2023-02-08 13:00:00,CISO,California Independent System Operator,Demand,20900.0
2023-02-08 14:00:00,CISO,California Independent System Operator,Demand,21486.0
2023-02-08 15:00:00,CISO,California Independent System Operator,Demand,22931.0
2023-02-08 16:00:00,CISO,California Independent System Operator,Demand,25264.0
2023-02-08 17:00:00,CISO,California Independent System Operator,Demand,25895.0
2023-02-08 18:00:00,CISO,California Independent System Operator,Demand,24404.0
2023-02-08 19:00:00,CISO,California Independent System Operator,Demand,23299.0
2023-02-08 20:00:00,CISO,California Independent System Operator,Demand,22179.0
2023-02-08 21:00:00,CISO,California Independent System Operator,Demand,21174.0
2023-02-08 22:00:00,CISO,California Independent System Operator,Demand,20713.0
2023-02-08 23:00:00,CISO,California Independent System Operator,Demand,20610.0
2023-02-09 00:00:00,CISO,California Independent System Operator,Demand,20624.0
2023-02-09 01:00:00,CISO,California Independent System Operator,Demand,21618.0
2023-02-09 02:00:00,CISO,California Independent System Operator,Demand,23006.0
2023-02-09 03:00:00,CISO,California Independent System Operator,Demand,25550.0
2023-02-09 04:00:00,CISO,California Independent System Operator,Demand,26708.0
2023-02-09 05:00:00,CISO,California Independent System Operator,Demand,26344.0
2023-02-09 06:00:00,CISO,California Independent System Operator,Demand,25700.0
2023-02-09 07:00:00,CISO,California Independent System Operator,Demand,25007.0
2023-02-09 08:00:00,CISO,California Independent System Operator,Demand,23647.0
2023-02-09 09:00:00,CISO,California Independent System Operator,Demand,22249.0
2023-02-09 10:00:00,CISO,California Independent System Operator,Demand,22014.0
2023-02-09 11:00:00,CISO,California Independent System Operator,Demand,21193.0
2023-02-09 12:00:00,CISO,California Independent System Operator,Demand,20575.0
2023-02-09 13:00:00,CISO,California Independent System Operator,Demand,20468.0
2023-02-09 14:00:00,CISO,California Independent System Operator,Demand,21258.0
2023-02-09 15:00:00,CISO,California Independent System Operator,Demand,22737.0
2023-02-09 16:00:00,CISO,California Independent System Operator,Demand,24913.0
2023-02-09 17:00:00,CISO,California Independent System Operator,Demand,25583.0
2023-02-09 18:00:00,CISO,California Independent System Operator,Demand,23935.0
2023-02-09 19:00:00,CISO,California Independent System Operator,Demand,22449.0
2023-02-09 20:00:00,CISO,California Independent System Operator,Demand,21769.0
2023-02-09 21:00:00,CISO,California Independent System Operator,Demand,21371.0
2023-02-09 22:00:00,CISO,California Independent System Operator,Demand,20839.0
2023-02-09 23:00:00,CISO,California Independent System Operator,Demand,21246.0
2023-02-10 00:00:00,CISO,California Independent System Operator,Demand,21468.0
2023-02-10 01:00:00,CISO,California Independent System Operator,Demand,21977.0
2023-02-10 02:00:00,CISO,California Independent System Operator,Demand,23338.0
2023-02-10 03:00:00,CISO,California Independent System Operator,Demand,25599.0
2023-02-10 04:00:00,CISO,California Independent System Operator,Demand,26558.0
2023-02-10 05:00:00,CISO,California Independent System Operator,Demand,26025.0
2023-02-10 06:00:00,CISO,California Independent System Operator,Demand,25438.0
2023-02-10 07:00:00,CISO,California Independent System Operator,Demand,24723.0
2023-02-10 08:00:00,CISO,California Independent System Operator,Demand,23295.0
2023-02-10 09:00:00,CISO,California Independent System Operator,Demand,22017.0
2023-02-10 10:00:00,CISO,California Independent System Operator,Demand,21556.0
2023-02-10 11:00:00,CISO,California Independent System Operator,Demand,20823.0
2023-02-10 12:00:00,CISO,California Independent System Operator,Demand,20404.0
2023-02-10 13:00:00,CISO,California Independent System Operator,Demand,20349.0
2023-02-10 14:00:00,CISO,California Independent System Operator,Demand,20743.0
2023-02-10 15:00:00,CISO,California Independent System Operator,Demand,22259.0
2023-02-10 16:00:00,CISO,California Independent System Operator,Demand,24246.0
2023-02-10 17:00:00,CISO,California Independent System Operator,Demand,24853.0
2023-02-10 18:00:00,CISO,California Independent System Operator,Demand,23694.0
2023-02-10 19:00:00,CISO,California Independent System Operator,Demand,22491.0
2023-02-10 20:00:00,CISO,California Independent System Operator,Demand,22490.0
2023-02-10 21:00:00,CISO,California Independent System Operator,Demand,21705.0
2023-02-10 22:00:00,CISO,California Independent System Operator,Demand,21233.0
2023-02-10 23:00:00,CISO,California Independent System Operator,Demand,21258.0
2023-02-11 00:00:00,CISO,California Independent System Operator,Demand,21596.0
2023-02-11 01:00:00,CISO,California Independent System Operator,Demand,21652.0
2023-02-11 02:00:00,CISO,California Independent System Operator,Demand,23305.0
2023-02-11 03:00:00,CISO,California Independent System Operator,Demand,25316.0
2023-02-11 04:00:00,CISO,California Independent System Operator,Demand,26083.0
2023-02-11 05:00:00,CISO,California Independent System Operator,Demand,25566.0
2023-02-11 06:00:00,CISO,California Independent System Operator,Demand,25050.0
2023-02-11 07:00:00,CISO,California Independent System Operator,Demand,24343.0
2023-02-11 08:00:00,CISO,California Independent System Operator,Demand,23423.0
2023-02-11 09:00:00,CISO,California Independent System Operator,Demand,22233.0
2023-02-11 10:00:00,CISO,California Independent System Operator,Demand,21468.0
2023-02-11 11:00:00,CISO,California Independent System Operator,Demand,20823.0
2023-02-11 12:00:00,CISO,California Independent System Operator,Demand,20199.0
2023-02-11 13:00:00,CISO,California Independent System Operator,Demand,19819.0
2023-02-11 14:00:00,CISO,California Independent System Operator,Demand,19936.0
2023-02-11 15:00:00,CISO,California Independent System Operator,Demand,20447.0
2023-02-11 16:00:00,CISO,California Independent System Operator,Demand,21454.0
2023-02-11 17:00:00,CISO,California Independent System Operator,Demand,21655.0
2023-02-11 18:00:00,CISO,California Independent System Operator,Demand,20826.0
2023-02-11 19:00:00,CISO,California Independent System Operator,Demand,20272.0
2023-02-11 20:00:00,CISO,California Independent System Operator,Demand,20282.0
2023-02-11 21:00:00,CISO,California Independent System Operator,Demand,20118.0
2023-02-11 22:00:00,CISO,California Independent System Operator,Demand,19970.0
2023-02-11 23:00:00,CISO,California Independent System Operator,Demand,19415.0
2023-02-12 00:00:00,CISO,California Independent System Operator,Demand,19332.0
2023-02-12 01:00:00,CISO,California Independent System Operator,Demand,19808.0
2023-02-12 02:00:00,CISO,California Independent System Operator,Demand,21165.0
2023-02-12 03:00:00,CISO,California Independent System Operator,Demand,23698.0
2023-02-12 04:00:00,CISO,California Independent System Operator,Demand,24989.0
2023-02-12 05:00:00,CISO,California Independent System Operator,Demand,24676.0
2023-02-12 06:00:00,CISO,California Independent System Operator,Demand,24320.0
2023-02-12 07:00:00,CISO,California Independent System Operator,Demand,23880.0
2023-02-12 08:00:00,CISO,California Independent System Operator,Demand,23120.0
2023-02-12 09:00:00,CISO,California Independent System Operator,Demand,22337.0
2023-02-12 10:00:00,CISO,California Independent System Operator,Demand,21440.0
2023-02-12 11:00:00,CISO,California Independent System Operator,Demand,20915.0
2023-02-12 12:00:00,CISO,California Independent System Operator,Demand,20261.0
2023-02-12 13:00:00,CISO,California Independent System Operator,Demand,19897.0
2023-02-12 14:00:00,CISO,California Independent System Operator,Demand,20030.0
2023-02-12 15:00:00,CISO,California Independent System Operator,Demand,20472.0
2023-02-12 16:00:00,CISO,California Independent System Operator,Demand,21251.0
2023-02-12 17:00:00,CISO,California Independent System Operator,Demand,21202.0
2023-02-12 18:00:00,CISO,California Independent System Operator,Demand,19773.0
2023-02-12 19:00:00,CISO,California Independent System Operator,Demand,18519.0
2023-02-12 20:00:00,CISO,California Independent System Operator,Demand,17841.0
2023-02-12 21:00:00,CISO,California Independent System Operator,Demand,17805.0
2023-02-12 22:00:00,CISO,California Independent System Operator,Demand,17384.0
2023-02-12 23:00:00,CISO,California Independent System Operator,Demand,17821.0
2023-02-13 00:00:00,CISO,California Independent System Operator,Demand,18534.0
2023-02-13 01:00:00,CISO,California Independent System Operator,Demand,19376.0
2023-02-13 02:00:00,CISO,California Independent System Operator,Demand,20725.0
2023-02-13 03:00:00,CISO,California Independent System Operator,Demand,23237.0
2023-02-13 04:00:00,CISO,California Independent System Operator,Demand,24457.0
2023-02-13 05:00:00,CISO,California Independent System Operator,Demand,24168.0
2023-02-13 06:00:00,CISO,California Independent System Operator,Demand,24107.0
2023-02-13 07:00:00,CISO,California Independent System Operator,Demand,23649.0
2023-02-13 08:00:00,CISO,California Independent System Operator,Demand,22533.0
2023-02-13 09:00:00,CISO,California Independent System Operator,Demand,21734.0
2023-02-13 10:00:00,CISO,California Independent System Operator,Demand,21449.0
2023-02-13 11:00:00,CISO,California Independent System Operator,Demand,20441.0
2023-02-13 12:00:00,CISO,California Independent System Operator,Demand,20156.0
2023-02-13 13:00:00,CISO,California Independent System Operator,Demand,19981.0
2023-02-13 14:00:00,CISO,California Independent System Operator,Demand,20689.0
2023-02-13 15:00:00,CISO,California Independent System Operator,Demand,22031.0
2023-02-13 16:00:00,CISO,California Independent System Operator,Demand,24274.0
2023-02-13 17:00:00,CISO,California Independent System Operator,Demand,24943.0
2023-02-13 18:00:00,CISO,California Independent System Operator,Demand,23502.0
2023-02-13 19:00:00,CISO,California Independent System Operator,Demand,21809.0
2023-02-13 20:00:00,CISO,California Independent System Operator,Demand,21243.0
2023-02-13 21:00:00,CISO,California Independent System Operator,Demand,20560.0
2023-02-13 22:00:00,CISO,California Independent System Operator,Demand,20491.0
2023-02-13 23:00:00,CISO,California Independent System Operator,Demand,20610.0
2023-02-14 00:00:00,CISO,California Independent System Operator,Demand,21082.0
2023-02-14 01:00:00,CISO,California Independent System Operator,Demand,21412.0
2023-02-14 02:00:00,CISO,California Independent System Operator,Demand,22914.0
2023-02-14 03:00:00,CISO,California Independent System Operator,Demand,25779.0
2023-02-14 04:00:00,CISO,California Independent System Operator,Demand,27039.0
2023-02-14 05:00:00,CISO,California Independent System Operator,Demand,26727.0
2023-02-14 06:00:00,CISO,California Independent System Operator,Demand,26119.0
2023-02-14 07:00:00,CISO,California Independent System Operator,Demand,25285.0
2023-02-14 08:00:00,CISO,California Independent System Operator,Demand,23863.0
2023-02-14 09:00:00,CISO,California Independent System Operator,Demand,22281.0
2023-02-14 10:00:00,CISO,California Independent System Operator,Demand,21435.0
2023-02-14 11:00:00,CISO,California Independent System Operator,Demand,20795.0
2023-02-14 12:00:00,CISO,California Independent System Operator,Demand,20587.0
2023-02-14 13:00:00,CISO,California Independent System Operator,Demand,20684.0
2023-02-14 14:00:00,CISO,California Independent System Operator,Demand,20939.0
2023-02-14 15:00:00,CISO,California Independent System Operator,Demand,22584.0
2023-02-14 16:00:00,CISO,California Independent System Operator,Demand,24996.0
2023-02-14 17:00:00,CISO,California Independent System Operator,Demand,25979.0
2023-02-14 18:00:00,CISO,California Independent System Operator,Demand,25038.0
2023-02-14 19:00:00,CISO,California Independent System Operator,Demand,23679.0
2023-02-14 20:00:00,CISO,California Independent System Operator,Demand,22536.0
2023-02-14 21:00:00,CISO,California Independent System Operator,Demand,21728.0
2023-02-14 22:00:00,CISO,California Independent System Operator,Demand,21817.0
2023-02-14 23:00:00,CISO,California Independent System Operator,Demand,22206.0
2023-02-15 00:00:00,CISO,California Independent System Operator,Demand,22471.0
2023-02-15 01:00:00,CISO,California Independent System Operator,Demand,23644.0
2023-02-15 02:00:00,CISO,California Independent System Operator,Demand,25072.0
2023-02-15 03:00:00,CISO,California Independent System Operator,Demand,27076.0
2023-02-15 04:00:00,CISO,California Independent System Operator,Demand,28364.0
2023-02-15 05:00:00,CISO,California Independent System Operator,Demand,28164.0
2023-02-15 06:00:00,CISO,California Independent System Operator,Demand,27746.0
2023-02-15 07:00:00,CISO,California Independent System Operator,Demand,26909.0
2023-02-15 08:00:00,CISO,California Independent System Operator,Demand,25379.0
2023-02-15 09:00:00,CISO,California Independent System Operator,Demand,23830.0
2023-02-15 10:00:00,CISO,California Independent System Operator,Demand,23120.0
2023-02-15 11:00:00,CISO,California Independent System Operator,Demand,22583.0
2023-02-15 12:00:00,CISO,California Independent System Operator,Demand,21969.0
2023-02-15 13:00:00,CISO,California Independent System Operator,Demand,21802.0
2023-02-15 14:00:00,CISO,California Independent System Operator,Demand,22464.0
2023-02-15 15:00:00,CISO,California Independent System Operator,Demand,24209.0
2023-02-15 16:00:00,CISO,California Independent System Operator,Demand,26651.0
2023-02-15 17:00:00,CISO,California Independent System Operator,Demand,27105.0
2023-02-15 18:00:00,CISO,California Independent System Operator,Demand,25367.0
2023-02-15 19:00:00,CISO,California Independent System Operator,Demand,23430.0
2023-02-15 20:00:00,CISO,California Independent System Operator,Demand,22168.0
2023-02-15 21:00:00,CISO,California Independent System Operator,Demand,21549.0
2023-02-15 22:00:00,CISO,California Independent System Operator,Demand,20805.0
2023-02-15 23:00:00,CISO,California Independent System Operator,Demand,20474.0
2023-02-16 00:00:00,CISO,California Independent System Operator,Demand,20970.0
2023-02-16 01:00:00,CISO,California Independent System Operator,Demand,21268.0
2023-02-16 02:00:00,CISO,California Independent System Operator,Demand,23341.0
2023-02-16 03:00:00,CISO,California Independent System Operator,Demand,26479.0
2023-02-16 04:00:00,CISO,California Independent System Operator,Demand,28220.0
2023-02-16 05:00:00,CISO,California Independent System Operator,Demand,28138.0
2023-02-16 06:00:00,CISO,California Independent System Operator,Demand,27579.0
2023-02-16 07:00:00,CISO,California Independent System Operator,Demand,26864.0
2023-02-16 08:00:00,CISO,California Independent System Operator,Demand,25518.0
2023-02-16 09:00:00,CISO,California Independent System Operator,Demand,24184.0
2023-02-16 10:00:00,CISO,California Independent System Operator,Demand,23295.0
2023-02-16 11:00:00,CISO,California Independent System Operator,Demand,22772.0
2023-02-16 12:00:00,CISO,California Independent System Operator,Demand,22436.0
2023-02-16 13:00:00,CISO,California Independent System Operator,Demand,22548.0
2023-02-16 14:00:00,CISO,California Independent System Operator,Demand,23099.0
2023-02-16 15:00:00,CISO,California Independent System Operator,Demand,24869.0
2023-02-16 16:00:00,CISO,California Independent System Operator,Demand,27209.0
2023-02-16 17:00:00,CISO,California Independent System Operator,Demand,27725.0
2023-02-16 18:00:00,CISO,California Independent System Operator,Demand,26270.0
2023-02-16 19:00:00,CISO,California Independent System Operator,Demand,24603.0
2023-02-16 20:00:00,CISO,California Independent System Operator,Demand,23180.0
2023-02-16 21:00:00,CISO,California Independent System Operator,Demand,22375.0
2023-02-16 22:00:00,CISO,California Independent System Operator,Demand,22359.0
2023-02-16 23:00:00,CISO,California Independent System Operator,Demand,21893.0
2023-02-17 00:00:00,CISO,California Independent System Operator,Demand,21635.0
2023-02-17 01:00:00,CISO,California Independent System Operator,Demand,22166.0
2023-02-17 02:00:00,CISO,California Independent System Operator,Demand,23912.0
2023-02-17 03:00:00,CISO,California Independent System Operator,Demand,26228.0
2023-02-17 04:00:00,CISO,California Independent System Operator,Demand,28165.0
2023-02-17 05:00:00,CISO,California Independent System Operator,Demand,28040.0
2023-02-17 06:00:00,CISO,California Independent System Operator,Demand,27381.0
2023-02-17 07:00:00,CISO,California Independent System Operator,Demand,26544.0
2023-02-17 08:00:00,CISO,California Independent System Operator,Demand,25112.0
2023-02-17 09:00:00,CISO,California Independent System Operator,Demand,23724.0
2023-02-17 10:00:00,CISO,California Independent System Operator,Demand,23119.0
2023-02-17 11:00:00,CISO,California Independent System Operator,Demand,22382.0
2023-02-17 12:00:00,CISO,California Independent System Operator,Demand,22131.0
2023-02-17 13:00:00,CISO,California Independent System Operator,Demand,21865.0
2023-02-17 14:00:00,CISO,California Independent System Operator,Demand,22152.0
2023-02-17 15:00:00,CISO,California Independent System Operator,Demand,23731.0
2023-02-17 16:00:00,CISO,California Independent System Operator,Demand,25904.0
2023-02-17 17:00:00,CISO,California Independent System Operator,Demand,26473.0
2023-02-17 18:00:00,CISO,California Independent System Operator,Demand,25188.0
2023-02-17 19:00:00,CISO,California Independent System Operator,Demand,23389.0
2023-02-17 20:00:00,CISO,California Independent System Operator,Demand,21928.0
2023-02-17 21:00:00,CISO,California Independent System Operator,Demand,21142.0
2023-02-17 22:00:00,CISO,California Independent System Operator,Demand,20440.0
2023-02-17 23:00:00,CISO,California Independent System Operator,Demand,20339.0
2023-02-18 00:00:00,CISO,California Independent System Operator,Demand,20353.0
2023-02-18 01:00:00,CISO,California Independent System Operator,Demand,20478.0
2023-02-18 02:00:00,CISO,California Independent System Operator,Demand,22730.0
2023-02-18 03:00:00,CISO,California Independent System Operator,Demand,25314.0
2023-02-18 04:00:00,CISO,California Independent System Operator,Demand,26544.0
2023-02-18 05:00:00,CISO,California Independent System Operator,Demand,26232.0
2023-02-18 06:00:00,CISO,California Independent System Operator,Demand,25996.0
2023-02-18 07:00:00,CISO,California Independent System Operator,Demand,25495.0
2023-02-18 08:00:00,CISO,California Independent System Operator,Demand,24436.0
2023-02-18 09:00:00,CISO,California Independent System Operator,Demand,23265.0
2023-02-18 10:00:00,CISO,California Independent System Operator,Demand,22520.0
2023-02-18 11:00:00,CISO,California Independent System Operator,Demand,21597.0
2023-02-18 12:00:00,CISO,California Independent System Operator,Demand,21202.0
2023-02-18 13:00:00,CISO,California Independent System Operator,Demand,21234.0
2023-02-18 14:00:00,CISO,California Independent System Operator,Demand,21172.0
2023-02-18 15:00:00,CISO,California Independent System Operator,Demand,21650.0
2023-02-18 16:00:00,CISO,California Independent System Operator,Demand,22593.0
2023-02-18 17:00:00,CISO,California Independent System Operator,Demand,22733.0
2023-02-18 18:00:00,CISO,California Independent System Operator,Demand,21751.0
2023-02-18 19:00:00,CISO,California Independent System Operator,Demand,20047.0
2023-02-18 20:00:00,CISO,California Independent System Operator,Demand,18927.0
2023-02-18 21:00:00,CISO,California Independent System Operator,Demand,18858.0
2023-02-18 22:00:00,CISO,California Independent System Operator,Demand,18343.0
2023-02-18 23:00:00,CISO,California Independent System Operator,Demand,18458.0
2023-02-19 00:00:00,CISO,California Independent System Operator,Demand,17901.0
2023-02-19 01:00:00,CISO,California Independent System Operator,Demand,18554.0
2023-02-19 02:00:00,CISO,California Independent System Operator,Demand,20161.0
2023-02-19 03:00:00,CISO,California Independent System Operator,Demand,23032.0
2023-02-19 04:00:00,CISO,California Independent System Operator,Demand,24579.0
2023-02-19 05:00:00,CISO,California Independent System Operator,Demand,24599.0
2023-02-19 06:00:00,CISO,California Independent System Operator,Demand,24237.0
2023-02-19 07:00:00,CISO,California Independent System Operator,Demand,24042.0
2023-02-19 08:00:00,CISO,California Independent System Operator,Demand,23184.0
2023-02-19 09:00:00,CISO,California Independent System Operator,Demand,22239.0
2023-02-19 10:00:00,CISO,California Independent System Operator,Demand,21752.0
2023-02-19 11:00:00,CISO,California Independent System Operator,Demand,21209.0
2023-02-19 12:00:00,CISO,California Independent System Operator,Demand,20722.0
2023-02-19 13:00:00,CISO,California Independent System Operator,Demand,20400.0
2023-02-19 14:00:00,CISO,California Independent System Operator,Demand,20413.0
2023-02-19 15:00:00,CISO,California Independent System Operator,Demand,21153.0
2023-02-19 16:00:00,CISO,California Independent System Operator,Demand,21873.0
2023-02-19 17:00:00,CISO,California Independent System Operator,Demand,21470.0
2023-02-19 18:00:00,CISO,California Independent System Operator,Demand,20966.0
2023-02-19 19:00:00,CISO,California Independent System Operator,Demand,19290.0
2023-02-19 20:00:00,CISO,California Independent System Operator,Demand,18085.0
2023-02-19 21:00:00,CISO,California Independent System Operator,Demand,17440.0
2023-02-19 22:00:00,CISO,California Independent System Operator,Demand,16796.0
2023-02-19 23:00:00,CISO,California Independent System Operator,Demand,16673.0
2023-02-20 00:00:00,CISO,California Independent System Operator,Demand,17340.0
2023-02-20 01:00:00,CISO,California Independent System Operator,Demand,18495.0
2023-02-20 02:00:00,CISO,California Independent System Operator,Demand,20496.0
2023-02-20 03:00:00,CISO,California Independent System Operator,Demand,22704.0
2023-02-20 04:00:00,CISO,California Independent System Operator,Demand,24436.0
2023-02-20 05:00:00,CISO,California Independent System Operator,Demand,24400.0
2023-02-20 06:00:00,CISO,California Independent System Operator,Demand,23959.0
2023-02-20 07:00:00,CISO,California Independent System Operator,Demand,23582.0
2023-02-20 08:00:00,CISO,California Independent System Operator,Demand,22918.0
2023-02-20 09:00:00,CISO,California Independent System Operator,Demand,21717.0
2023-02-20 10:00:00,CISO,California Independent System Operator,Demand,21247.0
2023-02-20 11:00:00,CISO,California Independent System Operator,Demand,20610.0
2023-02-20 12:00:00,CISO,California Independent System Operator,Demand,20314.0
2023-02-20 13:00:00,CISO,California Independent System Operator,Demand,20331.0
2023-02-20 14:00:00,CISO,California Independent System Operator,Demand,20773.0
2023-02-20 15:00:00,CISO,California Independent System Operator,Demand,21905.0
2023-02-20 16:00:00,CISO,California Independent System Operator,Demand,23297.0
2023-02-20 17:00:00,CISO,California Independent System Operator,Demand,23346.0
2023-02-20 18:00:00,CISO,California Independent System Operator,Demand,22667.0
2023-02-20 19:00:00,CISO,California Independent System Operator,Demand,21330.0
2023-02-20 20:00:00,CISO,California Independent System Operator,Demand,20373.0
2023-02-20 21:00:00,CISO,California Independent System Operator,Demand,19489.0
2023-02-20 22:00:00,CISO,California Independent System Operator,Demand,19003.0
2023-02-20 23:00:00,CISO,California Independent System Operator,Demand,19234.0
2023-02-21 00:00:00,CISO,California Independent System Operator,Demand,19229.0
2023-02-21 01:00:00,CISO,California Independent System Operator,Demand,20271.0
2023-02-21 02:00:00,CISO,California Independent System Operator,Demand,21974.0
2023-02-21 03:00:00,CISO,California Independent System Operator,Demand,24572.0
2023-02-21 04:00:00,CISO,California Independent System Operator,Demand,25797.0
2023-02-21 05:00:00,CISO,California Independent System Operator,Demand,25523.0
2023-02-21 06:00:00,CISO,California Independent System Operator,Demand,24909.0
2023-02-21 07:00:00,CISO,California Independent System Operator,Demand,24153.0
2023-02-21 08:00:00,CISO,California Independent System Operator,Demand,22851.0
2023-02-21 09:00:00,CISO,California Independent System Operator,Demand,21463.0
2023-02-21 10:00:00,CISO,California Independent System Operator,Demand,21008.0
2023-02-21 11:00:00,CISO,California Independent System Operator,Demand,20625.0
2023-02-21 12:00:00,CISO,California Independent System Operator,Demand,20224.0
2023-02-21 13:00:00,CISO,California Independent System Operator,Demand,20274.0
2023-02-21 14:00:00,CISO,California Independent System Operator,Demand,20798.0
2023-02-21 15:00:00,CISO,California Independent System Operator,Demand,22004.0
2023-02-21 16:00:00,CISO,California Independent System Operator,Demand,23801.0
2023-02-21 17:00:00,CISO,California Independent System Operator,Demand,24429.0
2023-02-21 18:00:00,CISO,California Independent System Operator,Demand,24133.0
2023-02-21 19:00:00,CISO,California Independent System Operator,Demand,22908.0
2023-02-21 20:00:00,CISO,California Independent System Operator,Demand,21473.0
2023-02-21 21:00:00,CISO,California Independent System Operator,Demand,20766.0
2023-02-21 22:00:00,CISO,California Independent System Operator,Demand,21476.0
2023-02-21 23:00:00,CISO,California Independent System Operator,Demand,21316.0
2023-02-22 00:00:00,CISO,California Independent System Operator,Demand,20966.0
2023-02-22 01:00:00,CISO,California Independent System Operator,Demand,21935.0
2023-02-22 02:00:00,CISO,California Independent System Operator,Demand,23918.0
2023-02-22 03:00:00,CISO,California Independent System Operator,Demand,25810.0
2023-02-22 04:00:00,CISO,California Independent System Operator,Demand,26940.0
2023-02-22 05:00:00,CISO,California Independent System Operator,Demand,26718.0
2023-02-22 06:00:00,CISO,California Independent System Operator,Demand,26169.0
2023-02-22 07:00:00,CISO,California Independent System Operator,Demand,25473.0
2023-02-22 08:00:00,CISO,California Independent System Operator,Demand,24252.0
2023-02-22 09:00:00,CISO,California Independent System Operator,Demand,23140.0
2023-02-22 10:00:00,CISO,California Independent System Operator,Demand,22375.0
2023-02-22 11:00:00,CISO,California Independent System Operator,Demand,21844.0
2023-02-22 12:00:00,CISO,California Independent System Operator,Demand,21465.0
2023-02-22 13:00:00,CISO,California Independent System Operator,Demand,21406.0
2023-02-22 14:00:00,CISO,California Independent System Operator,Demand,21943.0
2023-02-22 15:00:00,CISO,California Independent System Operator,Demand,23122.0
2023-02-22 16:00:00,CISO,California Independent System Operator,Demand,25154.0
2023-02-22 17:00:00,CISO,California Independent System Operator,Demand,25537.0
2023-02-22 18:00:00,CISO,California Independent System Operator,Demand,24525.0
2023-02-22 19:00:00,CISO,California Independent System Operator,Demand,22801.0
2023-02-22 20:00:00,CISO,California Independent System Operator,Demand,21758.0
2023-02-22 21:00:00,CISO,California Independent System Operator,Demand,21325.0
2023-02-22 22:00:00,CISO,California Independent System Operator,Demand,21358.0
2023-02-22 23:00:00,CISO,California Independent System Operator,Demand,20852.0
2023-02-23 00:00:00,CISO,California Independent System Operator,Demand,21855.0
2023-02-23 01:00:00,CISO,California Independent System Operator,Demand,22549.0
2023-02-23 02:00:00,CISO,California Independent System Operator,Demand,24249.0
2023-02-23 03:00:00,CISO,California Independent System Operator,Demand,26999.0
2023-02-23 04:00:00,CISO,California Independent System Operator,Demand,28745.0
2023-02-23 05:00:00,CISO,California Independent System Operator,Demand,28634.0
2023-02-23 06:00:00,CISO,California Independent System Operator,Demand,28066.0
2023-02-23 07:00:00,CISO,California Independent System Operator,Demand,27209.0
2023-02-23 08:00:00,CISO,California Independent System Operator,Demand,25652.0
2023-02-23 09:00:00,CISO,California Independent System Operator,Demand,24338.0
2023-02-23 10:00:00,CISO,California Independent System Operator,Demand,23566.0
2023-02-23 11:00:00,CISO,California Independent System Operator,Demand,23401.0
2023-02-23 12:00:00,CISO,California Independent System Operator,Demand,22678.0
2023-02-23 13:00:00,CISO,California Independent System Operator,Demand,22446.0
2023-02-23 14:00:00,CISO,California Independent System Operator,Demand,22537.0
2023-02-23 15:00:00,CISO,California Independent System Operator,Demand,24008.0
2023-02-23 16:00:00,CISO,California Independent System Operator,Demand,26339.0
2023-02-23 17:00:00,CISO,California Independent System Operator,Demand,26926.0
2023-02-23 18:00:00,CISO,California Independent System Operator,Demand,26654.0
2023-02-23 19:00:00,CISO,California Independent System Operator,Demand,26164.0
2023-02-23 20:00:00,CISO,California Independent System Operator,Demand,26157.0
2023-02-23 21:00:00,CISO,California Independent System Operator,Demand,25329.0
2023-02-23 22:00:00,CISO,California Independent System Operator,Demand,24342.0
2023-02-23 23:00:00,CISO,California Independent System Operator,Demand,23436.0
2023-02-24 00:00:00,CISO,California Independent System Operator,Demand,23344.0
2023-02-24 01:00:00,CISO,California Independent System Operator,Demand,23511.0
2023-02-24 02:00:00,CISO,California Independent System Operator,Demand,24960.0
2023-02-24 03:00:00,CISO,California Independent System Operator,Demand,27498.0
2023-02-24 04:00:00,CISO,California Independent System Operator,Demand,28887.0
2023-02-24 05:00:00,CISO,California Independent System Operator,Demand,28697.0
2023-02-24 06:00:00,CISO,California Independent System Operator,Demand,28048.0
2023-02-24 07:00:00,CISO,California Independent System Operator,Demand,27224.0
2023-02-24 08:00:00,CISO,California Independent System Operator,Demand,25843.0
2023-02-24 09:00:00,CISO,California Independent System Operator,Demand,24565.0
2023-02-24 10:00:00,CISO,California Independent System Operator,Demand,23315.0
2023-02-24 11:00:00,CISO,California Independent System Operator,Demand,22547.0
2023-02-24 12:00:00,CISO,California Independent System Operator,Demand,22121.0
2023-02-24 13:00:00,CISO,California Independent System Operator,Demand,22169.0
2023-02-24 14:00:00,CISO,California Independent System Operator,Demand,22331.0
2023-02-24 15:00:00,CISO,California Independent System Operator,Demand,23714.0
2023-02-24 16:00:00,CISO,California Independent System Operator,Demand,25768.0
2023-02-24 17:00:00,CISO,California Independent System Operator,Demand,26655.0
2023-02-24 18:00:00,CISO,California Independent System Operator,Demand,26978.0
2023-02-24 19:00:00,CISO,California Independent System Operator,Demand,26974.0
2023-02-24 20:00:00,CISO,California Independent System Operator,Demand,27475.0
2023-02-24 21:00:00,CISO,California Independent System Operator,Demand,27446.0
2023-02-24 22:00:00,CISO,California Independent System Operator,Demand,27233.0
2023-02-24 23:00:00,CISO,California Independent System Operator,Demand,26710.0
2023-02-25 00:00:00,CISO,California Independent System Operator,Demand,26051.0
2023-02-25 01:00:00,CISO,California Independent System Operator,Demand,26197.0
2023-02-25 02:00:00,CISO,California Independent System Operator,Demand,26484.0
2023-02-25 03:00:00,CISO,California Independent System Operator,Demand,27594.0
2023-02-25 04:00:00,CISO,California Independent System Operator,Demand,28362.0
2023-02-25 05:00:00,CISO,California Independent System Operator,Demand,27997.0
2023-02-25 06:00:00,CISO,California Independent System Operator,Demand,27361.0
2023-02-25 07:00:00,CISO,California Independent System Operator,Demand,26380.0
2023-02-25 08:00:00,CISO,California Independent System Operator,Demand,25072.0
2023-02-25 09:00:00,CISO,California Independent System Operator,Demand,23776.0
2023-02-25 10:00:00,CISO,California Independent System Operator,Demand,22748.0
2023-02-25 11:00:00,CISO,California Independent System Operator,Demand,22227.0
2023-02-25 12:00:00,CISO,California Independent System Operator,Demand,21824.0
2023-02-25 13:00:00,CISO,California Independent System Operator,Demand,21465.0
2023-02-25 14:00:00,CISO,California Independent System Operator,Demand,21471.0
2023-02-25 15:00:00,CISO,California Independent System Operator,Demand,22015.0
2023-02-25 16:00:00,CISO,California Independent System Operator,Demand,22871.0
2023-02-25 17:00:00,CISO,California Independent System Operator,Demand,23951.0
2023-02-25 18:00:00,CISO,California Independent System Operator,Demand,25095.0
2023-02-25 19:00:00,CISO,California Independent System Operator,Demand,26047.0
2023-02-25 20:00:00,CISO,California Independent System Operator,Demand,26254.0
2023-02-25 21:00:00,CISO,California Independent System Operator,Demand,25350.0
2023-02-25 22:00:00,CISO,California Independent System Operator,Demand,24614.0
2023-02-25 23:00:00,CISO,California Independent System Operator,Demand,23950.0
2023-02-26 00:00:00,CISO,California Independent System Operator,Demand,24195.0
2023-02-26 01:00:00,CISO,California Independent System Operator,Demand,24003.0
2023-02-26 02:00:00,CISO,California Independent System Operator,Demand,24041.0
2023-02-26 03:00:00,CISO,California Independent System Operator,Demand,25777.0
2023-02-26 04:00:00,CISO,California Independent System Operator,Demand,27036.0
2023-02-26 05:00:00,CISO,California Independent System Operator,Demand,26837.0
2023-02-26 06:00:00,CISO,California Independent System Operator,Demand,26369.0
2023-02-26 07:00:00,CISO,California Independent System Operator,Demand,25735.0
2023-02-26 08:00:00,CISO,California Independent System Operator,Demand,24515.0
2023-02-26 09:00:00,CISO,California Independent System Operator,Demand,23334.0
2023-02-26 10:00:00,CISO,California Independent System Operator,Demand,22824.0
2023-02-26 11:00:00,CISO,California Independent System Operator,Demand,22039.0
2023-02-26 12:00:00,CISO,California Independent System Operator,Demand,21457.0
2023-02-26 13:00:00,CISO,California Independent System Operator,Demand,21291.0
2023-02-26 14:00:00,CISO,California Independent System Operator,Demand,21241.0
2023-02-26 15:00:00,CISO,California Independent System Operator,Demand,21528.0
2023-02-26 16:00:00,CISO,California Independent System Operator,Demand,21905.0
2023-02-26 17:00:00,CISO,California Independent System Operator,Demand,22580.0
2023-02-26 18:00:00,CISO,California Independent System Operator,Demand,22027.0
2023-02-26 19:00:00,CISO,California Independent System Operator,Demand,21234.0
2023-02-26 20:00:00,CISO,California Independent System Operator,Demand,20944.0
2023-02-26 21:00:00,CISO,California Independent System Operator,Demand,20696.0
2023-02-26 22:00:00,CISO,California Independent System Operator,Demand,20777.0
2023-02-26 23:00:00,CISO,California Independent System Operator,Demand,21087.0
2023-02-27 00:00:00,CISO,California Independent System Operator,Demand,21844.0
2023-02-27 01:00:00,CISO,California Independent System Operator,Demand,22606.0
2023-02-27 02:00:00,CISO,California Independent System Operator,Demand,23899.0
2023-02-27 03:00:00,CISO,California Independent System Operator,Demand,25542.0
2023-02-27 04:00:00,CISO,California Independent System Operator,Demand,27051.0
2023-02-27 05:00:00,CISO,California Independent System Operator,Demand,26822.0
2023-02-27 06:00:00,CISO,California Independent System Operator,Demand,26263.0
2023-02-27 07:00:00,CISO,California Independent System Operator,Demand,25646.0
2023-02-27 08:00:00,CISO,California Independent System Operator,Demand,24238.0
2023-02-27 09:00:00,CISO,California Independent System Operator,Demand,22789.0
2023-02-27 10:00:00,CISO,California Independent System Operator,Demand,22169.0
2023-02-27 11:00:00,CISO,California Independent System Operator,Demand,21818.0
2023-02-27 12:00:00,CISO,California Independent System Operator,Demand,21463.0
2023-02-27 13:00:00,CISO,California Independent System Operator,Demand,21348.0
2023-02-27 14:00:00,CISO,California Independent System Operator,Demand,21889.0
2023-02-27 15:00:00,CISO,California Independent System Operator,Demand,23298.0
2023-02-27 16:00:00,CISO,California Independent System Operator,Demand,25437.0
2023-02-27 17:00:00,CISO,California Independent System Operator,Demand,26760.0
2023-02-27 18:00:00,CISO,California Independent System Operator,Demand,27110.0
2023-02-27 19:00:00,CISO,California Independent System Operator,Demand,26579.0
2023-02-27 20:00:00,CISO,California Independent System Operator,Demand,26834.0
2023-02-27 21:00:00,CISO,California Independent System Operator,Demand,27151.0
2023-02-27 22:00:00,CISO,California Independent System Operator,Demand,26554.0
2023-02-27 23:00:00,CISO,California Independent System Operator,Demand,25777.0
2023-02-28 00:00:00,CISO,California Independent System Operator,Demand,25111.0
2023-02-28 01:00:00,CISO,California Independent System Operator,Demand,24982.0
2023-02-28 02:00:00,CISO,California Independent System Operator,Demand,25842.0
2023-02-28 03:00:00,CISO,California Independent System Operator,Demand,27720.0
2023-02-28 04:00:00,CISO,California Independent System Operator,Demand,29114.0
2023-02-28 05:00:00,CISO,California Independent System Operator,Demand,28746.0
2023-02-28 06:00:00,CISO,California Independent System Operator,Demand,28093.0
2023-02-28 07:00:00,CISO,California Independent System Operator,Demand,26978.0
2023-02-28 08:00:00,CISO,California Independent System Operator,Demand,25370.0
2023-02-28 09:00:00,CISO,California Independent System Operator,Demand,23825.0
2023-02-28 10:00:00,CISO,California Independent System Operator,Demand,23078.0
2023-02-28 11:00:00,CISO,California Independent System Operator,Demand,22313.0
2023-02-28 12:00:00,CISO,California Independent System Operator,Demand,21777.0
2023-02-28 13:00:00,CISO,California Independent System Operator,Demand,21761.0
2023-02-28 14:00:00,CISO,California Independent System Operator,Demand,22210.0
2023-02-28 15:00:00,CISO,California Independent System Operator,Demand,23330.0
2023-02-28 16:00:00,CISO,California Independent System Operator,Demand,25450.0
2023-02-28 17:00:00,CISO,California Independent System Operator,Demand,26285.0
2023-02-28 18:00:00,CISO,California Independent System Operator,Demand,26228.0
2023-02-28 19:00:00,CISO,California Independent System Operator,Demand,25488.0
2023-02-28 20:00:00,CISO,California Independent System Operator,Demand,25000.0
2023-02-28 21:00:00,CISO,California Independent System Operator,Demand,24519.0
2023-02-28 22:00:00,CISO,California Independent System Operator,Demand,23562.0
2023-02-28 23:00:00,CISO,California Independent System Operator,Demand,23349.0
2023-03-01 00:00:00,CISO,California Independent System Operator,Demand,23425.0
2023-03-01 01:00:00,CISO,California Independent System Operator,Demand,23891.0
2023-03-01 02:00:00,CISO,California Independent System Operator,Demand,25279.0
2023-03-01 03:00:00,CISO,California Independent System Operator,Demand,27221.0
2023-03-01 04:00:00,CISO,California Independent System Operator,Demand,28559.0
2023-03-01 05:00:00,CISO,California Independent System Operator,Demand,28271.0
2023-03-01 06:00:00,CISO,California Independent System Operator,Demand,27569.0
2023-03-01 07:00:00,CISO,California Independent System Operator,Demand,26551.0
2023-03-01 08:00:00,CISO,California Independent System Operator,Demand,24973.0
2023-03-01 09:00:00,CISO,California Independent System Operator,Demand,23632.0
2023-03-01 10:00:00,CISO,California Independent System Operator,Demand,22699.0
2023-03-01 11:00:00,CISO,California Independent System Operator,Demand,22190.0
2023-03-01 12:00:00,CISO,California Independent System Operator,Demand,21834.0
2023-03-01 13:00:00,CISO,California Independent System Operator,Demand,21775.0
2023-03-01 14:00:00,CISO,California Independent System Operator,Demand,22065.0
2023-03-01 15:00:00,CISO,California Independent System Operator,Demand,23445.0
2023-03-01 16:00:00,CISO,California Independent System Operator,Demand,25741.0
2023-03-01 17:00:00,CISO,California Independent System Operator,Demand,26625.0
2023-03-01 18:00:00,CISO,California Independent System Operator,Demand,25971.0
2023-03-01 19:00:00,CISO,California Independent System Operator,Demand,24510.0
2023-03-01 20:00:00,CISO,California Independent System Operator,Demand,23174.0
2023-03-01 21:00:00,CISO,California Independent System Operator,Demand,22801.0
2023-03-01 22:00:00,CISO,California Independent System Operator,Demand,22314.0
2023-03-01 23:00:00,CISO,California Independent System Operator,Demand,21464.0
2023-03-02 00:00:00,CISO,California Independent System Operator,Demand,21475.0
2023-03-02 01:00:00,CISO,California Independent System Operator,Demand,22242.0
2023-03-02 02:00:00,CISO,California Independent System Operator,Demand,23924.0
2023-03-02 03:00:00,CISO,California Independent System Operator,Demand,26562.0
2023-03-02 04:00:00,CISO,California Independent System Operator,Demand,28627.0
2023-03-02 05:00:00,CISO,California Independent System Operator,Demand,28688.0
2023-03-02 06:00:00,CISO,California Independent System Operator,Demand,28159.0
2023-03-02 07:00:00,CISO,California Independent System Operator,Demand,27430.0
2023-03-02 08:00:00,CISO,California Independent System Operator,Demand,25881.0
2023-03-02 09:00:00,CISO,California Independent System Operator,Demand,24842.0
2023-03-02 10:00:00,CISO,California Independent System Operator,Demand,23927.0
2023-03-02 11:00:00,CISO,California Independent System Operator,Demand,23207.0
2023-03-02 12:00:00,CISO,California Independent System Operator,Demand,22646.0
2023-03-02 13:00:00,CISO,California Independent System Operator,Demand,22585.0
2023-03-02 14:00:00,CISO,California Independent System Operator,Demand,23127.0
2023-03-02 15:00:00,CISO,California Independent System Operator,Demand,24775.0
2023-03-02 16:00:00,CISO,California Independent System Operator,Demand,26858.0
2023-03-02 17:00:00,CISO,California Independent System Operator,Demand,26619.0
2023-03-02 18:00:00,CISO,California Independent System Operator,Demand,24767.0
2023-03-02 19:00:00,CISO,California Independent System Operator,Demand,22696.0
2023-03-02 20:00:00,CISO,California Independent System Operator,Demand,21102.0
2023-03-02 21:00:00,CISO,California Independent System Operator,Demand,20595.0
2023-03-02 22:00:00,CISO,California Independent System Operator,Demand,20292.0
2023-03-02 23:00:00,CISO,California Independent System Operator,Demand,20255.0
2023-03-03 00:00:00,CISO,California Independent System Operator,Demand,19903.0
2023-03-03 01:00:00,CISO,California Independent System Operator,Demand,20607.0
2023-03-03 02:00:00,CISO,California Independent System Operator,Demand,21977.0
2023-03-03 03:00:00,CISO,California Independent System Operator,Demand,24974.0
2023-03-03 04:00:00,CISO,California Independent System Operator,Demand,27169.0
2023-03-03 05:00:00,CISO,California Independent System Operator,Demand,27236.0
2023-03-03 06:00:00,CISO,California Independent System Operator,Demand,26854.0
2023-03-03 07:00:00,CISO,California Independent System Operator,Demand,26226.0
2023-03-03 08:00:00,CISO,California Independent System Operator,Demand,24789.0
2023-03-03 09:00:00,CISO,California Independent System Operator,Demand,23423.0
2023-03-03 10:00:00,CISO,California Independent System Operator,Demand,22711.0
2023-03-03 11:00:00,CISO,California Independent System Operator,Demand,22281.0
2023-03-03 12:00:00,CISO,California Independent System Operator,Demand,22018.0
2023-03-03 13:00:00,CISO,California Independent System Operator,Demand,22024.0
2023-03-03 14:00:00,CISO,California Independent System Operator,Demand,22135.0
2023-03-03 15:00:00,CISO,California Independent System Operator,Demand,23683.0
2023-03-03 16:00:00,CISO,California Independent System Operator,Demand,25652.0
2023-03-03 17:00:00,CISO,California Independent System Operator,Demand,26109.0
2023-03-03 18:00:00,CISO,California Independent System Operator,Demand,24788.0
2023-03-03 19:00:00,CISO,California Independent System Operator,Demand,22560.0
2023-03-03 20:00:00,CISO,California Independent System Operator,Demand,20871.0
2023-03-03 21:00:00,CISO,California Independent System Operator,Demand,19803.0
2023-03-03 22:00:00,CISO,California Independent System Operator,Demand,18882.0
2023-03-03 23:00:00,CISO,California Independent System Operator,Demand,18522.0
2023-03-04 00:00:00,CISO,California Independent System Operator,Demand,19259.0
2023-03-04 01:00:00,CISO,California Independent System Operator,Demand,20325.0
2023-03-04 02:00:00,CISO,California Independent System Operator,Demand,21975.0
2023-03-04 03:00:00,CISO,California Independent System Operator,Demand,24322.0
2023-03-04 04:00:00,CISO,California Independent System Operator,Demand,26166.0
2023-03-04 05:00:00,CISO,California Independent System Operator,Demand,26215.0
2023-03-04 06:00:00,CISO,California Independent System Operator,Demand,25735.0
2023-03-04 07:00:00,CISO,California Independent System Operator,Demand,25224.0
2023-03-04 08:00:00,CISO,California Independent System Operator,Demand,24225.0
2023-03-04 09:00:00,CISO,California Independent System Operator,Demand,23008.0
2023-03-04 10:00:00,CISO,California Independent System Operator,Demand,22338.0
2023-03-04 11:00:00,CISO,California Independent System Operator,Demand,21674.0
2023-03-04 12:00:00,CISO,California Independent System Operator,Demand,21382.0
2023-03-04 13:00:00,CISO,California Independent System Operator,Demand,21106.0
2023-03-04 14:00:00,CISO,California Independent System Operator,Demand,21219.0
2023-03-04 15:00:00,CISO,California Independent System Operator,Demand,21705.0
2023-03-04 16:00:00,CISO,California Independent System Operator,Demand,22390.0
2023-03-04 17:00:00,CISO,California Independent System Operator,Demand,22189.0
2023-03-04 18:00:00,CISO,California Independent System Operator,Demand,22693.0
2023-03-04 19:00:00,CISO,California Independent System Operator,Demand,22055.0
2023-03-04 20:00:00,CISO,California Independent System Operator,Demand,23025.0
2023-03-04 21:00:00,CISO,California Independent System Operator,Demand,23106.0
2023-03-04 22:00:00,CISO,California Independent System Operator,Demand,21708.0
2023-03-04 23:00:00,CISO,California Independent System Operator,Demand,20057.0
2023-03-05 00:00:00,CISO,California Independent System Operator,Demand,18882.0
2023-03-05 01:00:00,CISO,California Independent System Operator,Demand,19148.0
2023-03-05 02:00:00,CISO,California Independent System Operator,Demand,21014.0
2023-03-05 03:00:00,CISO,California Independent System Operator,Demand,23637.0
2023-03-05 04:00:00,CISO,California Independent System Operator,Demand,25596.0
2023-03-05 05:00:00,CISO,California Independent System Operator,Demand,25701.0
2023-03-05 06:00:00,CISO,California Independent System Operator,Demand,25213.0
2023-03-05 07:00:00,CISO,California Independent System Operator,Demand,24687.0
2023-03-05 08:00:00,CISO,California Independent System Operator,Demand,23942.0
2023-03-05 09:00:00,CISO,California Independent System Operator,Demand,22995.0
2023-03-05 10:00:00,CISO,California Independent System Operator,Demand,22333.0
2023-03-05 11:00:00,CISO,California Independent System Operator,Demand,21591.0
2023-03-05 12:00:00,CISO,California Independent System Operator,Demand,21196.0
2023-03-05 13:00:00,CISO,California Independent System Operator,Demand,20897.0
2023-03-05 14:00:00,CISO,California Independent System Operator,Demand,20658.0
2023-03-05 15:00:00,CISO,California Independent System Operator,Demand,20940.0
2023-03-05 16:00:00,CISO,California Independent System Operator,Demand,21234.0
2023-03-05 17:00:00,CISO,California Independent System Operator,Demand,21609.0
2023-03-05 18:00:00,CISO,California Independent System Operator,Demand,20956.0
2023-03-05 19:00:00,CISO,California Independent System Operator,Demand,21204.0
2023-03-05 20:00:00,CISO,California Independent System Operator,Demand,21270.0
2023-03-05 21:00:00,CISO,California Independent System Operator,Demand,20664.0
2023-03-05 22:00:00,CISO,California Independent System Operator,Demand,20231.0
2023-03-05 23:00:00,CISO,California Independent System Operator,Demand,19747.0
2023-03-06 00:00:00,CISO,California Independent System Operator,Demand,19613.0
2023-03-06 01:00:00,CISO,California Independent System Operator,Demand,20592.0
2023-03-06 02:00:00,CISO,California Independent System Operator,Demand,21442.0
2023-03-06 03:00:00,CISO,California Independent System Operator,Demand,23919.0
2023-03-06 04:00:00,CISO,California Independent System Operator,Demand,26002.0
2023-03-06 05:00:00,CISO,California Independent System Operator,Demand,26103.0
2023-03-06 06:00:00,CISO,California Independent System Operator,Demand,25746.0
2023-03-06 07:00:00,CISO,California Independent System Operator,Demand,25032.0
2023-03-06 08:00:00,CISO,California Independent System Operator,Demand,23736.0
2023-03-06 09:00:00,CISO,California Independent System Operator,Demand,22441.0
2023-03-06 10:00:00,CISO,California Independent System Operator,Demand,22295.0
2023-03-06 11:00:00,CISO,California Independent System Operator,Demand,22189.0
2023-03-06 12:00:00,CISO,California Independent System Operator,Demand,21384.0
2023-03-06 13:00:00,CISO,California Independent System Operator,Demand,21096.0
2023-03-06 14:00:00,CISO,California Independent System Operator,Demand,21671.0
2023-03-06 15:00:00,CISO,California Independent System Operator,Demand,23179.0
2023-03-06 16:00:00,CISO,California Independent System Operator,Demand,24952.0
2023-03-06 17:00:00,CISO,California Independent System Operator,Demand,25515.0
2023-03-06 18:00:00,CISO,California Independent System Operator,Demand,24541.0
2023-03-06 19:00:00,CISO,California Independent System Operator,Demand,23855.0
2023-03-06 20:00:00,CISO,California Independent System Operator,Demand,23155.0
2023-03-06 21:00:00,CISO,California Independent System Operator,Demand,22715.0
2023-03-06 22:00:00,CISO,California Independent System Operator,Demand,21828.0
2023-03-06 23:00:00,CISO,California Independent System Operator,Demand,21245.0
2023-03-07 00:00:00,CISO,California Independent System Operator,Demand,21730.0
2023-03-07 01:00:00,CISO,California Independent System Operator,Demand,21962.0
2023-03-07 02:00:00,CISO,California Independent System Operator,Demand,23880.0
2023-03-07 03:00:00,CISO,California Independent System Operator,Demand,25817.0
2023-03-07 04:00:00,CISO,California Independent System Operator,Demand,27634.0
2023-03-07 05:00:00,CISO,California Independent System Operator,Demand,27695.0
2023-03-07 06:00:00,CISO,California Independent System Operator,Demand,27108.0
2023-03-07 07:00:00,CISO,California Independent System Operator,Demand,26412.0
2023-03-07 08:00:00,CISO,California Independent System Operator,Demand,24933.0
2023-03-07 09:00:00,CISO,California Independent System Operator,Demand,23528.0
2023-03-07 10:00:00,CISO,California Independent System Operator,Demand,22501.0
2023-03-07 11:00:00,CISO,California Independent System Operator,Demand,22222.0
2023-03-07 12:00:00,CISO,California Independent System Operator,Demand,21846.0
2023-03-07 13:00:00,CISO,California Independent System Operator,Demand,21546.0
2023-03-07 14:00:00,CISO,California Independent System Operator,Demand,21911.0
2023-03-07 15:00:00,CISO,California Independent System Operator,Demand,23375.0
2023-03-07 16:00:00,CISO,California Independent System Operator,Demand,25390.0
2023-03-07 17:00:00,CISO,California Independent System Operator,Demand,25724.0
2023-03-07 18:00:00,CISO,California Independent System Operator,Demand,24256.0
2023-03-07 19:00:00,CISO,California Independent System Operator,Demand,22241.0
2023-03-07 20:00:00,CISO,California Independent System Operator,Demand,21782.0
2023-03-07 21:00:00,CISO,California Independent System Operator,Demand,20785.0
2023-03-07 22:00:00,CISO,California Independent System Operator,Demand,20785.0
2023-03-07 23:00:00,CISO,California Independent System Operator,Demand,20627.0
2023-03-08 00:00:00,CISO,California Independent System Operator,Demand,20461.0
2023-03-08 01:00:00,CISO,California Independent System Operator,Demand,20927.0
2023-03-08 02:00:00,CISO,California Independent System Operator,Demand,22632.0
2023-03-08 03:00:00,CISO,California Independent System Operator,Demand,25238.0
2023-03-08 04:00:00,CISO,California Independent System Operator,Demand,27275.0
2023-03-08 05:00:00,CISO,California Independent System Operator,Demand,27337.0
2023-03-08 06:00:00,CISO,California Independent System Operator,Demand,26946.0
2023-03-08 07:00:00,CISO,California Independent System Operator,Demand,26240.0
2023-03-08 08:00:00,CISO,California Independent System Operator,Demand,24703.0
2023-03-08 09:00:00,CISO,California Independent System Operator,Demand,23365.0
2023-03-08 10:00:00,CISO,California Independent System Operator,Demand,22699.0
2023-03-08 11:00:00,CISO,California Independent System Operator,Demand,22459.0
2023-03-08 12:00:00,CISO,California Independent System Operator,Demand,22211.0
2023-03-08 13:00:00,CISO,California Independent System Operator,Demand,21804.0
2023-03-08 14:00:00,CISO,California Independent System Operator,Demand,22228.0
2023-03-08 15:00:00,CISO,California Independent System Operator,Demand,23769.0
2023-03-08 16:00:00,CISO,California Independent System Operator,Demand,25640.0
2023-03-08 17:00:00,CISO,California Independent System Operator,Demand,25983.0
2023-03-08 18:00:00,CISO,California Independent System Operator,Demand,25175.0
2023-03-08 19:00:00,CISO,California Independent System Operator,Demand,24052.0
2023-03-08 20:00:00,CISO,California Independent System Operator,Demand,22962.0
2023-03-08 21:00:00,CISO,California Independent System Operator,Demand,21412.0
2023-03-08 22:00:00,CISO,California Independent System Operator,Demand,20702.0
2023-03-08 23:00:00,CISO,California Independent System Operator,Demand,20769.0
2023-03-09 00:00:00,CISO,California Independent System Operator,Demand,20246.0
2023-03-09 01:00:00,CISO,California Independent System Operator,Demand,20806.0
2023-03-09 02:00:00,CISO,California Independent System Operator,Demand,22399.0
2023-03-09 03:00:00,CISO,California Independent System Operator,Demand,25005.0
2023-03-09 04:00:00,CISO,California Independent System Operator,Demand,27220.0
2023-03-09 05:00:00,CISO,California Independent System Operator,Demand,27548.0
2023-03-09 06:00:00,CISO,California Independent System Operator,Demand,27091.0
2023-03-09 07:00:00,CISO,California Independent System Operator,Demand,26352.0
2023-03-09 08:00:00,CISO,California Independent System Operator,Demand,25088.0
2023-03-09 09:00:00,CISO,California Independent System Operator,Demand,23782.0
2023-03-09 10:00:00,CISO,California Independent System Operator,Demand,23200.0
2023-03-09 11:00:00,CISO,California Independent System Operator,Demand,22924.0
2023-03-09 12:00:00,CISO,California Independent System Operator,Demand,22918.0
2023-03-09 13:00:00,CISO,California Independent System Operator,Demand,22604.0
2023-03-09 14:00:00,CISO,California Independent System Operator,Demand,22713.0
2023-03-09 15:00:00,CISO,California Independent System Operator,Demand,24043.0
2023-03-09 16:00:00,CISO,California Independent System Operator,Demand,25861.0
2023-03-09 17:00:00,CISO,California Independent System Operator,Demand,25985.0
2023-03-09 18:00:00,CISO,California Independent System Operator,Demand,25211.0
2023-03-09 19:00:00,CISO,California Independent System Operator,Demand,23927.0
2023-03-09 20:00:00,CISO,California Independent System Operator,Demand,23630.0
2023-03-09 21:00:00,CISO,California Independent System Operator,Demand,23418.0
2023-03-09 22:00:00,CISO,California Independent System Operator,Demand,23506.0
2023-03-09 23:00:00,CISO,California Independent System Operator,Demand,23892.0
2023-03-10 00:00:00,CISO,California Independent System Operator,Demand,23959.0
2023-03-10 01:00:00,CISO,California Independent System Operator,Demand,24593.0
2023-03-10 02:00:00,CISO,California Independent System Operator,Demand,25528.0
2023-03-10 03:00:00,CISO,California Independent System Operator,Demand,27329.0
2023-03-10 04:00:00,CISO,California Independent System Operator,Demand,28304.0
2023-03-10 05:00:00,CISO,California Independent System Operator,Demand,27881.0
2023-03-10 06:00:00,CISO,California Independent System Operator,Demand,27248.0
2023-03-10 07:00:00,CISO,California Independent System Operator,Demand,26433.0
2023-03-10 08:00:00,CISO,California Independent System Operator,Demand,25030.0
2023-03-10 09:00:00,CISO,California Independent System Operator,Demand,23503.0
2023-03-10 10:00:00,CISO,California Independent System Operator,Demand,22835.0
2023-03-10 11:00:00,CISO,California Independent System Operator,Demand,22460.0
2023-03-10 12:00:00,CISO,California Independent System Operator,Demand,21804.0
2023-03-10 13:00:00,CISO,California Independent System Operator,Demand,21446.0
2023-03-10 14:00:00,CISO,California Independent System Operator,Demand,21284.0
2023-03-10 15:00:00,CISO,California Independent System Operator,Demand,22427.0
2023-03-10 16:00:00,CISO,California Independent System Operator,Demand,24136.0
2023-03-10 17:00:00,CISO,California Independent System Operator,Demand,25491.0
2023-03-10 18:00:00,CISO,California Independent System Operator,Demand,25907.0
2023-03-10 19:00:00,CISO,California Independent System Operator,Demand,25973.0
2023-03-10 20:00:00,CISO,California Independent System Operator,Demand,26217.0
2023-03-10 21:00:00,CISO,California Independent System Operator,Demand,26457.0
2023-03-10 22:00:00,CISO,California Independent System Operator,Demand,25912.0
2023-03-10 23:00:00,CISO,California Independent System Operator,Demand,25103.0
2023-03-11 00:00:00,CISO,California Independent System Operator,Demand,24981.0
2023-03-11 01:00:00,CISO,California Independent System Operator,Demand,25114.0
2023-03-11 02:00:00,CISO,California Independent System Operator,Demand,25355.0
2023-03-11 03:00:00,CISO,California Independent System Operator,Demand,26498.0
2023-03-11 04:00:00,CISO,California Independent System Operator,Demand,27301.0
2023-03-11 05:00:00,CISO,California Independent System Operator,Demand,26974.0
2023-03-11 06:00:00,CISO,California Independent System Operator,Demand,26333.0
2023-03-11 07:00:00,CISO,California Independent System Operator,Demand,25590.0
2023-03-11 08:00:00,CISO,California Independent System Operator,Demand,24330.0
2023-03-11 09:00:00,CISO,California Independent System Operator,Demand,23210.0
2023-03-11 10:00:00,CISO,California Independent System Operator,Demand,22490.0
2023-03-11 11:00:00,CISO,California Independent System Operator,Demand,21693.0
2023-03-11 12:00:00,CISO,California Independent System Operator,Demand,21159.0
2023-03-11 13:00:00,CISO,California Independent System Operator,Demand,20839.0
2023-03-11 14:00:00,CISO,California Independent System Operator,Demand,20821.0
2023-03-11 15:00:00,CISO,California Independent System Operator,Demand,21215.0
2023-03-11 16:00:00,CISO,California Independent System Operator,Demand,21538.0
2023-03-11 17:00:00,CISO,California Independent System Operator,Demand,22171.0
2023-03-11 18:00:00,CISO,California Independent System Operator,Demand,23008.0
2023-03-11 19:00:00,CISO,California Independent System Operator,Demand,23042.0
2023-03-11 20:00:00,CISO,California Independent System Operator,Demand,23633.0
2023-03-11 21:00:00,CISO,California Independent System Operator,Demand,22891.0
2023-03-11 22:00:00,CISO,California Independent System Operator,Demand,22569.0
2023-03-11 23:00:00,CISO,California Independent System Operator,Demand,22228.0
2023-03-12 00:00:00,CISO,California Independent System Operator,Demand,21798.0
2023-03-12 01:00:00,CISO,California Independent System Operator,Demand,22315.0
2023-03-12 02:00:00,CISO,California Independent System Operator,Demand,23064.0
2023-03-12 03:00:00,CISO,California Independent System Operator,Demand,24450.0
2023-03-12 04:00:00,CISO,California Independent System Operator,Demand,25878.0
2023-03-12 05:00:00,CISO,California Independent System Operator,Demand,25573.0
2023-03-12 06:00:00,CISO,California Independent System Operator,Demand,25041.0
2023-03-12 07:00:00,CISO,California Independent System Operator,Demand,24410.0
2023-03-12 08:00:00,CISO,California Independent System Operator,Demand,23455.0
2023-03-12 09:00:00,CISO,California Independent System Operator,Demand,22726.0
2023-03-12 10:00:00,CISO,California Independent System Operator,Demand,21954.0
2023-03-12 11:00:00,CISO,California Independent System Operator,Demand,21415.0
2023-03-12 12:00:00,CISO,California Independent System Operator,Demand,20912.0
2023-03-12 13:00:00,CISO,California Independent System Operator,Demand,21003.0
2023-03-12 14:00:00,CISO,California Independent System Operator,Demand,21068.0
2023-03-12 15:00:00,CISO,California Independent System Operator,Demand,21224.0
2023-03-12 16:00:00,CISO,California Independent System Operator,Demand,21555.0
2023-03-12 17:00:00,CISO,California Independent System Operator,Demand,22059.0
2023-03-12 18:00:00,CISO,California Independent System Operator,Demand,21599.0
2023-03-12 19:00:00,CISO,California Independent System Operator,Demand,21003.0
2023-03-12 20:00:00,CISO,California Independent System Operator,Demand,21208.0
2023-03-12 21:00:00,CISO,California Independent System Operator,Demand,20727.0
2023-03-12 22:00:00,CISO,California Independent System Operator,Demand,20403.0
2023-03-12 23:00:00,CISO,California Independent System Operator,Demand,19725.0
2023-03-13 00:00:00,CISO,California Independent System Operator,Demand,19722.0
2023-03-13 01:00:00,CISO,California Independent System Operator,Demand,20442.0
2023-03-13 02:00:00,CISO,California Independent System Operator,Demand,22155.0
2023-03-13 03:00:00,CISO,California Independent System Operator,Demand,23977.0
2023-03-13 04:00:00,CISO,California Independent System Operator,Demand,25534.0
2023-03-13 05:00:00,CISO,California Independent System Operator,Demand,25354.0
2023-03-13 06:00:00,CISO,California Independent System Operator,Demand,24801.0
2023-03-13 07:00:00,CISO,California Independent System Operator,Demand,23571.0
2023-03-13 08:00:00,CISO,California Independent System Operator,Demand,22599.0
2023-03-13 09:00:00,CISO,California Independent System Operator,Demand,21870.0
2023-03-13 10:00:00,CISO,California Independent System Operator,Demand,21361.0
2023-03-13 11:00:00,CISO,California Independent System Operator,Demand,21342.0
2023-03-13 12:00:00,CISO,California Independent System Operator,Demand,21302.0
2023-03-13 13:00:00,CISO,California Independent System Operator,Demand,21177.0
2023-03-13 14:00:00,CISO,California Independent System Operator,Demand,22179.0
2023-03-13 15:00:00,CISO,California Independent System Operator,Demand,24093.0
2023-03-13 16:00:00,CISO,California Independent System Operator,Demand,25628.0
2023-03-13 17:00:00,CISO,California Independent System Operator,Demand,25502.0
2023-03-13 18:00:00,CISO,California Independent System Operator,Demand,25334.0
2023-03-13 19:00:00,CISO,California Independent System Operator,Demand,24392.0
2023-03-13 20:00:00,CISO,California Independent System Operator,Demand,23204.0
2023-03-13 21:00:00,CISO,California Independent System Operator,Demand,22152.0
2023-03-13 22:00:00,CISO,California Independent System Operator,Demand,21106.0
2023-03-13 23:00:00,CISO,California Independent System Operator,Demand,20919.0
2023-03-14 00:00:00,CISO,California Independent System Operator,Demand,21321.0
2023-03-14 01:00:00,CISO,California Independent System Operator,Demand,22179.0
2023-03-14 02:00:00,CISO,California Independent System Operator,Demand,23719.0
2023-03-14 03:00:00,CISO,California Independent System Operator,Demand,25705.0
2023-03-14 04:00:00,CISO,California Independent System Operator,Demand,27198.0
2023-03-14 05:00:00,CISO,California Independent System Operator,Demand,26682.0
2023-03-14 06:00:00,CISO,California Independent System Operator,Demand,26005.0
2023-03-14 07:00:00,CISO,California Independent System Operator,Demand,24897.0
2023-03-14 08:00:00,CISO,California Independent System Operator,Demand,23400.0
2023-03-14 09:00:00,CISO,California Independent System Operator,Demand,22645.0
2023-03-14 10:00:00,CISO,California Independent System Operator,Demand,22000.0
2023-03-14 11:00:00,CISO,California Independent System Operator,Demand,21598.0
2023-03-14 12:00:00,CISO,California Independent System Operator,Demand,21223.0
2023-03-14 13:00:00,CISO,California Independent System Operator,Demand,21288.0
2023-03-14 14:00:00,CISO,California Independent System Operator,Demand,22119.0
2023-03-14 15:00:00,CISO,California Independent System Operator,Demand,24024.0
2023-03-14 16:00:00,CISO,California Independent System Operator,Demand,25396.0
2023-03-14 17:00:00,CISO,California Independent System Operator,Demand,25970.0
2023-03-14 18:00:00,CISO,California Independent System Operator,Demand,26616.0
2023-03-14 19:00:00,CISO,California Independent System Operator,Demand,26656.0
2023-03-14 20:00:00,CISO,California Independent System Operator,Demand,26664.0
2023-03-14 21:00:00,CISO,California Independent System Operator,Demand,26126.0
2023-03-14 22:00:00,CISO,California Independent System Operator,Demand,25340.0
2023-03-14 23:00:00,CISO,California Independent System Operator,Demand,24505.0
2023-03-15 00:00:00,CISO,California Independent System Operator,Demand,24488.0
2023-03-15 01:00:00,CISO,California Independent System Operator,Demand,24685.0
2023-03-15 02:00:00,CISO,California Independent System Operator,Demand,25334.0
2023-03-15 03:00:00,CISO,California Independent System Operator,Demand,26315.0
2023-03-15 04:00:00,CISO,California Independent System Operator,Demand,26900.0
2023-03-15 05:00:00,CISO,California Independent System Operator,Demand,26554.0
2023-03-15 06:00:00,CISO,California Independent System Operator,Demand,26150.0
2023-03-15 07:00:00,CISO,California Independent System Operator,Demand,24723.0
2023-03-15 08:00:00,CISO,California Independent System Operator,Demand,23344.0
2023-03-15 09:00:00,CISO,California Independent System Operator,Demand,22872.0
2023-03-15 10:00:00,CISO,California Independent System Operator,Demand,22205.0
2023-03-15 11:00:00,CISO,California Independent System Operator,Demand,21982.0
2023-03-15 12:00:00,CISO,California Independent System Operator,Demand,21794.0
2023-03-15 13:00:00,CISO,California Independent System Operator,Demand,21738.0
2023-03-15 14:00:00,CISO,California Independent System Operator,Demand,22897.0
2023-03-15 15:00:00,CISO,California Independent System Operator,Demand,24660.0
2023-03-15 16:00:00,CISO,California Independent System Operator,Demand,26335.0
2023-03-15 17:00:00,CISO,California Independent System Operator,Demand,26105.0
2023-03-15 18:00:00,CISO,California Independent System Operator,Demand,25213.0
2023-03-15 19:00:00,CISO,California Independent System Operator,Demand,24639.0
2023-03-15 20:00:00,CISO,California Independent System Operator,Demand,23649.0
2023-03-15 21:00:00,CISO,California Independent System Operator,Demand,23115.0
2023-03-15 22:00:00,CISO,California Independent System Operator,Demand,22356.0
2023-03-15 23:00:00,CISO,California Independent System Operator,Demand,22424.0
2023-03-16 00:00:00,CISO,California Independent System Operator,Demand,22046.0
2023-03-16 01:00:00,CISO,California Independent System Operator,Demand,22611.0
2023-03-16 02:00:00,CISO,California Independent System Operator,Demand,23560.0
2023-03-16 03:00:00,CISO,California Independent System Operator,Demand,25171.0
2023-03-16 04:00:00,CISO,California Independent System Operator,Demand,26781.0
2023-03-16 05:00:00,CISO,California Independent System Operator,Demand,26630.0
2023-03-16 06:00:00,CISO,California Independent System Operator,Demand,25962.0
2023-03-16 07:00:00,CISO,California Independent System Operator,Demand,24462.0
2023-03-16 08:00:00,CISO,California Independent System Operator,Demand,23163.0
2023-03-16 09:00:00,CISO,California Independent System Operator,Demand,22507.0
2023-03-16 10:00:00,CISO,California Independent System Operator,Demand,21980.0
2023-03-16 11:00:00,CISO,California Independent System Operator,Demand,21746.0
2023-03-16 12:00:00,CISO,California Independent System Operator,Demand,21683.0
2023-03-16 13:00:00,CISO,California Independent System Operator,Demand,21740.0
2023-03-16 14:00:00,CISO,California Independent System Operator,Demand,22705.0
2023-03-16 15:00:00,CISO,California Independent System Operator,Demand,24941.0
2023-03-16 16:00:00,CISO,California Independent System Operator,Demand,26408.0
2023-03-16 17:00:00,CISO,California Independent System Operator,Demand,25951.0
2023-03-16 18:00:00,CISO,California Independent System Operator,Demand,24841.0
2023-03-16 19:00:00,CISO,California Independent System Operator,Demand,23054.0
2023-03-16 20:00:00,CISO,California Independent System Operator,Demand,22316.0
2023-03-16 21:00:00,CISO,California Independent System Operator,Demand,21431.0
2023-03-16 22:00:00,CISO,California Independent System Operator,Demand,21025.0
2023-03-16 23:00:00,CISO,California Independent System Operator,Demand,20535.0
2023-03-17 00:00:00,CISO,California Independent System Operator,Demand,20657.0
2023-03-17 01:00:00,CISO,California Independent System Operator,Demand,20645.0
2023-03-17 02:00:00,CISO,California Independent System Operator,Demand,21863.0
2023-03-17 03:00:00,CISO,California Independent System Operator,Demand,23899.0
2023-03-17 04:00:00,CISO,California Independent System Operator,Demand,25884.0
2023-03-17 05:00:00,CISO,California Independent System Operator,Demand,26030.0
2023-03-17 06:00:00,CISO,California Independent System Operator,Demand,25335.0
2023-03-17 07:00:00,CISO,California Independent System Operator,Demand,24199.0
2023-03-17 08:00:00,CISO,California Independent System Operator,Demand,22853.0
2023-03-17 09:00:00,CISO,California Independent System Operator,Demand,22048.0
2023-03-17 10:00:00,CISO,California Independent System Operator,Demand,21369.0
2023-03-17 11:00:00,CISO,California Independent System Operator,Demand,21002.0
2023-03-17 12:00:00,CISO,California Independent System Operator,Demand,20783.0
2023-03-17 13:00:00,CISO,California Independent System Operator,Demand,21146.0
2023-03-17 14:00:00,CISO,California Independent System Operator,Demand,22468.0
2023-03-17 15:00:00,CISO,California Independent System Operator,Demand,24608.0
2023-03-17 16:00:00,CISO,California Independent System Operator,Demand,25975.0
2023-03-17 17:00:00,CISO,California Independent System Operator,Demand,25614.0
2023-03-17 18:00:00,CISO,California Independent System Operator,Demand,24092.0
2023-03-17 19:00:00,CISO,California Independent System Operator,Demand,22559.0
2023-03-17 20:00:00,CISO,California Independent System Operator,Demand,20651.0
2023-03-17 21:00:00,CISO,California Independent System Operator,Demand,19292.0
2023-03-17 22:00:00,CISO,California Independent System Operator,Demand,18497.0
2023-03-17 23:00:00,CISO,California Independent System Operator,Demand,18599.0
2023-03-18 00:00:00,CISO,California Independent System Operator,Demand,19256.0
2023-03-18 01:00:00,CISO,California Independent System Operator,Demand,20478.0
2023-03-18 02:00:00,CISO,California Independent System Operator,Demand,21822.0
2023-03-18 03:00:00,CISO,California Independent System Operator,Demand,23311.0
2023-03-18 04:00:00,CISO,California Independent System Operator,Demand,24909.0
2023-03-18 05:00:00,CISO,California Independent System Operator,Demand,24894.0
2023-03-18 06:00:00,CISO,California Independent System Operator,Demand,24379.0
2023-03-18 07:00:00,CISO,California Independent System Operator,Demand,23418.0
2023-03-18 08:00:00,CISO,California Independent System Operator,Demand,22211.0
2023-03-18 09:00:00,CISO,California Independent System Operator,Demand,21527.0
2023-03-18 10:00:00,CISO,California Independent System Operator,Demand,20813.0
2023-03-18 11:00:00,CISO,California Independent System Operator,Demand,20466.0
2023-03-18 12:00:00,CISO,California Independent System Operator,Demand,20159.0
2023-03-18 13:00:00,CISO,California Independent System Operator,Demand,20193.0
2023-03-18 14:00:00,CISO,California Independent System Operator,Demand,20717.0
2023-03-18 15:00:00,CISO,California Independent System Operator,Demand,21549.0
2023-03-18 16:00:00,CISO,California Independent System Operator,Demand,21886.0
2023-03-18 17:00:00,CISO,California Independent System Operator,Demand,21360.0
2023-03-18 18:00:00,CISO,California Independent System Operator,Demand,19730.0
2023-03-18 19:00:00,CISO,California Independent System Operator,Demand,18741.0
2023-03-18 20:00:00,CISO,California Independent System Operator,Demand,17770.0
2023-03-18 21:00:00,CISO,California Independent System Operator,Demand,17326.0
2023-03-18 22:00:00,CISO,California Independent System Operator,Demand,17158.0
2023-03-18 23:00:00,CISO,California Independent System Operator,Demand,17677.0
2023-03-19 00:00:00,CISO,California Independent System Operator,Demand,18846.0
2023-03-19 01:00:00,CISO,California Independent System Operator,Demand,20032.0
2023-03-19 02:00:00,CISO,California Independent System Operator,Demand,21386.0
2023-03-19 03:00:00,CISO,California Independent System Operator,Demand,22749.0
2023-03-19 04:00:00,CISO,California Independent System Operator,Demand,23994.0
2023-03-19 05:00:00,CISO,California Independent System Operator,Demand,23843.0
2023-03-19 06:00:00,CISO,California Independent System Operator,Demand,23462.0
2023-03-19 07:00:00,CISO,California Independent System Operator,Demand,22477.0
2023-03-19 08:00:00,CISO,California Independent System Operator,Demand,21471.0
2023-03-19 09:00:00,CISO,California Independent System Operator,Demand,20890.0
2023-03-19 10:00:00,CISO,California Independent System Operator,Demand,20180.0
2023-03-19 11:00:00,CISO,California Independent System Operator,Demand,19659.0
2023-03-19 12:00:00,CISO,California Independent System Operator,Demand,19398.0
2023-03-19 13:00:00,CISO,California Independent System Operator,Demand,19433.0
2023-03-19 14:00:00,CISO,California Independent System Operator,Demand,19458.0
2023-03-19 15:00:00,CISO,California Independent System Operator,Demand,20086.0
2023-03-19 16:00:00,CISO,California Independent System Operator,Demand,20566.0
2023-03-19 17:00:00,CISO,California Independent System Operator,Demand,20958.0
2023-03-19 18:00:00,CISO,California Independent System Operator,Demand,21179.0
2023-03-19 19:00:00,CISO,California Independent System Operator,Demand,21229.0
2023-03-19 20:00:00,CISO,California Independent System Operator,Demand,21381.0
2023-03-19 21:00:00,CISO,California Independent System Operator,Demand,21683.0
2023-03-19 22:00:00,CISO,California Independent System Operator,Demand,21413.0
2023-03-19 23:00:00,CISO,California Independent System Operator,Demand,21175.0
2023-03-20 00:00:00,CISO,California Independent System Operator,Demand,21159.0
2023-03-20 01:00:00,CISO,California Independent System Operator,Demand,21467.0
2023-03-20 02:00:00,CISO,California Independent System Operator,Demand,22951.0
2023-03-20 03:00:00,CISO,California Independent System Operator,Demand,23625.0
2023-03-20 04:00:00,CISO,California Independent System Operator,Demand,24797.0
2023-03-20 05:00:00,CISO,California Independent System Operator,Demand,24659.0
2023-03-20 06:00:00,CISO,California Independent System Operator,Demand,24072.0
2023-03-20 07:00:00,CISO,California Independent System Operator,Demand,22890.0
2023-03-20 08:00:00,CISO,California Independent System Operator,Demand,21749.0
2023-03-20 09:00:00,CISO,California Independent System Operator,Demand,21008.0
2023-03-20 10:00:00,CISO,California Independent System Operator,Demand,20371.0
2023-03-20 11:00:00,CISO,California Independent System Operator,Demand,20087.0
2023-03-20 12:00:00,CISO,California Independent System Operator,Demand,20430.0
2023-03-20 13:00:00,CISO,California Independent System Operator,Demand,20675.0
2023-03-20 14:00:00,CISO,California Independent System Operator,Demand,21702.0
2023-03-20 15:00:00,CISO,California Independent System Operator,Demand,23711.0
2023-03-20 16:00:00,CISO,California Independent System Operator,Demand,25174.0
2023-03-20 17:00:00,CISO,California Independent System Operator,Demand,24891.0
2023-03-20 18:00:00,CISO,California Independent System Operator,Demand,24946.0
2023-03-20 19:00:00,CISO,California Independent System Operator,Demand,23810.0
2023-03-20 20:00:00,CISO,California Independent System Operator,Demand,23298.0
2023-03-20 21:00:00,CISO,California Independent System Operator,Demand,23058.0
2023-03-20 22:00:00,CISO,California Independent System Operator,Demand,21903.0
2023-03-20 23:00:00,CISO,California Independent System Operator,Demand,21303.0
2023-03-21 00:00:00,CISO,California Independent System Operator,Demand,20914.0
2023-03-21 01:00:00,CISO,California Independent System Operator,Demand,21124.0
2023-03-21 02:00:00,CISO,California Independent System Operator,Demand,23141.0
2023-03-21 03:00:00,CISO,California Independent System Operator,Demand,24743.0
2023-03-21 04:00:00,CISO,California Independent System Operator,Demand,26161.0
2023-03-21 05:00:00,CISO,California Independent System Operator,Demand,25959.0
2023-03-21 06:00:00,CISO,California Independent System Operator,Demand,25292.0
2023-03-21 07:00:00,CISO,California Independent System Operator,Demand,24040.0
2023-03-21 08:00:00,CISO,California Independent System Operator,Demand,22596.0
2023-03-21 09:00:00,CISO,California Independent System Operator,Demand,21956.0
2023-03-21 10:00:00,CISO,California Independent System Operator,Demand,21552.0
2023-03-21 11:00:00,CISO,California Independent System Operator,Demand,20927.0
2023-03-21 12:00:00,CISO,California Independent System Operator,Demand,20750.0
2023-03-21 13:00:00,CISO,California Independent System Operator,Demand,20815.0
2023-03-21 14:00:00,CISO,California Independent System Operator,Demand,22118.0
2023-03-21 15:00:00,CISO,California Independent System Operator,Demand,24263.0
2023-03-21 16:00:00,CISO,California Independent System Operator,Demand,26348.0
2023-03-21 17:00:00,CISO,California Independent System Operator,Demand,27096.0
2023-03-21 18:00:00,CISO,California Independent System Operator,Demand,27442.0
2023-03-21 19:00:00,CISO,California Independent System Operator,Demand,26938.0
2023-03-21 20:00:00,CISO,California Independent System Operator,Demand,26572.0
2023-03-21 21:00:00,CISO,California Independent System Operator,Demand,24891.0
2023-03-21 22:00:00,CISO,California Independent System Operator,Demand,23558.0
2023-03-21 23:00:00,CISO,California Independent System Operator,Demand,24446.0
2023-03-22 00:00:00,CISO,California Independent System Operator,Demand,24956.0
2023-03-22 01:00:00,CISO,California Independent System Operator,Demand,25427.0
2023-03-22 02:00:00,CISO,California Independent System Operator,Demand,26274.0
2023-03-22 03:00:00,CISO,California Independent System Operator,Demand,26898.0
2023-03-22 04:00:00,CISO,California Independent System Operator,Demand,27711.0
2023-03-22 05:00:00,CISO,California Independent System Operator,Demand,27396.0
2023-03-22 06:00:00,CISO,California Independent System Operator,Demand,26493.0
2023-03-22 07:00:00,CISO,California Independent System Operator,Demand,24998.0
2023-03-22 08:00:00,CISO,California Independent System Operator,Demand,23560.0
2023-03-22 09:00:00,CISO,California Independent System Operator,Demand,22695.0
2023-03-22 10:00:00,CISO,California Independent System Operator,Demand,22322.0
2023-03-22 11:00:00,CISO,California Independent System Operator,Demand,22040.0
2023-03-22 12:00:00,CISO,California Independent System Operator,Demand,22016.0
2023-03-22 13:00:00,CISO,California Independent System Operator,Demand,21981.0
2023-03-22 14:00:00,CISO,California Independent System Operator,Demand,23108.0
2023-03-22 15:00:00,CISO,California Independent System Operator,Demand,25180.0
2023-03-22 16:00:00,CISO,California Independent System Operator,Demand,26449.0
2023-03-22 17:00:00,CISO,California Independent System Operator,Demand,26474.0
2023-03-22 18:00:00,CISO,California Independent System Operator,Demand,26057.0
2023-03-22 19:00:00,CISO,California Independent System Operator,Demand,25240.0
2023-03-22 20:00:00,CISO,California Independent System Operator,Demand,24533.0
2023-03-22 21:00:00,CISO,California Independent System Operator,Demand,24498.0
2023-03-22 22:00:00,CISO,California Independent System Operator,Demand,23574.0
2023-03-22 23:00:00,CISO,California Independent System Operator,Demand,23003.0
2023-03-23 00:00:00,CISO,California Independent System Operator,Demand,22349.0
2023-03-23 01:00:00,CISO,California Independent System Operator,Demand,22964.0
2023-03-23 02:00:00,CISO,California Independent System Operator,Demand,24283.0
2023-03-23 03:00:00,CISO,California Independent System Operator,Demand,25712.0
2023-03-23 04:00:00,CISO,California Independent System Operator,Demand,27134.0
2023-03-23 05:00:00,CISO,California Independent System Operator,Demand,27029.0
2023-03-23 06:00:00,CISO,California Independent System Operator,Demand,26283.0
2023-03-23 07:00:00,CISO,California Independent System Operator,Demand,24907.0
2023-03-23 08:00:00,CISO,California Independent System Operator,Demand,23531.0
2023-03-23 09:00:00,CISO,California Independent System Operator,Demand,22665.0
2023-03-23 10:00:00,CISO,California Independent System Operator,Demand,21972.0
2023-03-23 11:00:00,CISO,California Independent System Operator,Demand,21886.0
2023-03-23 12:00:00,CISO,California Independent System Operator,Demand,21852.0
2023-03-23 13:00:00,CISO,California Independent System Operator,Demand,21901.0
2023-03-23 14:00:00,CISO,California Independent System Operator,Demand,23095.0
2023-03-23 15:00:00,CISO,California Independent System Operator,Demand,25300.0
2023-03-23 16:00:00,CISO,California Independent System Operator,Demand,26530.0
2023-03-23 17:00:00,CISO,California Independent System Operator,Demand,26390.0
2023-03-23 18:00:00,CISO,California Independent System Operator,Demand,25863.0
2023-03-23 19:00:00,CISO,California Independent System Operator,Demand,24721.0
2023-03-23 20:00:00,CISO,California Independent System Operator,Demand,24230.0
2023-03-23 21:00:00,CISO,California Independent System Operator,Demand,23457.0
2023-03-23 22:00:00,CISO,California Independent System Operator,Demand,22915.0
2023-03-23 23:00:00,CISO,California Independent System Operator,Demand,22265.0
2023-03-24 00:00:00,CISO,California Independent System Operator,Demand,22342.0
2023-03-24 01:00:00,CISO,California Independent System Operator,Demand,22468.0
2023-03-24 02:00:00,CISO,California Independent System Operator,Demand,23537.0
2023-03-24 03:00:00,CISO,California Independent System Operator,Demand,25635.0
2023-03-24 04:00:00,CISO,California Independent System Operator,Demand,27540.0
2023-03-24 05:00:00,CISO,California Independent System Operator,Demand,27602.0
2023-03-24 06:00:00,CISO,California Independent System Operator,Demand,26885.0
2023-03-24 07:00:00,CISO,California Independent System Operator,Demand,25629.0
2023-03-24 08:00:00,CISO,California Independent System Operator,Demand,24125.0
2023-03-24 09:00:00,CISO,California Independent System Operator,Demand,23348.0
2023-03-24 10:00:00,CISO,California Independent System Operator,Demand,22548.0
2023-03-24 11:00:00,CISO,California Independent System Operator,Demand,22442.0
2023-03-24 12:00:00,CISO,California Independent System Operator,Demand,22087.0
2023-03-24 13:00:00,CISO,California Independent System Operator,Demand,22208.0
2023-03-24 14:00:00,CISO,California Independent System Operator,Demand,23510.0
2023-03-24 15:00:00,CISO,California Independent System Operator,Demand,25687.0
2023-03-24 16:00:00,CISO,California Independent System Operator,Demand,26715.0
2023-03-24 17:00:00,CISO,California Independent System Operator,Demand,25886.0
2023-03-24 18:00:00,CISO,California Independent System Operator,Demand,23907.0
2023-03-24 19:00:00,CISO,California Independent System Operator,Demand,22631.0
2023-03-24 20:00:00,CISO,California Independent System Operator,Demand,21128.0
2023-03-24 21:00:00,CISO,California Independent System Operator,Demand,19963.0
2023-03-24 22:00:00,CISO,California Independent System Operator,Demand,18759.0
2023-03-24 23:00:00,CISO,California Independent System Operator,Demand,18099.0
2023-03-25 00:00:00,CISO,California Independent System Operator,Demand,18343.0
2023-03-25 01:00:00,CISO,California Independent System Operator,Demand,19451.0
2023-03-25 02:00:00,CISO,California Independent System Operator,Demand,21604.0
2023-03-25 03:00:00,CISO,California Independent System Operator,Demand,24143.0
2023-03-25 04:00:00,CISO,California Independent System Operator,Demand,26255.0
2023-03-25 05:00:00,CISO,California Independent System Operator,Demand,26594.0
2023-03-25 06:00:00,CISO,California Independent System Operator,Demand,26153.0
2023-03-25 07:00:00,CISO,California Independent System Operator,Demand,25130.0
2023-03-25 08:00:00,CISO,California Independent System Operator,Demand,24036.0
2023-03-25 09:00:00,CISO,California Independent System Operator,Demand,23323.0
2023-03-25 10:00:00,CISO,California Independent System Operator,Demand,22466.0
2023-03-25 11:00:00,CISO,California Independent System Operator,Demand,21990.0
2023-03-25 12:00:00,CISO,California Independent System Operator,Demand,21740.0
2023-03-25 13:00:00,CISO,California Independent System Operator,Demand,21522.0
2023-03-25 14:00:00,CISO,California Independent System Operator,Demand,22066.0
2023-03-25 15:00:00,CISO,California Independent System Operator,Demand,22992.0
2023-03-25 16:00:00,CISO,California Independent System Operator,Demand,23101.0
2023-03-25 17:00:00,CISO,California Independent System Operator,Demand,21955.0
2023-03-25 18:00:00,CISO,California Independent System Operator,Demand,20600.0
2023-03-25 19:00:00,CISO,California Independent System Operator,Demand,18988.0
2023-03-25 20:00:00,CISO,California Independent System Operator,Demand,17441.0
2023-03-25 21:00:00,CISO,California Independent System Operator,Demand,16438.0
2023-03-25 22:00:00,CISO,California Independent System Operator,Demand,15789.0
2023-03-25 23:00:00,CISO,California Independent System Operator,Demand,15410.0
2023-03-26 00:00:00,CISO,California Independent System Operator,Demand,15904.0
2023-03-26 01:00:00,CISO,California Independent System Operator,Demand,17424.0
2023-03-26 02:00:00,CISO,California Independent System Operator,Demand,19842.0
2023-03-26 03:00:00,CISO,California Independent System Operator,Demand,22468.0
2023-03-26 04:00:00,CISO,California Independent System Operator,Demand,24656.0
2023-03-26 05:00:00,CISO,California Independent System Operator,Demand,25085.0
2023-03-26 06:00:00,CISO,California Independent System Operator,Demand,24765.0
2023-03-26 07:00:00,CISO,California Independent System Operator,Demand,23974.0
2023-03-26 08:00:00,CISO,California Independent System Operator,Demand,23144.0
2023-03-26 09:00:00,CISO,California Independent System Operator,Demand,22617.0
2023-03-26 10:00:00,CISO,California Independent System Operator,Demand,21929.0
2023-03-26 11:00:00,CISO,California Independent System Operator,Demand,21531.0
2023-03-26 12:00:00,CISO,California Independent System Operator,Demand,21250.0
2023-03-26 13:00:00,CISO,California Independent System Operator,Demand,21335.0
2023-03-26 14:00:00,CISO,California Independent System Operator,Demand,21777.0
2023-03-26 15:00:00,CISO,California Independent System Operator,Demand,22474.0
2023-03-26 16:00:00,CISO,California Independent System Operator,Demand,22421.0
2023-03-26 17:00:00,CISO,California Independent System Operator,Demand,21231.0
2023-03-26 18:00:00,CISO,California Independent System Operator,Demand,19661.0
2023-03-26 19:00:00,CISO,California Independent System Operator,Demand,18037.0
2023-03-26 20:00:00,CISO,California Independent System Operator,Demand,16570.0
2023-03-26 21:00:00,CISO,California Independent System Operator,Demand,15723.0
2023-03-26 22:00:00,CISO,California Independent System Operator,Demand,15426.0
2023-03-26 23:00:00,CISO,California Independent System Operator,Demand,15323.0
2023-03-27 00:00:00,CISO,California Independent System Operator,Demand,16197.0
2023-03-27 01:00:00,CISO,California Independent System Operator,Demand,17444.0
2023-03-27 02:00:00,CISO,California Independent System Operator,Demand,19663.0
2023-03-27 03:00:00,CISO,California Independent System Operator,Demand,22620.0
2023-03-27 04:00:00,CISO,California Independent System Operator,Demand,25082.0
2023-03-27 05:00:00,CISO,California Independent System Operator,Demand,25565.0
2023-03-27 06:00:00,CISO,California Independent System Operator,Demand,25194.0
2023-03-27 07:00:00,CISO,California Independent System Operator,Demand,23936.0
2023-03-27 08:00:00,CISO,California Independent System Operator,Demand,22640.0
2023-03-27 09:00:00,CISO,California Independent System Operator,Demand,22279.0
2023-03-27 10:00:00,CISO,California Independent System Operator,Demand,21797.0
2023-03-27 11:00:00,CISO,California Independent System Operator,Demand,21305.0
2023-03-27 12:00:00,CISO,California Independent System Operator,Demand,21372.0
2023-03-27 13:00:00,CISO,California Independent System Operator,Demand,21870.0
2023-03-27 14:00:00,CISO,California Independent System Operator,Demand,23473.0
2023-03-27 15:00:00,CISO,California Independent System Operator,Demand,25858.0
2023-03-27 16:00:00,CISO,California Independent System Operator,Demand,26684.0
2023-03-27 17:00:00,CISO,California Independent System Operator,Demand,25403.0
2023-03-27 18:00:00,CISO,California Independent System Operator,Demand,23599.0
2023-03-27 19:00:00,CISO,California Independent System Operator,Demand,22055.0
2023-03-27 20:00:00,CISO,California Independent System Operator,Demand,20705.0
2023-03-27 21:00:00,CISO,California Independent System Operator,Demand,19726.0
2023-03-27 22:00:00,CISO,California Independent System Operator,Demand,19032.0
2023-03-27 23:00:00,CISO,California Independent System Operator,Demand,18608.0
2023-03-28 00:00:00,CISO,California Independent System Operator,Demand,18965.0
2023-03-28 01:00:00,CISO,California Independent System Operator,Demand,20314.0
2023-03-28 02:00:00,CISO,California Independent System Operator,Demand,22471.0
2023-03-28 03:00:00,CISO,California Independent System Operator,Demand,24782.0
2023-03-28 04:00:00,CISO,California Independent System Operator,Demand,26629.0
2023-03-28 05:00:00,CISO,California Independent System Operator,Demand,26659.0
2023-03-28 06:00:00,CISO,California Independent System Operator,Demand,25966.0
2023-03-28 07:00:00,CISO,California Independent System Operator,Demand,24592.0
2023-03-28 08:00:00,CISO,California Independent System Operator,Demand,23125.0
2023-03-28 09:00:00,CISO,California Independent System Operator,Demand,22371.0
2023-03-28 10:00:00,CISO,California Independent System Operator,Demand,21764.0
2023-03-28 11:00:00,CISO,California Independent System Operator,Demand,21724.0
2023-03-28 12:00:00,CISO,California Independent System Operator,Demand,21205.0
2023-03-28 13:00:00,CISO,California Independent System Operator,Demand,21473.0
2023-03-28 14:00:00,CISO,California Independent System Operator,Demand,22867.0
2023-03-28 15:00:00,CISO,California Independent System Operator,Demand,24998.0
2023-03-28 16:00:00,CISO,California Independent System Operator,Demand,25913.0
2023-03-28 17:00:00,CISO,California Independent System Operator,Demand,25018.0
2023-03-28 18:00:00,CISO,California Independent System Operator,Demand,24524.0
2023-03-28 19:00:00,CISO,California Independent System Operator,Demand,23977.0
2023-03-28 20:00:00,CISO,California Independent System Operator,Demand,23938.0
2023-03-28 21:00:00,CISO,California Independent System Operator,Demand,23938.0
2023-03-28 22:00:00,CISO,California Independent System Operator,Demand,23423.0
2023-03-28 23:00:00,CISO,California Independent System Operator,Demand,23168.0
2023-03-29 00:00:00,CISO,California Independent System Operator,Demand,23335.0
2023-03-29 01:00:00,CISO,California Independent System Operator,Demand,23582.0
2023-03-29 02:00:00,CISO,California Independent System Operator,Demand,24436.0
2023-03-29 03:00:00,CISO,California Independent System Operator,Demand,25826.0
2023-03-29 04:00:00,CISO,California Independent System Operator,Demand,27190.0
2023-03-29 05:00:00,CISO,California Independent System Operator,Demand,27277.0
2023-03-29 06:00:00,CISO,California Independent System Operator,Demand,26513.0
2023-03-29 07:00:00,CISO,California Independent System Operator,Demand,25212.0
2023-03-29 08:00:00,CISO,California Independent System Operator,Demand,23708.0
2023-03-29 09:00:00,CISO,California Independent System Operator,Demand,22858.0
2023-03-29 10:00:00,CISO,California Independent System Operator,Demand,22413.0
2023-03-29 11:00:00,CISO,California Independent System Operator,Demand,22084.0
2023-03-29 12:00:00,CISO,California Independent System Operator,Demand,21655.0
2023-03-29 13:00:00,CISO,California Independent System Operator,Demand,21913.0
2023-03-29 14:00:00,CISO,California Independent System Operator,Demand,23083.0
2023-03-29 15:00:00,CISO,California Independent System Operator,Demand,25360.0
2023-03-29 16:00:00,CISO,California Independent System Operator,Demand,26463.0
2023-03-29 17:00:00,CISO,California Independent System Operator,Demand,26771.0
2023-03-29 18:00:00,CISO,California Independent System Operator,Demand,26297.0
2023-03-29 19:00:00,CISO,California Independent System Operator,Demand,26317.0
2023-03-29 20:00:00,CISO,California Independent System Operator,Demand,25873.0
2023-03-29 21:00:00,CISO,California Independent System Operator,Demand,25951.0
2023-03-29 22:00:00,CISO,California Independent System Operator,Demand,25583.0
2023-03-29 23:00:00,CISO,California Independent System Operator,Demand,24559.0
2023-03-30 00:00:00,CISO,California Independent System Operator,Demand,23290.0
2023-03-30 01:00:00,CISO,California Independent System Operator,Demand,23703.0
2023-03-30 02:00:00,CISO,California Independent System Operator,Demand,24657.0
2023-03-30 03:00:00,CISO,California Independent System Operator,Demand,26168.0
2023-03-30 04:00:00,CISO,California Independent System Operator,Demand,27827.0
2023-03-30 05:00:00,CISO,California Independent System Operator,Demand,27943.0
2023-03-30 06:00:00,CISO,California Independent System Operator,Demand,27149.0
2023-03-30 07:00:00,CISO,California Independent System Operator,Demand,25768.0
2023-03-30 08:00:00,CISO,California Independent System Operator,Demand,24636.0
2023-03-30 09:00:00,CISO,California Independent System Operator,Demand,23884.0
2023-03-30 10:00:00,CISO,California Independent System Operator,Demand,23091.0
2023-03-30 11:00:00,CISO,California Independent System Operator,Demand,22810.0
2023-03-30 12:00:00,CISO,California Independent System Operator,Demand,22554.0
2023-03-30 13:00:00,CISO,California Independent System Operator,Demand,22822.0
2023-03-30 14:00:00,CISO,California Independent System Operator,Demand,23853.0
2023-03-30 15:00:00,CISO,California Independent System Operator,Demand,25889.0
2023-03-30 16:00:00,CISO,California Independent System Operator,Demand,26930.0
2023-03-30 17:00:00,CISO,California Independent System Operator,Demand,26898.0
2023-03-30 18:00:00,CISO,California Independent System Operator,Demand,25729.0
2023-03-30 19:00:00,CISO,California Independent System Operator,Demand,23930.0
2023-03-30 20:00:00,CISO,California Independent System Operator,Demand,23340.0
2023-03-30 21:00:00,CISO,California Independent System Operator,Demand,22945.0
2023-03-30 22:00:00,CISO,California Independent System Operator,Demand,22032.0
2023-03-30 23:00:00,CISO,California Independent System Operator,Demand,21794.0
2023-03-31 00:00:00,CISO,California Independent System Operator,Demand,21551.0
2023-03-31 01:00:00,CISO,California Independent System Operator,Demand,21921.0
2023-03-31 02:00:00,CISO,California Independent System Operator,Demand,23174.0
2023-03-31 03:00:00,CISO,California Independent System Operator,Demand,24868.0
2023-03-31 04:00:00,CISO,California Independent System Operator,Demand,27034.0
2023-03-31 05:00:00,CISO,California Independent System Operator,Demand,27397.0
2023-03-31 06:00:00,CISO,California Independent System Operator,Demand,27004.0
2023-03-31 07:00:00,CISO,California Independent System Operator,Demand,25780.0
2023-03-31 08:00:00,CISO,California Independent System Operator,Demand,24338.0
2023-03-31 09:00:00,CISO,California Independent System Operator,Demand,23575.0
2023-03-31 10:00:00,CISO,California Independent System Operator,Demand,22825.0
2023-03-31 11:00:00,CISO,California Independent System Operator,Demand,22512.0
2023-03-31 12:00:00,CISO,California Independent System Operator,Demand,22671.0
2023-03-31 13:00:00,CISO,California Independent System Operator,Demand,22774.0
2023-03-31 14:00:00,CISO,California Independent System Operator,Demand,24007.0
2023-03-31 15:00:00,CISO,California Independent System Operator,Demand,25726.0
2023-03-31 16:00:00,CISO,California Independent System Operator,Demand,26230.0
2023-03-31 17:00:00,CISO,California Independent System Operator,Demand,25073.0
2023-03-31 18:00:00,CISO,California Independent System Operator,Demand,23491.0
2023-03-31 19:00:00,CISO,California Independent System Operator,Demand,21791.0
2023-03-31 20:00:00,CISO,California Independent System Operator,Demand,20345.0
2023-03-31 21:00:00,CISO,California Independent System Operator,Demand,19819.0
2023-03-31 22:00:00,CISO,California Independent System Operator,Demand,19286.0
2023-03-31 23:00:00,CISO,California Independent System Operator,Demand,19167.0
2023-04-01 00:00:00,CISO,California Independent System Operator,Demand,19452.0
2023-04-01 01:00:00,CISO,California Independent System Operator,Demand,20230.0
2023-04-01 02:00:00,CISO,California Independent System Operator,Demand,22370.0
2023-04-01 03:00:00,CISO,California Independent System Operator,Demand,24137.0
2023-04-01 04:00:00,CISO,California Independent System Operator,Demand,25996.0
2023-04-01 05:00:00,CISO,California Independent System Operator,Demand,26213.0
2023-04-01 06:00:00,CISO,California Independent System Operator,Demand,25759.0
2023-04-01 07:00:00,CISO,California Independent System Operator,Demand,24675.0
2023-04-01 08:00:00,CISO,California Independent System Operator,Demand,23367.0
2023-04-01 09:00:00,CISO,California Independent System Operator,Demand,22667.0
2023-04-01 10:00:00,CISO,California Independent System Operator,Demand,22184.0
2023-04-01 11:00:00,CISO,California Independent System Operator,Demand,21722.0
2023-04-01 12:00:00,CISO,California Independent System Operator,Demand,21313.0
2023-04-01 13:00:00,CISO,California Independent System Operator,Demand,21269.0
2023-04-01 14:00:00,CISO,California Independent System Operator,Demand,21812.0
2023-04-01 15:00:00,CISO,California Independent System Operator,Demand,22578.0
2023-04-01 16:00:00,CISO,California Independent System Operator,Demand,22510.0
2023-04-01 17:00:00,CISO,California Independent System Operator,Demand,21154.0
2023-04-01 18:00:00,CISO,California Independent System Operator,Demand,19380.0
2023-04-01 19:00:00,CISO,California Independent System Operator,Demand,17958.0
2023-04-01 20:00:00,CISO,California Independent System Operator,Demand,16824.0
2023-04-01 21:00:00,CISO,California Independent System Operator,Demand,16220.0
2023-04-01 22:00:00,CISO,California Independent System Operator,Demand,15903.0
2023-04-01 23:00:00,CISO,California Independent System Operator,Demand,15528.0
2023-04-02 00:00:00,CISO,California Independent System Operator,Demand,16079.0
2023-04-02 01:00:00,CISO,California Independent System Operator,Demand,17358.0
2023-04-02 02:00:00,CISO,California Independent System Operator,Demand,19845.0
2023-04-02 03:00:00,CISO,California Independent System Operator,Demand,22187.0
2023-04-02 04:00:00,CISO,California Independent System Operator,Demand,24223.0
2023-04-02 05:00:00,CISO,California Independent System Operator,Demand,24581.0
2023-04-02 06:00:00,CISO,California Independent System Operator,Demand,24211.0
2023-04-02 07:00:00,CISO,California Independent System Operator,Demand,23290.0
2023-04-02 08:00:00,CISO,California Independent System Operator,Demand,22253.0
2023-04-02 09:00:00,CISO,California Independent System Operator,Demand,21523.0
2023-04-02 10:00:00,CISO,California Independent System Operator,Demand,20939.0
2023-04-02 11:00:00,CISO,California Independent System Operator,Demand,20390.0
2023-04-02 12:00:00,CISO,California Independent System Operator,Demand,20135.0
2023-04-02 13:00:00,CISO,California Independent System Operator,Demand,20201.0
2023-04-02 14:00:00,CISO,California Independent System Operator,Demand,20520.0
2023-04-02 15:00:00,CISO,California Independent System Operator,Demand,21011.0
2023-04-02 16:00:00,CISO,California Independent System Operator,Demand,21364.0
2023-04-02 17:00:00,CISO,California Independent System Operator,Demand,20643.0
2023-04-02 18:00:00,CISO,California Independent System Operator,Demand,19383.0
2023-04-02 19:00:00,CISO,California Independent System Operator,Demand,18321.0
2023-04-02 20:00:00,CISO,California Independent System Operator,Demand,16740.0
2023-04-02 21:00:00,CISO,California Independent System Operator,Demand,15540.0
2023-04-02 22:00:00,CISO,California Independent System Operator,Demand,15370.0
2023-04-02 23:00:00,CISO,California Independent System Operator,Demand,15179.0
2023-04-03 00:00:00,CISO,California Independent System Operator,Demand,16069.0
2023-04-03 01:00:00,CISO,California Independent System Operator,Demand,18005.0
2023-04-03 02:00:00,CISO,California Independent System Operator,Demand,20274.0
2023-04-03 03:00:00,CISO,California Independent System Operator,Demand,22609.0
2023-04-03 04:00:00,CISO,California Independent System Operator,Demand,24659.0
2023-04-03 05:00:00,CISO,California Independent System Operator,Demand,25093.0
2023-04-03 06:00:00,CISO,California Independent System Operator,Demand,24589.0
2023-04-03 07:00:00,CISO,California Independent System Operator,Demand,23478.0
2023-04-03 08:00:00,CISO,California Independent System Operator,Demand,22190.0
2023-04-03 09:00:00,CISO,California Independent System Operator,Demand,21523.0
2023-04-03 10:00:00,CISO,California Independent System Operator,Demand,21170.0
2023-04-03 11:00:00,CISO,California Independent System Operator,Demand,21147.0
2023-04-03 12:00:00,CISO,California Independent System Operator,Demand,21113.0
2023-04-03 13:00:00,CISO,California Independent System Operator,Demand,21501.0
2023-04-03 14:00:00,CISO,California Independent System Operator,Demand,22473.0
2023-04-03 15:00:00,CISO,California Independent System Operator,Demand,24473.0
2023-04-03 16:00:00,CISO,California Independent System Operator,Demand,25379.0
2023-04-03 17:00:00,CISO,California Independent System Operator,Demand,24874.0
2023-04-03 18:00:00,CISO,California Independent System Operator,Demand,24342.0
2023-04-03 19:00:00,CISO,California Independent System Operator,Demand,22917.0
2023-04-03 20:00:00,CISO,California Independent System Operator,Demand,21734.0
2023-04-03 21:00:00,CISO,California Independent System Operator,Demand,20478.0
2023-04-03 22:00:00,CISO,California Independent System Operator,Demand,20224.0
2023-04-03 23:00:00,CISO,California Independent System Operator,Demand,19783.0
2023-04-04 00:00:00,CISO,California Independent System Operator,Demand,19679.0
2023-04-04 01:00:00,CISO,California Independent System Operator,Demand,20679.0
2023-04-04 02:00:00,CISO,California Independent System Operator,Demand,22210.0
2023-04-04 03:00:00,CISO,California Independent System Operator,Demand,24602.0
2023-04-04 04:00:00,CISO,California Independent System Operator,Demand,27193.0
2023-04-04 05:00:00,CISO,California Independent System Operator,Demand,27560.0
2023-04-04 06:00:00,CISO,California Independent System Operator,Demand,26974.0
2023-04-04 07:00:00,CISO,California Independent System Operator,Demand,25540.0
2023-04-04 08:00:00,CISO,California Independent System Operator,Demand,24195.0
2023-04-04 09:00:00,CISO,California Independent System Operator,Demand,23589.0
2023-04-04 10:00:00,CISO,California Independent System Operator,Demand,23043.0
2023-04-04 11:00:00,CISO,California Independent System Operator,Demand,22900.0
2023-04-04 12:00:00,CISO,California Independent System Operator,Demand,22423.0
2023-04-04 13:00:00,CISO,California Independent System Operator,Demand,22895.0
2023-04-04 14:00:00,CISO,California Independent System Operator,Demand,24253.0
2023-04-04 15:00:00,CISO,California Independent System Operator,Demand,26510.0
2023-04-04 16:00:00,CISO,California Independent System Operator,Demand,26872.0
2023-04-04 17:00:00,CISO,California Independent System Operator,Demand,25518.0
2023-04-04 18:00:00,CISO,California Independent System Operator,Demand,23620.0
2023-04-04 19:00:00,CISO,California Independent System Operator,Demand,21825.0
2023-04-04 20:00:00,CISO,California Independent System Operator,Demand,20947.0
2023-04-04 21:00:00,CISO,California Independent System Operator,Demand,20004.0
2023-04-04 22:00:00,CISO,California Independent System Operator,Demand,19562.0
2023-04-04 23:00:00,CISO,California Independent System Operator,Demand,18911.0
2023-04-05 00:00:00,CISO,California Independent System Operator,Demand,18504.0
2023-04-05 01:00:00,CISO,California Independent System Operator,Demand,19388.0
2023-04-05 02:00:00,CISO,California Independent System Operator,Demand,21911.0
2023-04-05 03:00:00,CISO,California Independent System Operator,Demand,24434.0
2023-04-05 04:00:00,CISO,California Independent System Operator,Demand,26759.0
2023-04-05 05:00:00,CISO,California Independent System Operator,Demand,27247.0
2023-04-05 06:00:00,CISO,California Independent System Operator,Demand,26707.0
2023-04-05 07:00:00,CISO,California Independent System Operator,Demand,25523.0
2023-04-05 08:00:00,CISO,California Independent System Operator,Demand,24047.0
2023-04-05 09:00:00,CISO,California Independent System Operator,Demand,23425.0
2023-04-05 10:00:00,CISO,California Independent System Operator,Demand,23180.0
2023-04-05 11:00:00,CISO,California Independent System Operator,Demand,22580.0
2023-04-05 12:00:00,CISO,California Independent System Operator,Demand,22452.0
2023-04-05 13:00:00,CISO,California Independent System Operator,Demand,22700.0
2023-04-05 14:00:00,CISO,California Independent System Operator,Demand,24067.0
2023-04-05 15:00:00,CISO,California Independent System Operator,Demand,26187.0
2023-04-05 16:00:00,CISO,California Independent System Operator,Demand,26510.0
2023-04-05 17:00:00,CISO,California Independent System Operator,Demand,25203.0
2023-04-05 18:00:00,CISO,California Independent System Operator,Demand,23699.0
2023-04-05 19:00:00,CISO,California Independent System Operator,Demand,21639.0
2023-04-05 20:00:00,CISO,California Independent System Operator,Demand,20602.0
2023-04-05 21:00:00,CISO,California Independent System Operator,Demand,19290.0
2023-04-05 22:00:00,CISO,California Independent System Operator,Demand,19003.0
2023-04-05 23:00:00,CISO,California Independent System Operator,Demand,18906.0
2023-04-06 00:00:00,CISO,California Independent System Operator,Demand,18979.0
2023-04-06 01:00:00,CISO,California Independent System Operator,Demand,19870.0
2023-04-06 02:00:00,CISO,California Independent System Operator,Demand,21705.0
2023-04-06 03:00:00,CISO,California Independent System Operator,Demand,24026.0
2023-04-06 04:00:00,CISO,California Independent System Operator,Demand,26067.0
2023-04-06 05:00:00,CISO,California Independent System Operator,Demand,26528.0
2023-04-06 06:00:00,CISO,California Independent System Operator,Demand,25947.0
2023-04-06 07:00:00,CISO,California Independent System Operator,Demand,24630.0
2023-04-06 08:00:00,CISO,California Independent System Operator,Demand,23415.0
2023-04-06 09:00:00,CISO,California Independent System Operator,Demand,22875.0
2023-04-06 10:00:00,CISO,California Independent System Operator,Demand,22237.0
2023-04-06 11:00:00,CISO,California Independent System Operator,Demand,22079.0
2023-04-06 12:00:00,CISO,California Independent System Operator,Demand,21845.0
2023-04-06 13:00:00,CISO,California Independent System Operator,Demand,21976.0
2023-04-06 14:00:00,CISO,California Independent System Operator,Demand,23322.0
2023-04-06 15:00:00,CISO,California Independent System Operator,Demand,25321.0
2023-04-06 16:00:00,CISO,California Independent System Operator,Demand,25734.0
2023-04-06 17:00:00,CISO,California Independent System Operator,Demand,24562.0
2023-04-06 18:00:00,CISO,California Independent System Operator,Demand,22785.0
2023-04-06 19:00:00,CISO,California Independent System Operator,Demand,20957.0
2023-04-06 20:00:00,CISO,California Independent System Operator,Demand,19765.0
2023-04-06 21:00:00,CISO,California Independent System Operator,Demand,18884.0
2023-04-06 22:00:00,CISO,California Independent System Operator,Demand,18904.0
2023-04-06 23:00:00,CISO,California Independent System Operator,Demand,19167.0
2023-04-07 00:00:00,CISO,California Independent System Operator,Demand,19805.0
2023-04-07 01:00:00,CISO,California Independent System Operator,Demand,21181.0
2023-04-07 02:00:00,CISO,California Independent System Operator,Demand,22914.0
2023-04-07 03:00:00,CISO,California Independent System Operator,Demand,24631.0
2023-04-07 04:00:00,CISO,California Independent System Operator,Demand,26108.0
2023-04-07 05:00:00,CISO,California Independent System Operator,Demand,26131.0
2023-04-07 06:00:00,CISO,California Independent System Operator,Demand,25453.0
2023-04-07 07:00:00,CISO,California Independent System Operator,Demand,24087.0
2023-04-07 08:00:00,CISO,California Independent System Operator,Demand,22773.0
2023-04-07 09:00:00,CISO,California Independent System Operator,Demand,22074.0
2023-04-07 10:00:00,CISO,California Independent System Operator,Demand,21378.0
2023-04-07 11:00:00,CISO,California Independent System Operator,Demand,21169.0
2023-04-07 12:00:00,CISO,California Independent System Operator,Demand,21154.0
2023-04-07 13:00:00,CISO,California Independent System Operator,Demand,21316.0
2023-04-07 14:00:00,CISO,California Independent System Operator,Demand,22160.0
2023-04-07 15:00:00,CISO,California Independent System Operator,Demand,23717.0
2023-04-07 16:00:00,CISO,California Independent System Operator,Demand,24498.0
2023-04-07 17:00:00,CISO,California Independent System Operator,Demand,23982.0
2023-04-07 18:00:00,CISO,California Independent System Operator,Demand,23318.0
2023-04-07 19:00:00,CISO,California Independent System Operator,Demand,22198.0
2023-04-07 20:00:00,CISO,California Independent System Operator,Demand,21334.0
2023-04-07 21:00:00,CISO,California Independent System Operator,Demand,20858.0
2023-04-07 22:00:00,CISO,California Independent System Operator,Demand,20769.0
2023-04-07 23:00:00,CISO,California Independent System Operator,Demand,20161.0
2023-04-08 00:00:00,CISO,California Independent System Operator,Demand,20051.0
2023-04-08 01:00:00,CISO,California Independent System Operator,Demand,20938.0
2023-04-08 02:00:00,CISO,California Independent System Operator,Demand,22130.0
2023-04-08 03:00:00,CISO,California Independent System Operator,Demand,23993.0
2023-04-08 04:00:00,CISO,California Independent System Operator,Demand,25619.0
2023-04-08 05:00:00,CISO,California Independent System Operator,Demand,25562.0
2023-04-08 06:00:00,CISO,California Independent System Operator,Demand,25038.0
2023-04-08 07:00:00,CISO,California Independent System Operator,Demand,23790.0
2023-04-08 08:00:00,CISO,California Independent System Operator,Demand,22488.0
2023-04-08 09:00:00,CISO,California Independent System Operator,Demand,21640.0
2023-04-08 10:00:00,CISO,California Independent System Operator,Demand,20874.0
2023-04-08 11:00:00,CISO,California Independent System Operator,Demand,20355.0
2023-04-08 12:00:00,CISO,California Independent System Operator,Demand,20039.0
2023-04-08 13:00:00,CISO,California Independent System Operator,Demand,20057.0
2023-04-08 14:00:00,CISO,California Independent System Operator,Demand,20525.0
2023-04-08 15:00:00,CISO,California Independent System Operator,Demand,21158.0
2023-04-08 16:00:00,CISO,California Independent System Operator,Demand,20882.0
2023-04-08 17:00:00,CISO,California Independent System Operator,Demand,19785.0
2023-04-08 18:00:00,CISO,California Independent System Operator,Demand,18775.0
2023-04-08 19:00:00,CISO,California Independent System Operator,Demand,17915.0
2023-04-08 20:00:00,CISO,California Independent System Operator,Demand,16797.0
2023-04-08 21:00:00,CISO,California Independent System Operator,Demand,16144.0
2023-04-08 22:00:00,CISO,California Independent System Operator,Demand,16079.0
2023-04-08 23:00:00,CISO,California Independent System Operator,Demand,16029.0
2023-04-09 00:00:00,CISO,California Independent System Operator,Demand,16571.0
2023-04-09 01:00:00,CISO,California Independent System Operator,Demand,18042.0
2023-04-09 02:00:00,CISO,California Independent System Operator,Demand,19818.0
2023-04-09 03:00:00,CISO,California Independent System Operator,Demand,21924.0
2023-04-09 04:00:00,CISO,California Independent System Operator,Demand,23927.0
2023-04-09 05:00:00,CISO,California Independent System Operator,Demand,24312.0
2023-04-09 06:00:00,CISO,California Independent System Operator,Demand,23798.0
2023-04-09 07:00:00,CISO,California Independent System Operator,Demand,22823.0
2023-04-09 08:00:00,CISO,California Independent System Operator,Demand,21768.0
2023-04-09 09:00:00,CISO,California Independent System Operator,Demand,21019.0
2023-04-09 10:00:00,CISO,California Independent System Operator,Demand,20153.0
2023-04-09 11:00:00,CISO,California Independent System Operator,Demand,19733.0
2023-04-09 12:00:00,CISO,California Independent System Operator,Demand,19633.0
2023-04-09 13:00:00,CISO,California Independent System Operator,Demand,19614.0
2023-04-09 14:00:00,CISO,California Independent System Operator,Demand,19882.0
2023-04-09 15:00:00,CISO,California Independent System Operator,Demand,20316.0
2023-04-09 16:00:00,CISO,California Independent System Operator,Demand,20087.0
2023-04-09 17:00:00,CISO,California Independent System Operator,Demand,19423.0
2023-04-09 18:00:00,CISO,California Independent System Operator,Demand,17823.0
2023-04-09 19:00:00,CISO,California Independent System Operator,Demand,16708.0
2023-04-09 20:00:00,CISO,California Independent System Operator,Demand,15726.0
2023-04-09 21:00:00,CISO,California Independent System Operator,Demand,14819.0
2023-04-09 22:00:00,CISO,California Independent System Operator,Demand,14541.0
2023-04-09 23:00:00,CISO,California Independent System Operator,Demand,14779.0
2023-04-10 00:00:00,CISO,California Independent System Operator,Demand,15848.0
2023-04-10 01:00:00,CISO,California Independent System Operator,Demand,17527.0
2023-04-10 02:00:00,CISO,California Independent System Operator,Demand,19691.0
2023-04-10 03:00:00,CISO,California Independent System Operator,Demand,22020.0
2023-04-10 04:00:00,CISO,California Independent System Operator,Demand,23781.0
2023-04-10 05:00:00,CISO,California Independent System Operator,Demand,24196.0
2023-04-10 06:00:00,CISO,California Independent System Operator,Demand,23814.0
2023-04-10 07:00:00,CISO,California Independent System Operator,Demand,22463.0
2023-04-10 08:00:00,CISO,California Independent System Operator,Demand,21149.0
2023-04-10 09:00:00,CISO,California Independent System Operator,Demand,20470.0
2023-04-10 10:00:00,CISO,California Independent System Operator,Demand,19950.0
2023-04-10 11:00:00,CISO,California Independent System Operator,Demand,19600.0
2023-04-10 12:00:00,CISO,California Independent System Operator,Demand,19375.0
2023-04-10 13:00:00,CISO,California Independent System Operator,Demand,19599.0
2023-04-10 14:00:00,CISO,California Independent System Operator,Demand,20737.0
2023-04-10 15:00:00,CISO,California Independent System Operator,Demand,22302.0
2023-04-10 16:00:00,CISO,California Independent System Operator,Demand,22719.0
2023-04-10 17:00:00,CISO,California Independent System Operator,Demand,21945.0
2023-04-10 18:00:00,CISO,California Independent System Operator,Demand,21007.0
2023-04-10 19:00:00,CISO,California Independent System Operator,Demand,20048.0
2023-04-10 20:00:00,CISO,California Independent System Operator,Demand,19425.0
2023-04-10 21:00:00,CISO,California Independent System Operator,Demand,19468.0
2023-04-10 22:00:00,CISO,California Independent System Operator,Demand,19648.0
2023-04-10 23:00:00,CISO,California Independent System Operator,Demand,20014.0
2023-04-11 00:00:00,CISO,California Independent System Operator,Demand,20152.0
2023-04-11 01:00:00,CISO,California Independent System Operator,Demand,21578.0
2023-04-11 02:00:00,CISO,California Independent System Operator,Demand,23194.0
2023-04-11 03:00:00,CISO,California Independent System Operator,Demand,25176.0
2023-04-11 04:00:00,CISO,California Independent System Operator,Demand,26691.0
2023-04-11 05:00:00,CISO,California Independent System Operator,Demand,26594.0
2023-04-11 06:00:00,CISO,California Independent System Operator,Demand,25748.0
2023-04-11 07:00:00,CISO,California Independent System Operator,Demand,24257.0
2023-04-11 08:00:00,CISO,California Independent System Operator,Demand,22859.0
2023-04-11 09:00:00,CISO,California Independent System Operator,Demand,21889.0
2023-04-11 10:00:00,CISO,California Independent System Operator,Demand,21218.0
2023-04-11 11:00:00,CISO,California Independent System Operator,Demand,21002.0
2023-04-11 12:00:00,CISO,California Independent System Operator,Demand,20862.0
2023-04-11 13:00:00,CISO,California Independent System Operator,Demand,20983.0
2023-04-11 14:00:00,CISO,California Independent System Operator,Demand,21661.0
2023-04-11 15:00:00,CISO,California Independent System Operator,Demand,23166.0
2023-04-11 16:00:00,CISO,California Independent System Operator,Demand,23684.0
2023-04-11 17:00:00,CISO,California Independent System Operator,Demand,23047.0
2023-04-11 18:00:00,CISO,California Independent System Operator,Demand,22183.0
2023-04-11 19:00:00,CISO,California Independent System Operator,Demand,21198.0
2023-04-11 20:00:00,CISO,California Independent System Operator,Demand,20089.0
2023-04-11 21:00:00,CISO,California Independent System Operator,Demand,19523.0
2023-04-11 22:00:00,CISO,California Independent System Operator,Demand,19235.0
2023-04-11 23:00:00,CISO,California Independent System Operator,Demand,18930.0
2023-04-12 00:00:00,CISO,California Independent System Operator,Demand,19114.0
2023-04-12 01:00:00,CISO,California Independent System Operator,Demand,20616.0
2023-04-12 02:00:00,CISO,California Independent System Operator,Demand,22429.0
2023-04-12 03:00:00,CISO,California Independent System Operator,Demand,24665.0
2023-04-12 04:00:00,CISO,California Independent System Operator,Demand,26200.0
2023-04-12 05:00:00,CISO,California Independent System Operator,Demand,26488.0
2023-04-12 06:00:00,CISO,California Independent System Operator,Demand,25687.0
2023-04-12 07:00:00,CISO,California Independent System Operator,Demand,24058.0
2023-04-12 08:00:00,CISO,California Independent System Operator,Demand,22680.0
2023-04-12 09:00:00,CISO,California Independent System Operator,Demand,22164.0
2023-04-12 10:00:00,CISO,California Independent System Operator,Demand,21836.0
2023-04-12 11:00:00,CISO,California Independent System Operator,Demand,21150.0
2023-04-12 12:00:00,CISO,California Independent System Operator,Demand,20955.0
2023-04-12 13:00:00,CISO,California Independent System Operator,Demand,20704.0
2023-04-12 14:00:00,CISO,California Independent System Operator,Demand,21687.0
2023-04-12 15:00:00,CISO,California Independent System Operator,Demand,23333.0
2023-04-12 16:00:00,CISO,California Independent System Operator,Demand,24181.0
2023-04-12 17:00:00,CISO,California Independent System Operator,Demand,24076.0
2023-04-12 18:00:00,CISO,California Independent System Operator,Demand,22908.0
2023-04-12 19:00:00,CISO,California Independent System Operator,Demand,22656.0
2023-04-12 20:00:00,CISO,California Independent System Operator,Demand,21952.0
2023-04-12 21:00:00,CISO,California Independent System Operator,Demand,21620.0
2023-04-12 22:00:00,CISO,California Independent System Operator,Demand,21454.0
2023-04-12 23:00:00,CISO,California Independent System Operator,Demand,20979.0
2023-04-13 00:00:00,CISO,California Independent System Operator,Demand,20842.0
2023-04-13 01:00:00,CISO,California Independent System Operator,Demand,21407.0
2023-04-13 02:00:00,CISO,California Independent System Operator,Demand,22590.0
2023-04-13 03:00:00,CISO,California Independent System Operator,Demand,24531.0
2023-04-13 04:00:00,CISO,California Independent System Operator,Demand,25897.0
2023-04-13 05:00:00,CISO,California Independent System Operator,Demand,26144.0
2023-04-13 06:00:00,CISO,California Independent System Operator,Demand,25492.0
2023-04-13 07:00:00,CISO,California Independent System Operator,Demand,24008.0
2023-04-13 08:00:00,CISO,California Independent System Operator,Demand,22688.0
2023-04-13 09:00:00,CISO,California Independent System Operator,Demand,22208.0
2023-04-13 10:00:00,CISO,California Independent System Operator,Demand,21731.0
2023-04-13 11:00:00,CISO,California Independent System Operator,Demand,21317.0
2023-04-13 12:00:00,CISO,California Independent System Operator,Demand,20897.0
2023-04-13 13:00:00,CISO,California Independent System Operator,Demand,21174.0
2023-04-13 14:00:00,CISO,California Independent System Operator,Demand,22111.0
2023-04-13 15:00:00,CISO,California Independent System Operator,Demand,23892.0
2023-04-13 16:00:00,CISO,California Independent System Operator,Demand,24644.0
2023-04-13 17:00:00,CISO,California Independent System Operator,Demand,24235.0
2023-04-13 18:00:00,CISO,California Independent System Operator,Demand,23484.0
2023-04-13 19:00:00,CISO,California Independent System Operator,Demand,22270.0
2023-04-13 20:00:00,CISO,California Independent System Operator,Demand,21714.0
2023-04-13 21:00:00,CISO,California Independent System Operator,Demand,20979.0
2023-04-13 22:00:00,CISO,California Independent System Operator,Demand,20792.0
2023-04-13 23:00:00,CISO,California Independent System Operator,Demand,20195.0
2023-04-14 00:00:00,CISO,California Independent System Operator,Demand,20308.0
2023-04-14 01:00:00,CISO,California Independent System Operator,Demand,21050.0
2023-04-14 02:00:00,CISO,California Independent System Operator,Demand,22336.0
2023-04-14 03:00:00,CISO,California Independent System Operator,Demand,24067.0
2023-04-14 04:00:00,CISO,California Independent System Operator,Demand,25891.0
2023-04-14 05:00:00,CISO,California Independent System Operator,Demand,26208.0
2023-04-14 06:00:00,CISO,California Independent System Operator,Demand,25652.0
2023-04-14 07:00:00,CISO,California Independent System Operator,Demand,24316.0
2023-04-14 08:00:00,CISO,California Independent System Operator,Demand,22947.0
2023-04-14 09:00:00,CISO,California Independent System Operator,Demand,22142.0
2023-04-14 10:00:00,CISO,California Independent System Operator,Demand,21586.0
2023-04-14 11:00:00,CISO,California Independent System Operator,Demand,21297.0
2023-04-14 12:00:00,CISO,California Independent System Operator,Demand,21149.0
2023-04-14 13:00:00,CISO,California Independent System Operator,Demand,21229.0
2023-04-14 14:00:00,CISO,California Independent System Operator,Demand,22250.0
2023-04-14 15:00:00,CISO,California Independent System Operator,Demand,23851.0
2023-04-14 16:00:00,CISO,California Independent System Operator,Demand,24653.0
2023-04-14 17:00:00,CISO,California Independent System Operator,Demand,24256.0
2023-04-14 18:00:00,CISO,California Independent System Operator,Demand,23126.0
2023-04-14 19:00:00,CISO,California Independent System Operator,Demand,21559.0
2023-04-14 20:00:00,CISO,California Independent System Operator,Demand,20553.0
2023-04-14 21:00:00,CISO,California Independent System Operator,Demand,20146.0
2023-04-14 22:00:00,CISO,California Independent System Operator,Demand,19978.0
2023-04-14 23:00:00,CISO,California Independent System Operator,Demand,20146.0
2023-04-15 00:00:00,CISO,California Independent System Operator,Demand,19705.0
2023-04-15 01:00:00,CISO,California Independent System Operator,Demand,20176.0
2023-04-15 02:00:00,CISO,California Independent System Operator,Demand,21295.0
2023-04-15 03:00:00,CISO,California Independent System Operator,Demand,22995.0
2023-04-15 04:00:00,CISO,California Independent System Operator,Demand,24871.0
2023-04-15 05:00:00,CISO,California Independent System Operator,Demand,25335.0
2023-04-15 06:00:00,CISO,California Independent System Operator,Demand,24870.0
2023-04-15 07:00:00,CISO,California Independent System Operator,Demand,23819.0
2023-04-15 08:00:00,CISO,California Independent System Operator,Demand,22580.0
2023-04-15 09:00:00,CISO,California Independent System Operator,Demand,21954.0
2023-04-15 10:00:00,CISO,California Independent System Operator,Demand,21203.0
2023-04-15 11:00:00,CISO,California Independent System Operator,Demand,20581.0
2023-04-15 12:00:00,CISO,California Independent System Operator,Demand,20255.0
2023-04-15 13:00:00,CISO,California Independent System Operator,Demand,20293.0
2023-04-15 14:00:00,CISO,California Independent System Operator,Demand,20862.0
2023-04-15 15:00:00,CISO,California Independent System Operator,Demand,21293.0
2023-04-15 16:00:00,CISO,California Independent System Operator,Demand,21056.0
2023-04-15 17:00:00,CISO,California Independent System Operator,Demand,20215.0
2023-04-15 18:00:00,CISO,California Independent System Operator,Demand,18915.0
2023-04-15 19:00:00,CISO,California Independent System Operator,Demand,17711.0
2023-04-15 20:00:00,CISO,California Independent System Operator,Demand,16614.0
2023-04-15 21:00:00,CISO,California Independent System Operator,Demand,15867.0
2023-04-15 22:00:00,CISO,California Independent System Operator,Demand,15853.0
2023-04-15 23:00:00,CISO,California Independent System Operator,Demand,15723.0
2023-04-16 00:00:00,CISO,California Independent System Operator,Demand,16168.0
2023-04-16 01:00:00,CISO,California Independent System Operator,Demand,17501.0
2023-04-16 02:00:00,CISO,California Independent System Operator,Demand,19598.0
2023-04-16 03:00:00,CISO,California Independent System Operator,Demand,21814.0
2023-04-16 04:00:00,CISO,California Independent System Operator,Demand,23648.0
2023-04-16 05:00:00,CISO,California Independent System Operator,Demand,24210.0
2023-04-16 06:00:00,CISO,California Independent System Operator,Demand,23874.0
2023-04-16 07:00:00,CISO,California Independent System Operator,Demand,23043.0
2023-04-16 08:00:00,CISO,California Independent System Operator,Demand,21984.0
2023-04-16 09:00:00,CISO,California Independent System Operator,Demand,21065.0
2023-04-16 10:00:00,CISO,California Independent System Operator,Demand,20359.0
2023-04-16 11:00:00,CISO,California Independent System Operator,Demand,19749.0
2023-04-16 12:00:00,CISO,California Independent System Operator,Demand,19412.0
2023-04-16 13:00:00,CISO,California Independent System Operator,Demand,19341.0
2023-04-16 14:00:00,CISO,California Independent System Operator,Demand,19603.0
2023-04-16 15:00:00,CISO,California Independent System Operator,Demand,19978.0
2023-04-16 16:00:00,CISO,California Independent System Operator,Demand,19645.0
2023-04-16 17:00:00,CISO,California Independent System Operator,Demand,19334.0
2023-04-16 18:00:00,CISO,California Independent System Operator,Demand,18386.0
2023-04-16 19:00:00,CISO,California Independent System Operator,Demand,17705.0
2023-04-16 20:00:00,CISO,California Independent System Operator,Demand,16995.0
2023-04-16 21:00:00,CISO,California Independent System Operator,Demand,16463.0
2023-04-16 22:00:00,CISO,California Independent System Operator,Demand,16462.0
2023-04-16 23:00:00,CISO,California Independent System Operator,Demand,16786.0
2023-04-17 00:00:00,CISO,California Independent System Operator,Demand,16656.0
2023-04-17 01:00:00,CISO,California Independent System Operator,Demand,17751.0
2023-04-17 02:00:00,CISO,California Independent System Operator,Demand,19733.0
2023-04-17 03:00:00,CISO,California Independent System Operator,Demand,21978.0
2023-04-17 04:00:00,CISO,California Independent System Operator,Demand,23990.0
2023-04-17 05:00:00,CISO,California Independent System Operator,Demand,24574.0
2023-04-17 06:00:00,CISO,California Independent System Operator,Demand,24010.0
2023-04-17 07:00:00,CISO,California Independent System Operator,Demand,22813.0
2023-04-17 08:00:00,CISO,California Independent System Operator,Demand,21506.0
2023-04-17 09:00:00,CISO,California Independent System Operator,Demand,20912.0
2023-04-17 10:00:00,CISO,California Independent System Operator,Demand,20532.0
2023-04-17 11:00:00,CISO,California Independent System Operator,Demand,20127.0
2023-04-17 12:00:00,CISO,California Independent System Operator,Demand,19917.0
2023-04-17 13:00:00,CISO,California Independent System Operator,Demand,20073.0
2023-04-17 14:00:00,CISO,California Independent System Operator,Demand,21296.0
2023-04-17 15:00:00,CISO,California Independent System Operator,Demand,23124.0
2023-04-17 16:00:00,CISO,California Independent System Operator,Demand,23984.0
2023-04-17 17:00:00,CISO,California Independent System Operator,Demand,24121.0
2023-04-17 18:00:00,CISO,California Independent System Operator,Demand,24335.0
2023-04-17 19:00:00,CISO,California Independent System Operator,Demand,23716.0
2023-04-17 20:00:00,CISO,California Independent System Operator,Demand,23346.0
2023-04-17 21:00:00,CISO,California Independent System Operator,Demand,23038.0
2023-04-17 22:00:00,CISO,California Independent System Operator,Demand,22502.0
2023-04-17 23:00:00,CISO,California Independent System Operator,Demand,21266.0
2023-04-18 00:00:00,CISO,California Independent System Operator,Demand,20902.0
2023-04-18 01:00:00,CISO,California Independent System Operator,Demand,20956.0
2023-04-18 02:00:00,CISO,California Independent System Operator,Demand,22124.0
2023-04-18 03:00:00,CISO,California Independent System Operator,Demand,23982.0
2023-04-18 04:00:00,CISO,California Independent System Operator,Demand,25858.0
2023-04-18 05:00:00,CISO,California Independent System Operator,Demand,26224.0
2023-04-18 06:00:00,CISO,California Independent System Operator,Demand,25534.0
2023-04-18 07:00:00,CISO,California Independent System Operator,Demand,24070.0
2023-04-18 08:00:00,CISO,California Independent System Operator,Demand,22784.0
2023-04-18 09:00:00,CISO,California Independent System Operator,Demand,22344.0
2023-04-18 10:00:00,CISO,California Independent System Operator,Demand,22085.0
2023-04-18 11:00:00,CISO,California Independent System Operator,Demand,21753.0
2023-04-18 12:00:00,CISO,California Independent System Operator,Demand,20988.0
2023-04-18 13:00:00,CISO,California Independent System Operator,Demand,21004.0
2023-04-18 14:00:00,CISO,California Independent System Operator,Demand,21846.0
2023-04-18 15:00:00,CISO,California Independent System Operator,Demand,23590.0
2023-04-18 16:00:00,CISO,California Independent System Operator,Demand,24446.0
2023-04-18 17:00:00,CISO,California Independent System Operator,Demand,23934.0
2023-04-18 18:00:00,CISO,California Independent System Operator,Demand,22962.0
2023-04-18 19:00:00,CISO,California Independent System Operator,Demand,21599.0
2023-04-18 20:00:00,CISO,California Independent System Operator,Demand,20764.0
2023-04-18 21:00:00,CISO,California Independent System Operator,Demand,20217.0
2023-04-18 22:00:00,CISO,California Independent System Operator,Demand,20551.0
2023-04-18 23:00:00,CISO,California Independent System Operator,Demand,20119.0
2023-04-19 00:00:00,CISO,California Independent System Operator,Demand,19318.0
2023-04-19 01:00:00,CISO,California Independent System Operator,Demand,20102.0
2023-04-19 02:00:00,CISO,California Independent System Operator,Demand,21855.0
2023-04-19 03:00:00,CISO,California Independent System Operator,Demand,23640.0
2023-04-19 04:00:00,CISO,California Independent System Operator,Demand,25490.0
2023-04-19 05:00:00,CISO,California Independent System Operator,Demand,26067.0
2023-04-19 06:00:00,CISO,California Independent System Operator,Demand,25455.0
2023-04-19 07:00:00,CISO,California Independent System Operator,Demand,24152.0
2023-04-19 08:00:00,CISO,California Independent System Operator,Demand,22846.0
2023-04-19 09:00:00,CISO,California Independent System Operator,Demand,22061.0
2023-04-19 10:00:00,CISO,California Independent System Operator,Demand,21656.0
2023-04-19 11:00:00,CISO,California Independent System Operator,Demand,21339.0
2023-04-19 12:00:00,CISO,California Independent System Operator,Demand,21056.0
2023-04-19 13:00:00,CISO,California Independent System Operator,Demand,21153.0
2023-04-19 14:00:00,CISO,California Independent System Operator,Demand,22497.0
2023-04-19 15:00:00,CISO,California Independent System Operator,Demand,24206.0
2023-04-19 16:00:00,CISO,California Independent System Operator,Demand,24691.0
2023-04-19 17:00:00,CISO,California Independent System Operator,Demand,23719.0
2023-04-19 18:00:00,CISO,California Independent System Operator,Demand,22299.0
2023-04-19 19:00:00,CISO,California Independent System Operator,Demand,20630.0
2023-04-19 20:00:00,CISO,California Independent System Operator,Demand,19337.0
2023-04-19 21:00:00,CISO,California Independent System Operator,Demand,18584.0
2023-04-19 22:00:00,CISO,California Independent System Operator,Demand,18398.0
2023-04-19 23:00:00,CISO,California Independent System Operator,Demand,18700.0
2023-04-20 00:00:00,CISO,California Independent System Operator,Demand,18395.0
2023-04-20 01:00:00,CISO,California Independent System Operator,Demand,19557.0
2023-04-20 02:00:00,CISO,California Independent System Operator,Demand,21377.0
2023-04-20 03:00:00,CISO,California Independent System Operator,Demand,23222.0
2023-04-20 04:00:00,CISO,California Independent System Operator,Demand,25165.0
2023-04-20 05:00:00,CISO,California Independent System Operator,Demand,25793.0
2023-04-20 06:00:00,CISO,California Independent System Operator,Demand,25279.0
2023-04-20 07:00:00,CISO,California Independent System Operator,Demand,23942.0
2023-04-20 08:00:00,CISO,California Independent System Operator,Demand,22455.0
2023-04-20 09:00:00,CISO,California Independent System Operator,Demand,21676.0
2023-04-20 10:00:00,CISO,California Independent System Operator,Demand,21355.0
2023-04-20 11:00:00,CISO,California Independent System Operator,Demand,21271.0
2023-04-20 12:00:00,CISO,California Independent System Operator,Demand,21113.0
2023-04-20 13:00:00,CISO,California Independent System Operator,Demand,21206.0
2023-04-20 14:00:00,CISO,California Independent System Operator,Demand,22498.0
2023-04-20 15:00:00,CISO,California Independent System Operator,Demand,24154.0
2023-04-20 16:00:00,CISO,California Independent System Operator,Demand,24564.0
2023-04-20 17:00:00,CISO,California Independent System Operator,Demand,23561.0
2023-04-20 18:00:00,CISO,California Independent System Operator,Demand,22052.0
2023-04-20 19:00:00,CISO,California Independent System Operator,Demand,20770.0
2023-04-20 20:00:00,CISO,California Independent System Operator,Demand,20036.0
2023-04-20 21:00:00,CISO,California Independent System Operator,Demand,19614.0
2023-04-20 22:00:00,CISO,California Independent System Operator,Demand,19665.0
2023-04-20 23:00:00,CISO,California Independent System Operator,Demand,19888.0
2023-04-21 00:00:00,CISO,California Independent System Operator,Demand,20270.0
2023-04-21 01:00:00,CISO,California Independent System Operator,Demand,21358.0
2023-04-21 02:00:00,CISO,California Independent System Operator,Demand,22702.0
2023-04-21 03:00:00,CISO,California Independent System Operator,Demand,24134.0
2023-04-21 04:00:00,CISO,California Independent System Operator,Demand,25828.0
2023-04-21 05:00:00,CISO,California Independent System Operator,Demand,26174.0
2023-04-21 06:00:00,CISO,California Independent System Operator,Demand,25515.0
2023-04-21 07:00:00,CISO,California Independent System Operator,Demand,24144.0
2023-04-21 08:00:00,CISO,California Independent System Operator,Demand,22729.0
2023-04-21 09:00:00,CISO,California Independent System Operator,Demand,21774.0
2023-04-21 10:00:00,CISO,California Independent System Operator,Demand,21051.0
2023-04-21 11:00:00,CISO,California Independent System Operator,Demand,20611.0
2023-04-21 12:00:00,CISO,California Independent System Operator,Demand,20401.0
2023-04-21 13:00:00,CISO,California Independent System Operator,Demand,20713.0
2023-04-21 14:00:00,CISO,California Independent System Operator,Demand,21738.0
2023-04-21 15:00:00,CISO,California Independent System Operator,Demand,23152.0
2023-04-21 16:00:00,CISO,California Independent System Operator,Demand,23539.0
2023-04-21 17:00:00,CISO,California Independent System Operator,Demand,22577.0
2023-04-21 18:00:00,CISO,California Independent System Operator,Demand,22007.0
2023-04-21 19:00:00,CISO,California Independent System Operator,Demand,21405.0
2023-04-21 20:00:00,CISO,California Independent System Operator,Demand,21175.0
2023-04-21 21:00:00,CISO,California Independent System Operator,Demand,20694.0
2023-04-21 22:00:00,CISO,California Independent System Operator,Demand,20714.0
2023-04-21 23:00:00,CISO,California Independent System Operator,Demand,20834.0
2023-04-22 00:00:00,CISO,California Independent System Operator,Demand,21368.0
2023-04-22 01:00:00,CISO,California Independent System Operator,Demand,22264.0
2023-04-22 02:00:00,CISO,California Independent System Operator,Demand,23810.0
2023-04-22 03:00:00,CISO,California Independent System Operator,Demand,25483.0
2023-04-22 04:00:00,CISO,California Independent System Operator,Demand,26703.0
2023-04-22 05:00:00,CISO,California Independent System Operator,Demand,26810.0
2023-04-22 06:00:00,CISO,California Independent System Operator,Demand,26083.0
2023-04-22 07:00:00,CISO,California Independent System Operator,Demand,24692.0
2023-04-22 08:00:00,CISO,California Independent System Operator,Demand,23250.0
2023-04-22 09:00:00,CISO,California Independent System Operator,Demand,22052.0
2023-04-22 10:00:00,CISO,California Independent System Operator,Demand,21273.0
2023-04-22 11:00:00,CISO,California Independent System Operator,Demand,20711.0
2023-04-22 12:00:00,CISO,California Independent System Operator,Demand,20288.0
2023-04-22 13:00:00,CISO,California Independent System Operator,Demand,20049.0
2023-04-22 14:00:00,CISO,California Independent System Operator,Demand,20235.0
2023-04-22 15:00:00,CISO,California Independent System Operator,Demand,20421.0
2023-04-22 16:00:00,CISO,California Independent System Operator,Demand,20339.0
2023-04-22 17:00:00,CISO,California Independent System Operator,Demand,20126.0
2023-04-22 18:00:00,CISO,California Independent System Operator,Demand,19561.0
2023-04-22 19:00:00,CISO,California Independent System Operator,Demand,18527.0
2023-04-22 20:00:00,CISO,California Independent System Operator,Demand,17971.0
2023-04-22 21:00:00,CISO,California Independent System Operator,Demand,17699.0
2023-04-22 22:00:00,CISO,California Independent System Operator,Demand,17852.0
2023-04-22 23:00:00,CISO,California Independent System Operator,Demand,18305.0
2023-04-23 00:00:00,CISO,California Independent System Operator,Demand,19188.0
2023-04-23 01:00:00,CISO,California Independent System Operator,Demand,20398.0
2023-04-23 02:00:00,CISO,California Independent System Operator,Demand,22460.0
2023-04-23 03:00:00,CISO,California Independent System Operator,Demand,24266.0
2023-04-23 04:00:00,CISO,California Independent System Operator,Demand,25499.0
2023-04-23 05:00:00,CISO,California Independent System Operator,Demand,25700.0
2023-04-23 06:00:00,CISO,California Independent System Operator,Demand,24924.0
2023-04-23 07:00:00,CISO,California Independent System Operator,Demand,23817.0
2023-04-23 08:00:00,CISO,California Independent System Operator,Demand,22362.0
2023-04-23 09:00:00,CISO,California Independent System Operator,Demand,21461.0
2023-04-23 10:00:00,CISO,California Independent System Operator,Demand,20524.0
2023-04-23 11:00:00,CISO,California Independent System Operator,Demand,19913.0
2023-04-23 12:00:00,CISO,California Independent System Operator,Demand,19576.0
2023-04-23 13:00:00,CISO,California Independent System Operator,Demand,19210.0
2023-04-23 14:00:00,CISO,California Independent System Operator,Demand,19295.0
2023-04-23 15:00:00,CISO,California Independent System Operator,Demand,19275.0
2023-04-23 16:00:00,CISO,California Independent System Operator,Demand,18991.0
2023-04-23 17:00:00,CISO,California Independent System Operator,Demand,18733.0
2023-04-23 18:00:00,CISO,California Independent System Operator,Demand,17839.0
2023-04-23 19:00:00,CISO,California Independent System Operator,Demand,17141.0
2023-04-23 20:00:00,CISO,California Independent System Operator,Demand,16712.0
2023-04-23 21:00:00,CISO,California Independent System Operator,Demand,16380.0
2023-04-23 22:00:00,CISO,California Independent System Operator,Demand,16746.0
2023-04-23 23:00:00,CISO,California Independent System Operator,Demand,17109.0
2023-04-24 00:00:00,CISO,California Independent System Operator,Demand,18143.0
2023-04-24 01:00:00,CISO,California Independent System Operator,Demand,19523.0
2023-04-24 02:00:00,CISO,California Independent System Operator,Demand,21977.0
2023-04-24 03:00:00,CISO,California Independent System Operator,Demand,23990.0
2023-04-24 04:00:00,CISO,California Independent System Operator,Demand,25411.0
2023-04-24 05:00:00,CISO,California Independent System Operator,Demand,25820.0
2023-04-24 06:00:00,CISO,California Independent System Operator,Demand,25166.0
2023-04-24 07:00:00,CISO,California Independent System Operator,Demand,24205.0
2023-04-24 08:00:00,CISO,California Independent System Operator,Demand,22756.0
2023-04-24 09:00:00,CISO,California Independent System Operator,Demand,22208.0
2023-04-24 10:00:00,CISO,California Independent System Operator,Demand,21393.0
2023-04-24 11:00:00,CISO,California Independent System Operator,Demand,21029.0
2023-04-24 12:00:00,CISO,California Independent System Operator,Demand,20908.0
2023-04-24 13:00:00,CISO,California Independent System Operator,Demand,20662.0
2023-04-24 14:00:00,CISO,California Independent System Operator,Demand,21463.0
2023-04-24 15:00:00,CISO,California Independent System Operator,Demand,22722.0
2023-04-24 16:00:00,CISO,California Independent System Operator,Demand,23511.0
2023-04-24 17:00:00,CISO,California Independent System Operator,Demand,23503.0
2023-04-24 18:00:00,CISO,California Independent System Operator,Demand,22859.0
2023-04-24 19:00:00,CISO,California Independent System Operator,Demand,21900.0
2023-04-24 20:00:00,CISO,California Independent System Operator,Demand,21368.0
2023-04-24 21:00:00,CISO,California Independent System Operator,Demand,20602.0
2023-04-24 22:00:00,CISO,California Independent System Operator,Demand,19973.0
2023-04-24 23:00:00,CISO,California Independent System Operator,Demand,20035.0
2023-04-25 00:00:00,CISO,California Independent System Operator,Demand,20297.0
2023-04-25 01:00:00,CISO,California Independent System Operator,Demand,21476.0
2023-04-25 02:00:00,CISO,California Independent System Operator,Demand,23275.0
2023-04-25 03:00:00,CISO,California Independent System Operator,Demand,25031.0
2023-04-25 04:00:00,CISO,California Independent System Operator,Demand,26610.0
2023-04-25 05:00:00,CISO,California Independent System Operator,Demand,26928.0
2023-04-25 06:00:00,CISO,California Independent System Operator,Demand,26045.0
2023-04-25 07:00:00,CISO,California Independent System Operator,Demand,24452.0
2023-04-25 08:00:00,CISO,California Independent System Operator,Demand,22995.0
2023-04-25 09:00:00,CISO,California Independent System Operator,Demand,21914.0
2023-04-25 10:00:00,CISO,California Independent System Operator,Demand,21111.0
2023-04-25 11:00:00,CISO,California Independent System Operator,Demand,20901.0
2023-04-25 12:00:00,CISO,California Independent System Operator,Demand,20466.0
2023-04-25 13:00:00,CISO,California Independent System Operator,Demand,20721.0
2023-04-25 14:00:00,CISO,California Independent System Operator,Demand,21668.0
2023-04-25 15:00:00,CISO,California Independent System Operator,Demand,23155.0
2023-04-25 16:00:00,CISO,California Independent System Operator,Demand,23795.0
2023-04-25 17:00:00,CISO,California Independent System Operator,Demand,22993.0
2023-04-25 18:00:00,CISO,California Independent System Operator,Demand,22212.0
2023-04-25 19:00:00,CISO,California Independent System Operator,Demand,21616.0
2023-04-25 20:00:00,CISO,California Independent System Operator,Demand,20696.0
2023-04-25 21:00:00,CISO,California Independent System Operator,Demand,20063.0
2023-04-25 22:00:00,CISO,California Independent System Operator,Demand,20154.0
2023-04-25 23:00:00,CISO,California Independent System Operator,Demand,20042.0
2023-04-26 00:00:00,CISO,California Independent System Operator,Demand,20292.0
2023-04-26 01:00:00,CISO,California Independent System Operator,Demand,21956.0
2023-04-26 02:00:00,CISO,California Independent System Operator,Demand,23707.0
2023-04-26 03:00:00,CISO,California Independent System Operator,Demand,25427.0
2023-04-26 04:00:00,CISO,California Independent System Operator,Demand,26690.0
2023-04-26 05:00:00,CISO,California Independent System Operator,Demand,27038.0
2023-04-26 06:00:00,CISO,California Independent System Operator,Demand,26184.0
2023-04-26 07:00:00,CISO,California Independent System Operator,Demand,24634.0
2023-04-26 08:00:00,CISO,California Independent System Operator,Demand,23101.0
2023-04-26 09:00:00,CISO,California Independent System Operator,Demand,22177.0
2023-04-26 10:00:00,CISO,California Independent System Operator,Demand,21255.0
2023-04-26 11:00:00,CISO,California Independent System Operator,Demand,20729.0
2023-04-26 12:00:00,CISO,California Independent System Operator,Demand,20472.0
2023-04-26 13:00:00,CISO,California Independent System Operator,Demand,20737.0
2023-04-26 14:00:00,CISO,California Independent System Operator,Demand,21790.0
2023-04-26 15:00:00,CISO,California Independent System Operator,Demand,23185.0
2023-04-26 16:00:00,CISO,California Independent System Operator,Demand,23905.0
2023-04-26 17:00:00,CISO,California Independent System Operator,Demand,23629.0
2023-04-26 18:00:00,CISO,California Independent System Operator,Demand,22723.0
2023-04-26 19:00:00,CISO,California Independent System Operator,Demand,22071.0
2023-04-26 20:00:00,CISO,California Independent System Operator,Demand,21744.0
2023-04-26 21:00:00,CISO,California Independent System Operator,Demand,21540.0
2023-04-26 22:00:00,CISO,California Independent System Operator,Demand,21585.0
2023-04-26 23:00:00,CISO,California Independent System Operator,Demand,21982.0
2023-04-27 00:00:00,CISO,California Independent System Operator,Demand,22469.0
2023-04-27 01:00:00,CISO,California Independent System Operator,Demand,23921.0
2023-04-27 02:00:00,CISO,California Independent System Operator,Demand,25673.0
2023-04-27 03:00:00,CISO,California Independent System Operator,Demand,27552.0
2023-04-27 04:00:00,CISO,California Independent System Operator,Demand,28634.0
2023-04-27 05:00:00,CISO,California Independent System Operator,Demand,28439.0
2023-04-27 06:00:00,CISO,California Independent System Operator,Demand,27555.0
2023-04-27 07:00:00,CISO,California Independent System Operator,Demand,25903.0
2023-04-27 08:00:00,CISO,California Independent System Operator,Demand,23823.0
2023-04-27 09:00:00,CISO,California Independent System Operator,Demand,22703.0
2023-04-27 10:00:00,CISO,California Independent System Operator,Demand,22251.0
2023-04-27 11:00:00,CISO,California Independent System Operator,Demand,21909.0
2023-04-27 12:00:00,CISO,California Independent System Operator,Demand,21451.0
2023-04-27 13:00:00,CISO,California Independent System Operator,Demand,21491.0
2023-04-27 14:00:00,CISO,California Independent System Operator,Demand,22068.0
2023-04-27 15:00:00,CISO,California Independent System Operator,Demand,23358.0
2023-04-27 16:00:00,CISO,California Independent System Operator,Demand,24007.0
2023-04-27 17:00:00,CISO,California Independent System Operator,Demand,23844.0
2023-04-27 18:00:00,CISO,California Independent System Operator,Demand,23321.0
2023-04-27 19:00:00,CISO,California Independent System Operator,Demand,22698.0
2023-04-27 20:00:00,CISO,California Independent System Operator,Demand,22200.0
2023-04-27 21:00:00,CISO,California Independent System Operator,Demand,21940.0
2023-04-27 22:00:00,CISO,California Independent System Operator,Demand,22560.0
2023-04-27 23:00:00,CISO,California Independent System Operator,Demand,22914.0
2023-04-28 00:00:00,CISO,California Independent System Operator,Demand,23394.0
2023-04-28 01:00:00,CISO,California Independent System Operator,Demand,25127.0
2023-04-28 02:00:00,CISO,California Independent System Operator,Demand,27105.0
2023-04-28 03:00:00,CISO,California Independent System Operator,Demand,28575.0
2023-04-28 04:00:00,CISO,California Independent System Operator,Demand,29189.0
2023-04-28 05:00:00,CISO,California Independent System Operator,Demand,29067.0
2023-04-28 06:00:00,CISO,California Independent System Operator,Demand,28048.0
2023-04-28 07:00:00,CISO,California Independent System Operator,Demand,26048.0
2023-04-28 08:00:00,CISO,California Independent System Operator,Demand,24155.0
2023-04-28 09:00:00,CISO,California Independent System Operator,Demand,23282.0
2023-04-28 10:00:00,CISO,California Independent System Operator,Demand,22446.0
2023-04-28 11:00:00,CISO,California Independent System Operator,Demand,21916.0
2023-04-28 12:00:00,CISO,California Independent System Operator,Demand,21679.0
2023-04-28 13:00:00,CISO,California Independent System Operator,Demand,21764.0
2023-04-28 14:00:00,CISO,California Independent System Operator,Demand,22352.0
2023-04-28 15:00:00,CISO,California Independent System Operator,Demand,23501.0
2023-04-28 16:00:00,CISO,California Independent System Operator,Demand,24490.0
2023-04-28 17:00:00,CISO,California Independent System Operator,Demand,24313.0
2023-04-28 18:00:00,CISO,California Independent System Operator,Demand,23866.0
2023-04-28 19:00:00,CISO,California Independent System Operator,Demand,23034.0
2023-04-28 20:00:00,CISO,California Independent System Operator,Demand,22515.0
2023-04-28 21:00:00,CISO,California Independent System Operator,Demand,22101.0
2023-04-28 22:00:00,CISO,California Independent System Operator,Demand,22235.0
2023-04-28 23:00:00,CISO,California Independent System Operator,Demand,22642.0
2023-04-29 00:00:00,CISO,California Independent System Operator,Demand,23789.0
2023-04-29 01:00:00,CISO,California Independent System Operator,Demand,25272.0
2023-04-29 02:00:00,CISO,California Independent System Operator,Demand,26780.0
2023-04-29 03:00:00,CISO,California Independent System Operator,Demand,28335.0
2023-04-29 04:00:00,CISO,California Independent System Operator,Demand,29095.0
2023-04-29 05:00:00,CISO,California Independent System Operator,Demand,28873.0
2023-04-29 06:00:00,CISO,California Independent System Operator,Demand,27777.0
2023-04-29 07:00:00,CISO,California Independent System Operator,Demand,26250.0
2023-04-29 08:00:00,CISO,California Independent System Operator,Demand,24417.0
2023-04-29 09:00:00,CISO,California Independent System Operator,Demand,23078.0
2023-04-29 10:00:00,CISO,California Independent System Operator,Demand,22036.0
2023-04-29 11:00:00,CISO,California Independent System Operator,Demand,21229.0
2023-04-29 12:00:00,CISO,California Independent System Operator,Demand,20919.0
2023-04-29 13:00:00,CISO,California Independent System Operator,Demand,20714.0
2023-04-29 14:00:00,CISO,California Independent System Operator,Demand,20729.0
2023-04-29 15:00:00,CISO,California Independent System Operator,Demand,20823.0
2023-04-29 16:00:00,CISO,California Independent System Operator,Demand,21126.0
2023-04-29 17:00:00,CISO,California Independent System Operator,Demand,21374.0
2023-04-29 18:00:00,CISO,California Independent System Operator,Demand,20635.0
2023-04-29 19:00:00,CISO,California Independent System Operator,Demand,19780.0
2023-04-29 20:00:00,CISO,California Independent System Operator,Demand,19037.0
2023-04-29 21:00:00,CISO,California Independent System Operator,Demand,18937.0
2023-04-29 22:00:00,CISO,California Independent System Operator,Demand,19232.0
2023-04-29 23:00:00,CISO,California Independent System Operator,Demand,19718.0
2023-04-30 00:00:00,CISO,California Independent System Operator,Demand,20735.0
2023-04-30 01:00:00,CISO,California Independent System Operator,Demand,22311.0
2023-04-30 02:00:00,CISO,California Independent System Operator,Demand,24369.0
2023-04-30 03:00:00,CISO,California Independent System Operator,Demand,25991.0
2023-04-30 04:00:00,CISO,California Independent System Operator,Demand,26660.0
2023-04-30 05:00:00,CISO,California Independent System Operator,Demand,26590.0
2023-04-30 06:00:00,CISO,California Independent System Operator,Demand,25725.0
2023-04-30 07:00:00,CISO,California Independent System Operator,Demand,24513.0
2023-04-30 08:00:00,CISO,California Independent System Operator,Demand,23100.0
2023-04-30 09:00:00,CISO,California Independent System Operator,Demand,22056.0
2023-04-30 10:00:00,CISO,California Independent System Operator,Demand,21038.0
2023-04-30 11:00:00,CISO,California Independent System Operator,Demand,20512.0
2023-04-30 12:00:00,CISO,California Independent System Operator,Demand,20410.0
2023-04-30 13:00:00,CISO,California Independent System Operator,Demand,20479.0
2023-04-30 14:00:00,CISO,California Independent System Operator,Demand,20761.0
2023-04-30 15:00:00,CISO,California Independent System Operator,Demand,20647.0
2023-04-30 16:00:00,CISO,California Independent System Operator,Demand,20586.0
2023-04-30 17:00:00,CISO,California Independent System Operator,Demand,20284.0
2023-04-30 18:00:00,CISO,California Independent System Operator,Demand,19644.0
2023-04-30 19:00:00,CISO,California Independent System Operator,Demand,19071.0
2023-04-30 20:00:00,CISO,California Independent System Operator,Demand,18066.0
2023-04-30 21:00:00,CISO,California Independent System Operator,Demand,17183.0
2023-04-30 22:00:00,CISO,California Independent System Operator,Demand,17222.0
2023-04-30 23:00:00,CISO,California Independent System Operator,Demand,17329.0
2023-05-01 00:00:00,CISO,California Independent System Operator,Demand,18013.0
2023-05-01 01:00:00,CISO,California Independent System Operator,Demand,19918.0
2023-05-01 02:00:00,CISO,California Independent System Operator,Demand,22340.0
2023-05-01 03:00:00,CISO,California Independent System Operator,Demand,23853.0
2023-05-01 04:00:00,CISO,California Independent System Operator,Demand,24943.0
2023-05-01 05:00:00,CISO,California Independent System Operator,Demand,25309.0
2023-05-01 06:00:00,CISO,California Independent System Operator,Demand,24788.0
2023-05-01 07:00:00,CISO,California Independent System Operator,Demand,23521.0
2023-05-01 08:00:00,CISO,California Independent System Operator,Demand,22310.0
2023-05-01 09:00:00,CISO,California Independent System Operator,Demand,22096.0
2023-05-01 10:00:00,CISO,California Independent System Operator,Demand,21376.0
2023-05-01 11:00:00,CISO,California Independent System Operator,Demand,20830.0
2023-05-01 12:00:00,CISO,California Independent System Operator,Demand,20659.0
2023-05-01 13:00:00,CISO,California Independent System Operator,Demand,20391.0
2023-05-01 14:00:00,CISO,California Independent System Operator,Demand,21319.0
2023-05-01 15:00:00,CISO,California Independent System Operator,Demand,22912.0
2023-05-01 16:00:00,CISO,California Independent System Operator,Demand,24652.0
2023-05-01 17:00:00,CISO,California Independent System Operator,Demand,24965.0
2023-05-01 18:00:00,CISO,California Independent System Operator,Demand,24895.0
2023-05-01 19:00:00,CISO,California Independent System Operator,Demand,24907.0
2023-05-01 20:00:00,CISO,California Independent System Operator,Demand,24393.0
2023-05-01 21:00:00,CISO,California Independent System Operator,Demand,23572.0
2023-05-01 22:00:00,CISO,California Independent System Operator,Demand,23303.0
2023-05-01 23:00:00,CISO,California Independent System Operator,Demand,22556.0
2023-05-02 00:00:00,CISO,California Independent System Operator,Demand,22510.0
2023-05-02 01:00:00,CISO,California Independent System Operator,Demand,22965.0
2023-05-02 02:00:00,CISO,California Independent System Operator,Demand,23896.0
2023-05-02 03:00:00,CISO,California Independent System Operator,Demand,24848.0
2023-05-02 04:00:00,CISO,California Independent System Operator,Demand,25884.0
2023-05-02 05:00:00,CISO,California Independent System Operator,Demand,26284.0
2023-05-02 06:00:00,CISO,California Independent System Operator,Demand,25701.0
2023-05-02 07:00:00,CISO,California Independent System Operator,Demand,24313.0
2023-05-02 08:00:00,CISO,California Independent System Operator,Demand,22801.0
2023-05-02 09:00:00,CISO,California Independent System Operator,Demand,22007.0
2023-05-02 10:00:00,CISO,California Independent System Operator,Demand,21305.0
2023-05-02 11:00:00,CISO,California Independent System Operator,Demand,21086.0
2023-05-02 12:00:00,CISO,California Independent System Operator,Demand,21040.0
2023-05-02 13:00:00,CISO,California Independent System Operator,Demand,21159.0
2023-05-02 14:00:00,CISO,California Independent System Operator,Demand,22240.0
2023-05-02 15:00:00,CISO,California Independent System Operator,Demand,23783.0
2023-05-02 16:00:00,CISO,California Independent System Operator,Demand,24495.0
2023-05-02 17:00:00,CISO,California Independent System Operator,Demand,24124.0
2023-05-02 18:00:00,CISO,California Independent System Operator,Demand,23713.0
2023-05-02 19:00:00,CISO,California Independent System Operator,Demand,23482.0
2023-05-02 20:00:00,CISO,California Independent System Operator,Demand,23114.0
2023-05-02 21:00:00,CISO,California Independent System Operator,Demand,22592.0
2023-05-02 22:00:00,CISO,California Independent System Operator,Demand,21996.0
2023-05-02 23:00:00,CISO,California Independent System Operator,Demand,21364.0
2023-05-03 00:00:00,CISO,California Independent System Operator,Demand,21606.0
2023-05-03 01:00:00,CISO,California Independent System Operator,Demand,22066.0
2023-05-03 02:00:00,CISO,California Independent System Operator,Demand,23075.0
2023-05-03 03:00:00,CISO,California Independent System Operator,Demand,24024.0
2023-05-03 04:00:00,CISO,California Independent System Operator,Demand,25641.0
2023-05-03 05:00:00,CISO,California Independent System Operator,Demand,26376.0
2023-05-03 06:00:00,CISO,California Independent System Operator,Demand,25846.0
2023-05-03 07:00:00,CISO,California Independent System Operator,Demand,24357.0
2023-05-03 08:00:00,CISO,California Independent System Operator,Demand,22868.0
2023-05-03 09:00:00,CISO,California Independent System Operator,Demand,22177.0
2023-05-03 10:00:00,CISO,California Independent System Operator,Demand,21516.0
2023-05-03 11:00:00,CISO,California Independent System Operator,Demand,21012.0
2023-05-03 12:00:00,CISO,California Independent System Operator,Demand,20899.0
2023-05-03 13:00:00,CISO,California Independent System Operator,Demand,21375.0
2023-05-03 14:00:00,CISO,California Independent System Operator,Demand,22459.0
2023-05-03 15:00:00,CISO,California Independent System Operator,Demand,24012.0
2023-05-03 16:00:00,CISO,California Independent System Operator,Demand,24684.0
2023-05-03 17:00:00,CISO,California Independent System Operator,Demand,24410.0
2023-05-03 18:00:00,CISO,California Independent System Operator,Demand,23376.0
2023-05-03 19:00:00,CISO,California Independent System Operator,Demand,22470.0
2023-05-03 20:00:00,CISO,California Independent System Operator,Demand,21866.0
2023-05-03 21:00:00,CISO,California Independent System Operator,Demand,21822.0
2023-05-03 22:00:00,CISO,California Independent System Operator,Demand,21955.0
2023-05-03 23:00:00,CISO,California Independent System Operator,Demand,21533.0
2023-05-04 00:00:00,CISO,California Independent System Operator,Demand,21675.0
2023-05-04 01:00:00,CISO,California Independent System Operator,Demand,22607.0
2023-05-04 02:00:00,CISO,California Independent System Operator,Demand,23648.0
2023-05-04 03:00:00,CISO,California Independent System Operator,Demand,24587.0
2023-05-04 04:00:00,CISO,California Independent System Operator,Demand,25839.0
2023-05-04 05:00:00,CISO,California Independent System Operator,Demand,26470.0
2023-05-04 06:00:00,CISO,California Independent System Operator,Demand,25862.0
2023-05-04 07:00:00,CISO,California Independent System Operator,Demand,24330.0
2023-05-04 08:00:00,CISO,California Independent System Operator,Demand,23099.0
2023-05-04 09:00:00,CISO,California Independent System Operator,Demand,22601.0
2023-05-04 10:00:00,CISO,California Independent System Operator,Demand,22222.0
2023-05-04 11:00:00,CISO,California Independent System Operator,Demand,21841.0
2023-05-04 12:00:00,CISO,California Independent System Operator,Demand,21769.0
2023-05-04 13:00:00,CISO,California Independent System Operator,Demand,21752.0
2023-05-04 14:00:00,CISO,California Independent System Operator,Demand,22455.0
2023-05-04 15:00:00,CISO,California Independent System Operator,Demand,23927.0
2023-05-04 16:00:00,CISO,California Independent System Operator,Demand,25298.0
2023-05-04 17:00:00,CISO,California Independent System Operator,Demand,25080.0
2023-05-04 18:00:00,CISO,California Independent System Operator,Demand,24730.0
2023-05-04 19:00:00,CISO,California Independent System Operator,Demand,24598.0
2023-05-04 20:00:00,CISO,California Independent System Operator,Demand,23653.0
2023-05-04 21:00:00,CISO,California Independent System Operator,Demand,22992.0
2023-05-04 22:00:00,CISO,California Independent System Operator,Demand,22472.0
2023-05-04 23:00:00,CISO,California Independent System Operator,Demand,22406.0
2023-05-05 00:00:00,CISO,California Independent System Operator,Demand,22450.0
2023-05-05 01:00:00,CISO,California Independent System Operator,Demand,23229.0
2023-05-05 02:00:00,CISO,California Independent System Operator,Demand,23839.0
2023-05-05 03:00:00,CISO,California Independent System Operator,Demand,24423.0
2023-05-05 04:00:00,CISO,California Independent System Operator,Demand,25664.0
2023-05-05 05:00:00,CISO,California Independent System Operator,Demand,26308.0
2023-05-05 06:00:00,CISO,California Independent System Operator,Demand,25782.0
2023-05-05 07:00:00,CISO,California Independent System Operator,Demand,24567.0
2023-05-05 08:00:00,CISO,California Independent System Operator,Demand,23311.0
2023-05-05 09:00:00,CISO,California Independent System Operator,Demand,23107.0
2023-05-05 10:00:00,CISO,California Independent System Operator,Demand,22352.0
2023-05-05 11:00:00,CISO,California Independent System Operator,Demand,21718.0
2023-05-05 12:00:00,CISO,California Independent System Operator,Demand,21597.0
2023-05-05 13:00:00,CISO,California Independent System Operator,Demand,21740.0
2023-05-05 14:00:00,CISO,California Independent System Operator,Demand,22697.0
2023-05-05 15:00:00,CISO,California Independent System Operator,Demand,23998.0
2023-05-05 16:00:00,CISO,California Independent System Operator,Demand,25011.0
2023-05-05 17:00:00,CISO,California Independent System Operator,Demand,24503.0
2023-05-05 18:00:00,CISO,California Independent System Operator,Demand,24209.0
2023-05-05 19:00:00,CISO,California Independent System Operator,Demand,23725.0
2023-05-05 20:00:00,CISO,California Independent System Operator,Demand,23595.0
2023-05-05 21:00:00,CISO,California Independent System Operator,Demand,22422.0
2023-05-05 22:00:00,CISO,California Independent System Operator,Demand,22047.0
2023-05-05 23:00:00,CISO,California Independent System Operator,Demand,21342.0
2023-05-06 00:00:00,CISO,California Independent System Operator,Demand,21080.0
2023-05-06 01:00:00,CISO,California Independent System Operator,Demand,21922.0
2023-05-06 02:00:00,CISO,California Independent System Operator,Demand,22780.0
2023-05-06 03:00:00,CISO,California Independent System Operator,Demand,23705.0
2023-05-06 04:00:00,CISO,California Independent System Operator,Demand,24836.0
2023-05-06 05:00:00,CISO,California Independent System Operator,Demand,25517.0
2023-05-06 06:00:00,CISO,California Independent System Operator,Demand,24944.0
2023-05-06 07:00:00,CISO,California Independent System Operator,Demand,23956.0
2023-05-06 08:00:00,CISO,California Independent System Operator,Demand,22831.0
2023-05-06 09:00:00,CISO,California Independent System Operator,Demand,22143.0
2023-05-06 10:00:00,CISO,California Independent System Operator,Demand,21192.0
2023-05-06 11:00:00,CISO,California Independent System Operator,Demand,20508.0
2023-05-06 12:00:00,CISO,California Independent System Operator,Demand,20108.0
2023-05-06 13:00:00,CISO,California Independent System Operator,Demand,20111.0
2023-05-06 14:00:00,CISO,California Independent System Operator,Demand,20493.0
2023-05-06 15:00:00,CISO,California Independent System Operator,Demand,20662.0
2023-05-06 16:00:00,CISO,California Independent System Operator,Demand,20810.0
2023-05-06 17:00:00,CISO,California Independent System Operator,Demand,20768.0
2023-05-06 18:00:00,CISO,California Independent System Operator,Demand,19909.0
2023-05-06 19:00:00,CISO,California Independent System Operator,Demand,19188.0
2023-05-06 20:00:00,CISO,California Independent System Operator,Demand,18498.0
2023-05-06 21:00:00,CISO,California Independent System Operator,Demand,17609.0
2023-05-06 22:00:00,CISO,California Independent System Operator,Demand,17195.0
2023-05-06 23:00:00,CISO,California Independent System Operator,Demand,16575.0
2023-05-07 00:00:00,CISO,California Independent System Operator,Demand,17405.0
2023-05-07 01:00:00,CISO,California Independent System Operator,Demand,18523.0
2023-05-07 02:00:00,CISO,California Independent System Operator,Demand,20370.0
2023-05-07 03:00:00,CISO,California Independent System Operator,Demand,21708.0
2023-05-07 04:00:00,CISO,California Independent System Operator,Demand,23088.0
2023-05-07 05:00:00,CISO,California Independent System Operator,Demand,23989.0
2023-05-07 06:00:00,CISO,California Independent System Operator,Demand,23560.0
2023-05-07 07:00:00,CISO,California Independent System Operator,Demand,22703.0
2023-05-07 08:00:00,CISO,California Independent System Operator,Demand,21663.0
2023-05-07 09:00:00,CISO,California Independent System Operator,Demand,21099.0
2023-05-07 10:00:00,CISO,California Independent System Operator,Demand,20471.0
2023-05-07 11:00:00,CISO,California Independent System Operator,Demand,20093.0
2023-05-07 12:00:00,CISO,California Independent System Operator,Demand,19811.0
2023-05-07 13:00:00,CISO,California Independent System Operator,Demand,19715.0
2023-05-07 14:00:00,CISO,California Independent System Operator,Demand,19779.0
2023-05-07 15:00:00,CISO,California Independent System Operator,Demand,19843.0
2023-05-07 16:00:00,CISO,California Independent System Operator,Demand,19626.0
2023-05-07 17:00:00,CISO,California Independent System Operator,Demand,18377.0
2023-05-07 18:00:00,CISO,California Independent System Operator,Demand,17835.0
2023-05-07 19:00:00,CISO,California Independent System Operator,Demand,16936.0
2023-05-07 20:00:00,CISO,California Independent System Operator,Demand,16498.0
2023-05-07 21:00:00,CISO,California Independent System Operator,Demand,15604.0
2023-05-07 22:00:00,CISO,California Independent System Operator,Demand,15134.0
2023-05-07 23:00:00,CISO,California Independent System Operator,Demand,15197.0
2023-05-08 00:00:00,CISO,California Independent System Operator,Demand,15915.0
2023-05-08 01:00:00,CISO,California Independent System Operator,Demand,17080.0
2023-05-08 02:00:00,CISO,California Independent System Operator,Demand,19418.0
2023-05-08 03:00:00,CISO,California Independent System Operator,Demand,21649.0
2023-05-08 04:00:00,CISO,California Independent System Operator,Demand,23795.0
2023-05-08 05:00:00,CISO,California Independent System Operator,Demand,24997.0
2023-05-08 06:00:00,CISO,California Independent System Operator,Demand,24510.0
2023-05-08 07:00:00,CISO,California Independent System Operator,Demand,23208.0
2023-05-08 08:00:00,CISO,California Independent System Operator,Demand,21834.0
2023-05-08 09:00:00,CISO,California Independent System Operator,Demand,20836.0
2023-05-08 10:00:00,CISO,California Independent System Operator,Demand,20297.0
2023-05-08 11:00:00,CISO,California Independent System Operator,Demand,19957.0
2023-05-08 12:00:00,CISO,California Independent System Operator,Demand,19768.0
2023-05-08 13:00:00,CISO,California Independent System Operator,Demand,20135.0
2023-05-08 14:00:00,CISO,California Independent System Operator,Demand,21304.0
2023-05-08 15:00:00,CISO,California Independent System Operator,Demand,22563.0
2023-05-08 16:00:00,CISO,California Independent System Operator,Demand,23231.0
2023-05-08 17:00:00,CISO,California Independent System Operator,Demand,23052.0
2023-05-08 18:00:00,CISO,California Independent System Operator,Demand,22066.0
2023-05-08 19:00:00,CISO,California Independent System Operator,Demand,21580.0
2023-05-08 20:00:00,CISO,California Independent System Operator,Demand,20956.0
2023-05-08 21:00:00,CISO,California Independent System Operator,Demand,20286.0
2023-05-08 22:00:00,CISO,California Independent System Operator,Demand,20315.0
2023-05-08 23:00:00,CISO,California Independent System Operator,Demand,19916.0
2023-05-09 00:00:00,CISO,California Independent System Operator,Demand,20107.0
2023-05-09 01:00:00,CISO,California Independent System Operator,Demand,20985.0
2023-05-09 02:00:00,CISO,California Independent System Operator,Demand,22439.0
2023-05-09 03:00:00,CISO,California Independent System Operator,Demand,23985.0
2023-05-09 04:00:00,CISO,California Independent System Operator,Demand,25689.0
2023-05-09 05:00:00,CISO,California Independent System Operator,Demand,26477.0
2023-05-09 06:00:00,CISO,California Independent System Operator,Demand,25724.0
2023-05-09 07:00:00,CISO,California Independent System Operator,Demand,24390.0
2023-05-09 08:00:00,CISO,California Independent System Operator,Demand,22734.0
2023-05-09 09:00:00,CISO,California Independent System Operator,Demand,21830.0
2023-05-09 10:00:00,CISO,California Independent System Operator,Demand,21145.0
2023-05-09 11:00:00,CISO,California Independent System Operator,Demand,20648.0
2023-05-09 12:00:00,CISO,California Independent System Operator,Demand,20514.0
2023-05-09 13:00:00,CISO,California Independent System Operator,Demand,20646.0
2023-05-09 14:00:00,CISO,California Independent System Operator,Demand,21676.0
2023-05-09 15:00:00,CISO,California Independent System Operator,Demand,22734.0
2023-05-09 16:00:00,CISO,California Independent System Operator,Demand,23247.0
2023-05-09 17:00:00,CISO,California Independent System Operator,Demand,23072.0
2023-05-09 18:00:00,CISO,California Independent System Operator,Demand,22262.0
2023-05-09 19:00:00,CISO,California Independent System Operator,Demand,21484.0
2023-05-09 20:00:00,CISO,California Independent System Operator,Demand,21176.0
2023-05-09 21:00:00,CISO,California Independent System Operator,Demand,20496.0
2023-05-09 22:00:00,CISO,California Independent System Operator,Demand,20048.0
2023-05-09 23:00:00,CISO,California Independent System Operator,Demand,20018.0
2023-05-10 00:00:00,CISO,California Independent System Operator,Demand,20267.0
2023-05-10 01:00:00,CISO,California Independent System Operator,Demand,20839.0
2023-05-10 02:00:00,CISO,California Independent System Operator,Demand,22116.0
2023-05-10 03:00:00,CISO,California Independent System Operator,Demand,23769.0
2023-05-10 04:00:00,CISO,California Independent System Operator,Demand,25393.0
2023-05-10 05:00:00,CISO,California Independent System Operator,Demand,26113.0
2023-05-10 06:00:00,CISO,California Independent System Operator,Demand,25512.0
2023-05-10 07:00:00,CISO,California Independent System Operator,Demand,24226.0
2023-05-10 08:00:00,CISO,California Independent System Operator,Demand,22617.0
2023-05-10 09:00:00,CISO,California Independent System Operator,Demand,21989.0
2023-05-10 10:00:00,CISO,California Independent System Operator,Demand,21116.0
2023-05-10 11:00:00,CISO,California Independent System Operator,Demand,20542.0
2023-05-10 12:00:00,CISO,California Independent System Operator,Demand,20560.0
2023-05-10 13:00:00,CISO,California Independent System Operator,Demand,20834.0
2023-05-10 14:00:00,CISO,California Independent System Operator,Demand,21863.0
2023-05-10 15:00:00,CISO,California Independent System Operator,Demand,22965.0
2023-05-10 16:00:00,CISO,California Independent System Operator,Demand,23447.0
2023-05-10 17:00:00,CISO,California Independent System Operator,Demand,23212.0
2023-05-10 18:00:00,CISO,California Independent System Operator,Demand,22775.0
2023-05-10 19:00:00,CISO,California Independent System Operator,Demand,22917.0
2023-05-10 20:00:00,CISO,California Independent System Operator,Demand,22235.0
2023-05-10 21:00:00,CISO,California Independent System Operator,Demand,21242.0
2023-05-10 22:00:00,CISO,California Independent System Operator,Demand,20607.0
2023-05-10 23:00:00,CISO,California Independent System Operator,Demand,20033.0
2023-05-11 00:00:00,CISO,California Independent System Operator,Demand,19920.0
2023-05-11 01:00:00,CISO,California Independent System Operator,Demand,20380.0
2023-05-11 02:00:00,CISO,California Independent System Operator,Demand,21611.0
2023-05-11 03:00:00,CISO,California Independent System Operator,Demand,23593.0
2023-05-11 04:00:00,CISO,California Independent System Operator,Demand,25258.0
2023-05-11 05:00:00,CISO,California Independent System Operator,Demand,26127.0
2023-05-11 06:00:00,CISO,California Independent System Operator,Demand,25685.0
2023-05-11 07:00:00,CISO,California Independent System Operator,Demand,24251.0
2023-05-11 08:00:00,CISO,California Independent System Operator,Demand,22898.0
2023-05-11 09:00:00,CISO,California Independent System Operator,Demand,22062.0
2023-05-11 10:00:00,CISO,California Independent System Operator,Demand,21248.0
2023-05-11 11:00:00,CISO,California Independent System Operator,Demand,20712.0
2023-05-11 12:00:00,CISO,California Independent System Operator,Demand,20524.0
2023-05-11 13:00:00,CISO,California Independent System Operator,Demand,20941.0
2023-05-11 14:00:00,CISO,California Independent System Operator,Demand,22016.0
2023-05-11 15:00:00,CISO,California Independent System Operator,Demand,23260.0
2023-05-11 16:00:00,CISO,California Independent System Operator,Demand,23873.0
2023-05-11 17:00:00,CISO,California Independent System Operator,Demand,23347.0
2023-05-11 18:00:00,CISO,California Independent System Operator,Demand,22415.0
2023-05-11 19:00:00,CISO,California Independent System Operator,Demand,21894.0
2023-05-11 20:00:00,CISO,California Independent System Operator,Demand,21384.0
2023-05-11 21:00:00,CISO,California Independent System Operator,Demand,20475.0
2023-05-11 22:00:00,CISO,California Independent System Operator,Demand,19820.0
2023-05-11 23:00:00,CISO,California Independent System Operator,Demand,19586.0
2023-05-12 00:00:00,CISO,California Independent System Operator,Demand,19438.0
2023-05-12 01:00:00,CISO,California Independent System Operator,Demand,20956.0
2023-05-12 02:00:00,CISO,California Independent System Operator,Demand,22532.0
2023-05-12 03:00:00,CISO,California Independent System Operator,Demand,24384.0
2023-05-12 04:00:00,CISO,California Independent System Operator,Demand,25741.0
2023-05-12 05:00:00,CISO,California Independent System Operator,Demand,26433.0
2023-05-12 06:00:00,CISO,California Independent System Operator,Demand,25970.0
2023-05-12 07:00:00,CISO,California Independent System Operator,Demand,24479.0
2023-05-12 08:00:00,CISO,California Independent System Operator,Demand,23254.0
2023-05-12 09:00:00,CISO,California Independent System Operator,Demand,22619.0
2023-05-12 10:00:00,CISO,California Independent System Operator,Demand,21978.0
2023-05-12 11:00:00,CISO,California Independent System Operator,Demand,21195.0
2023-05-12 12:00:00,CISO,California Independent System Operator,Demand,20872.0
2023-05-12 13:00:00,CISO,California Independent System Operator,Demand,21433.0
2023-05-12 14:00:00,CISO,California Independent System Operator,Demand,22404.0
2023-05-12 15:00:00,CISO,California Independent System Operator,Demand,23523.0
2023-05-12 16:00:00,CISO,California Independent System Operator,Demand,24047.0
2023-05-12 17:00:00,CISO,California Independent System Operator,Demand,23828.0
2023-05-12 18:00:00,CISO,California Independent System Operator,Demand,23588.0
2023-05-12 19:00:00,CISO,California Independent System Operator,Demand,22322.0
2023-05-12 20:00:00,CISO,California Independent System Operator,Demand,21272.0
2023-05-12 21:00:00,CISO,California Independent System Operator,Demand,20441.0
2023-05-12 22:00:00,CISO,California Independent System Operator,Demand,21037.0
2023-05-12 23:00:00,CISO,California Independent System Operator,Demand,21095.0
2023-05-13 00:00:00,CISO,California Independent System Operator,Demand,21501.0
2023-05-13 01:00:00,CISO,California Independent System Operator,Demand,22638.0
2023-05-13 02:00:00,CISO,California Independent System Operator,Demand,24431.0
2023-05-13 03:00:00,CISO,California Independent System Operator,Demand,26038.0
2023-05-13 04:00:00,CISO,California Independent System Operator,Demand,27039.0
2023-05-13 05:00:00,CISO,California Independent System Operator,Demand,27391.0
2023-05-13 06:00:00,CISO,California Independent System Operator,Demand,26761.0
2023-05-13 07:00:00,CISO,California Independent System Operator,Demand,25331.0
2023-05-13 08:00:00,CISO,California Independent System Operator,Demand,23772.0
2023-05-13 09:00:00,CISO,California Independent System Operator,Demand,23046.0
2023-05-13 10:00:00,CISO,California Independent System Operator,Demand,22254.0
2023-05-13 11:00:00,CISO,California Independent System Operator,Demand,21529.0
2023-05-13 12:00:00,CISO,California Independent System Operator,Demand,21118.0
2023-05-13 13:00:00,CISO,California Independent System Operator,Demand,21012.0
2023-05-13 14:00:00,CISO,California Independent System Operator,Demand,21164.0
2023-05-13 15:00:00,CISO,California Independent System Operator,Demand,21279.0
2023-05-13 16:00:00,CISO,California Independent System Operator,Demand,21323.0
2023-05-13 17:00:00,CISO,California Independent System Operator,Demand,21620.0
2023-05-13 18:00:00,CISO,California Independent System Operator,Demand,21135.0
2023-05-13 19:00:00,CISO,California Independent System Operator,Demand,20116.0
2023-05-13 20:00:00,CISO,California Independent System Operator,Demand,19461.0
2023-05-13 21:00:00,CISO,California Independent System Operator,Demand,18942.0
2023-05-13 22:00:00,CISO,California Independent System Operator,Demand,19145.0
2023-05-13 23:00:00,CISO,California Independent System Operator,Demand,19659.0
2023-05-14 00:00:00,CISO,California Independent System Operator,Demand,21109.0
2023-05-14 01:00:00,CISO,California Independent System Operator,Demand,23143.0
2023-05-14 02:00:00,CISO,California Independent System Operator,Demand,25109.0
2023-05-14 03:00:00,CISO,California Independent System Operator,Demand,26983.0
2023-05-14 04:00:00,CISO,California Independent System Operator,Demand,28027.0
2023-05-14 05:00:00,CISO,California Independent System Operator,Demand,28096.0
2023-05-14 06:00:00,CISO,California Independent System Operator,Demand,27285.0
2023-05-14 07:00:00,CISO,California Independent System Operator,Demand,25820.0
2023-05-14 08:00:00,CISO,California Independent System Operator,Demand,24350.0
2023-05-14 09:00:00,CISO,California Independent System Operator,Demand,23111.0
2023-05-14 10:00:00,CISO,California Independent System Operator,Demand,22073.0
2023-05-14 11:00:00,CISO,California Independent System Operator,Demand,21311.0
2023-05-14 12:00:00,CISO,California Independent System Operator,Demand,20756.0
2023-05-14 13:00:00,CISO,California Independent System Operator,Demand,20494.0
2023-05-14 14:00:00,CISO,California Independent System Operator,Demand,20419.0
2023-05-14 15:00:00,CISO,California Independent System Operator,Demand,20171.0
2023-05-14 16:00:00,CISO,California Independent System Operator,Demand,20073.0
2023-05-14 17:00:00,CISO,California Independent System Operator,Demand,20409.0
2023-05-14 18:00:00,CISO,California Independent System Operator,Demand,20398.0
2023-05-14 19:00:00,CISO,California Independent System Operator,Demand,19256.0
2023-05-14 20:00:00,CISO,California Independent System Operator,Demand,18949.0
2023-05-14 21:00:00,CISO,California Independent System Operator,Demand,19122.0
2023-05-14 22:00:00,CISO,California Independent System Operator,Demand,19482.0
2023-05-14 23:00:00,CISO,California Independent System Operator,Demand,19886.0
2023-05-15 00:00:00,CISO,California Independent System Operator,Demand,21069.0
2023-05-15 01:00:00,CISO,California Independent System Operator,Demand,22702.0
2023-05-15 02:00:00,CISO,California Independent System Operator,Demand,24374.0
2023-05-15 03:00:00,CISO,California Independent System Operator,Demand,26310.0
2023-05-15 04:00:00,CISO,California Independent System Operator,Demand,27223.0
2023-05-15 05:00:00,CISO,California Independent System Operator,Demand,27505.0
2023-05-15 06:00:00,CISO,California Independent System Operator,Demand,26857.0
2023-05-15 07:00:00,CISO,California Independent System Operator,Demand,25218.0
2023-05-15 08:00:00,CISO,California Independent System Operator,Demand,23589.0
2023-05-15 09:00:00,CISO,California Independent System Operator,Demand,22295.0
2023-05-15 10:00:00,CISO,California Independent System Operator,Demand,21753.0
2023-05-15 11:00:00,CISO,California Independent System Operator,Demand,21423.0
2023-05-15 12:00:00,CISO,California Independent System Operator,Demand,21098.0
2023-05-15 13:00:00,CISO,California Independent System Operator,Demand,21400.0
2023-05-15 14:00:00,CISO,California Independent System Operator,Demand,22095.0
2023-05-15 15:00:00,CISO,California Independent System Operator,Demand,23106.0
2023-05-15 16:00:00,CISO,California Independent System Operator,Demand,24128.0
2023-05-15 17:00:00,CISO,California Independent System Operator,Demand,24873.0
2023-05-15 18:00:00,CISO,California Independent System Operator,Demand,24377.0
2023-05-15 19:00:00,CISO,California Independent System Operator,Demand,23475.0
2023-05-15 20:00:00,CISO,California Independent System Operator,Demand,22975.0
2023-05-15 21:00:00,CISO,California Independent System Operator,Demand,22759.0
2023-05-15 22:00:00,CISO,California Independent System Operator,Demand,22931.0
2023-05-15 23:00:00,CISO,California Independent System Operator,Demand,22966.0
2023-05-16 00:00:00,CISO,California Independent System Operator,Demand,24053.0
2023-05-16 01:00:00,CISO,California Independent System Operator,Demand,25570.0
2023-05-16 02:00:00,CISO,California Independent System Operator,Demand,27113.0
2023-05-16 03:00:00,CISO,California Independent System Operator,Demand,27947.0
2023-05-16 04:00:00,CISO,California Independent System Operator,Demand,29245.0
2023-05-16 05:00:00,CISO,California Independent System Operator,Demand,29578.0
2023-05-16 06:00:00,CISO,California Independent System Operator,Demand,28674.0
2023-05-16 07:00:00,CISO,California Independent System Operator,Demand,26748.0
2023-05-16 08:00:00,CISO,California Independent System Operator,Demand,24962.0
2023-05-16 09:00:00,CISO,California Independent System Operator,Demand,23713.0
2023-05-16 10:00:00,CISO,California Independent System Operator,Demand,22918.0
2023-05-16 11:00:00,CISO,California Independent System Operator,Demand,22296.0
2023-05-16 12:00:00,CISO,California Independent System Operator,Demand,22026.0
2023-05-16 13:00:00,CISO,California Independent System Operator,Demand,21996.0
2023-05-16 14:00:00,CISO,California Independent System Operator,Demand,22763.0
2023-05-16 15:00:00,CISO,California Independent System Operator,Demand,23654.0
2023-05-16 16:00:00,CISO,California Independent System Operator,Demand,24753.0
2023-05-16 17:00:00,CISO,California Independent System Operator,Demand,25115.0
2023-05-16 18:00:00,CISO,California Independent System Operator,Demand,24958.0
2023-05-16 19:00:00,CISO,California Independent System Operator,Demand,24038.0
2023-05-16 20:00:00,CISO,California Independent System Operator,Demand,23413.0
2023-05-16 21:00:00,CISO,California Independent System Operator,Demand,23360.0
2023-05-16 22:00:00,CISO,California Independent System Operator,Demand,23658.0
2023-05-16 23:00:00,CISO,California Independent System Operator,Demand,24275.0
2023-05-17 00:00:00,CISO,California Independent System Operator,Demand,25112.0
2023-05-17 01:00:00,CISO,California Independent System Operator,Demand,26562.0
2023-05-17 02:00:00,CISO,California Independent System Operator,Demand,28245.0
2023-05-17 03:00:00,CISO,California Independent System Operator,Demand,29844.0
2023-05-17 04:00:00,CISO,California Independent System Operator,Demand,30734.0
2023-05-17 05:00:00,CISO,California Independent System Operator,Demand,30571.0
2023-05-17 06:00:00,CISO,California Independent System Operator,Demand,29524.0
2023-05-17 07:00:00,CISO,California Independent System Operator,Demand,27553.0
2023-05-17 08:00:00,CISO,California Independent System Operator,Demand,25425.0
2023-05-17 09:00:00,CISO,California Independent System Operator,Demand,24410.0
2023-05-17 10:00:00,CISO,California Independent System Operator,Demand,23875.0
2023-05-17 11:00:00,CISO,California Independent System Operator,Demand,23001.0
2023-05-17 12:00:00,CISO,California Independent System Operator,Demand,22942.0
2023-05-17 13:00:00,CISO,California Independent System Operator,Demand,22953.0
2023-05-17 14:00:00,CISO,California Independent System Operator,Demand,23447.0
2023-05-17 15:00:00,CISO,California Independent System Operator,Demand,24163.0
2023-05-17 16:00:00,CISO,California Independent System Operator,Demand,25060.0
2023-05-17 17:00:00,CISO,California Independent System Operator,Demand,25104.0
2023-05-17 18:00:00,CISO,California Independent System Operator,Demand,24725.0
2023-05-17 19:00:00,CISO,California Independent System Operator,Demand,23877.0
2023-05-17 20:00:00,CISO,California Independent System Operator,Demand,23966.0
2023-05-17 21:00:00,CISO,California Independent System Operator,Demand,23513.0
2023-05-17 22:00:00,CISO,California Independent System Operator,Demand,23379.0
2023-05-17 23:00:00,CISO,California Independent System Operator,Demand,24222.0
2023-05-18 00:00:00,CISO,California Independent System Operator,Demand,25719.0
2023-05-18 01:00:00,CISO,California Independent System Operator,Demand,27231.0
2023-05-18 02:00:00,CISO,California Independent System Operator,Demand,28338.0
2023-05-18 03:00:00,CISO,California Independent System Operator,Demand,29371.0
2023-05-18 04:00:00,CISO,California Independent System Operator,Demand,29987.0
2023-05-18 05:00:00,CISO,California Independent System Operator,Demand,30092.0
2023-05-18 06:00:00,CISO,California Independent System Operator,Demand,29234.0
2023-05-18 07:00:00,CISO,California Independent System Operator,Demand,27463.0
2023-05-18 08:00:00,CISO,California Independent System Operator,Demand,25941.0
2023-05-18 09:00:00,CISO,California Independent System Operator,Demand,24877.0
2023-05-18 10:00:00,CISO,California Independent System Operator,Demand,23784.0
2023-05-18 11:00:00,CISO,California Independent System Operator,Demand,22932.0
2023-05-18 12:00:00,CISO,California Independent System Operator,Demand,22801.0
2023-05-18 13:00:00,CISO,California Independent System Operator,Demand,22777.0
2023-05-18 14:00:00,CISO,California Independent System Operator,Demand,23647.0
2023-05-18 15:00:00,CISO,California Independent System Operator,Demand,24650.0
2023-05-18 16:00:00,CISO,California Independent System Operator,Demand,25204.0
2023-05-18 17:00:00,CISO,California Independent System Operator,Demand,25102.0
2023-05-18 18:00:00,CISO,California Independent System Operator,Demand,24889.0
2023-05-18 19:00:00,CISO,California Independent System Operator,Demand,24326.0
2023-05-18 20:00:00,CISO,California Independent System Operator,Demand,24331.0
2023-05-18 21:00:00,CISO,California Independent System Operator,Demand,23886.0
2023-05-18 22:00:00,CISO,California Independent System Operator,Demand,23572.0
2023-05-18 23:00:00,CISO,California Independent System Operator,Demand,23232.0
2023-05-19 00:00:00,CISO,California Independent System Operator,Demand,24235.0
2023-05-19 01:00:00,CISO,California Independent System Operator,Demand,25895.0
2023-05-19 02:00:00,CISO,California Independent System Operator,Demand,27506.0
2023-05-19 03:00:00,CISO,California Independent System Operator,Demand,28797.0
2023-05-19 04:00:00,CISO,California Independent System Operator,Demand,29487.0
2023-05-19 05:00:00,CISO,California Independent System Operator,Demand,29585.0
2023-05-19 06:00:00,CISO,California Independent System Operator,Demand,28763.0
2023-05-19 07:00:00,CISO,California Independent System Operator,Demand,27067.0
2023-05-19 08:00:00,CISO,California Independent System Operator,Demand,25673.0
2023-05-19 09:00:00,CISO,California Independent System Operator,Demand,24307.0
2023-05-19 10:00:00,CISO,California Independent System Operator,Demand,23547.0
2023-05-19 11:00:00,CISO,California Independent System Operator,Demand,22837.0
2023-05-19 12:00:00,CISO,California Independent System Operator,Demand,22561.0
2023-05-19 13:00:00,CISO,California Independent System Operator,Demand,22628.0
2023-05-19 14:00:00,CISO,California Independent System Operator,Demand,23278.0
2023-05-19 15:00:00,CISO,California Independent System Operator,Demand,24401.0
2023-05-19 16:00:00,CISO,California Independent System Operator,Demand,25011.0
2023-05-19 17:00:00,CISO,California Independent System Operator,Demand,25094.0
2023-05-19 18:00:00,CISO,California Independent System Operator,Demand,24802.0
2023-05-19 19:00:00,CISO,California Independent System Operator,Demand,24330.0
2023-05-19 20:00:00,CISO,California Independent System Operator,Demand,24105.0
2023-05-19 21:00:00,CISO,California Independent System Operator,Demand,23735.0
2023-05-19 22:00:00,CISO,California Independent System Operator,Demand,23395.0
2023-05-19 23:00:00,CISO,California Independent System Operator,Demand,22898.0
2023-05-20 00:00:00,CISO,California Independent System Operator,Demand,24034.0
2023-05-20 01:00:00,CISO,California Independent System Operator,Demand,25099.0
2023-05-20 02:00:00,CISO,California Independent System Operator,Demand,26743.0
2023-05-20 03:00:00,CISO,California Independent System Operator,Demand,27627.0
2023-05-20 04:00:00,CISO,California Independent System Operator,Demand,28307.0
2023-05-20 05:00:00,CISO,California Independent System Operator,Demand,28552.0
2023-05-20 06:00:00,CISO,California Independent System Operator,Demand,28023.0
2023-05-20 07:00:00,CISO,California Independent System Operator,Demand,26741.0
2023-05-20 08:00:00,CISO,California Independent System Operator,Demand,25317.0
2023-05-20 09:00:00,CISO,California Independent System Operator,Demand,23776.0
2023-05-20 10:00:00,CISO,California Independent System Operator,Demand,22814.0
2023-05-20 11:00:00,CISO,California Independent System Operator,Demand,22232.0
2023-05-20 12:00:00,CISO,California Independent System Operator,Demand,22283.0
2023-05-20 13:00:00,CISO,California Independent System Operator,Demand,21990.0
2023-05-20 14:00:00,CISO,California Independent System Operator,Demand,22269.0
2023-05-20 15:00:00,CISO,California Independent System Operator,Demand,22328.0
2023-05-20 16:00:00,CISO,California Independent System Operator,Demand,22327.0
2023-05-20 17:00:00,CISO,California Independent System Operator,Demand,22649.0
2023-05-20 18:00:00,CISO,California Independent System Operator,Demand,22015.0
2023-05-20 19:00:00,CISO,California Independent System Operator,Demand,21434.0
2023-05-20 20:00:00,CISO,California Independent System Operator,Demand,20852.0
2023-05-20 21:00:00,CISO,California Independent System Operator,Demand,20220.0
2023-05-20 22:00:00,CISO,California Independent System Operator,Demand,20393.0
2023-05-20 23:00:00,CISO,California Independent System Operator,Demand,20485.0
2023-05-21 00:00:00,CISO,California Independent System Operator,Demand,21524.0
2023-05-21 01:00:00,CISO,California Independent System Operator,Demand,23087.0
2023-05-21 02:00:00,CISO,California Independent System Operator,Demand,24814.0
2023-05-21 03:00:00,CISO,California Independent System Operator,Demand,26014.0
2023-05-21 04:00:00,CISO,California Independent System Operator,Demand,26642.0
2023-05-21 05:00:00,CISO,California Independent System Operator,Demand,26992.0
2023-05-21 06:00:00,CISO,California Independent System Operator,Demand,26520.0
2023-05-21 07:00:00,CISO,California Independent System Operator,Demand,25408.0
2023-05-21 08:00:00,CISO,California Independent System Operator,Demand,24280.0
2023-05-21 09:00:00,CISO,California Independent System Operator,Demand,23570.0
2023-05-21 10:00:00,CISO,California Independent System Operator,Demand,22712.0
2023-05-21 11:00:00,CISO,California Independent System Operator,Demand,22020.0
2023-05-21 12:00:00,CISO,California Independent System Operator,Demand,21478.0
2023-05-21 13:00:00,CISO,California Independent System Operator,Demand,21364.0
2023-05-21 14:00:00,CISO,California Independent System Operator,Demand,21378.0
2023-05-21 15:00:00,CISO,California Independent System Operator,Demand,21472.0
2023-05-21 16:00:00,CISO,California Independent System Operator,Demand,21253.0
2023-05-21 17:00:00,CISO,California Independent System Operator,Demand,21318.0
2023-05-21 18:00:00,CISO,California Independent System Operator,Demand,20983.0
2023-05-21 19:00:00,CISO,California Independent System Operator,Demand,20128.0
2023-05-21 20:00:00,CISO,California Independent System Operator,Demand,19366.0
2023-05-21 21:00:00,CISO,California Independent System Operator,Demand,18753.0
2023-05-21 22:00:00,CISO,California Independent System Operator,Demand,19268.0
2023-05-21 23:00:00,CISO,California Independent System Operator,Demand,19860.0
2023-05-22 00:00:00,CISO,California Independent System Operator,Demand,21809.0
2023-05-22 01:00:00,CISO,California Independent System Operator,Demand,23561.0
2023-05-22 02:00:00,CISO,California Independent System Operator,Demand,25864.0
2023-05-22 03:00:00,CISO,California Independent System Operator,Demand,27105.0
2023-05-22 04:00:00,CISO,California Independent System Operator,Demand,27910.0
2023-05-22 05:00:00,CISO,California Independent System Operator,Demand,28129.0
2023-05-22 06:00:00,CISO,California Independent System Operator,Demand,27407.0
2023-05-22 07:00:00,CISO,California Independent System Operator,Demand,25830.0
2023-05-22 08:00:00,CISO,California Independent System Operator,Demand,24335.0
2023-05-22 09:00:00,CISO,California Independent System Operator,Demand,23183.0
2023-05-22 10:00:00,CISO,California Independent System Operator,Demand,22333.0
2023-05-22 11:00:00,CISO,California Independent System Operator,Demand,21343.0
2023-05-22 12:00:00,CISO,California Independent System Operator,Demand,21405.0
2023-05-22 13:00:00,CISO,California Independent System Operator,Demand,21665.0
2023-05-22 14:00:00,CISO,California Independent System Operator,Demand,22707.0
2023-05-22 15:00:00,CISO,California Independent System Operator,Demand,23778.0
2023-05-22 16:00:00,CISO,California Independent System Operator,Demand,24653.0
2023-05-22 17:00:00,CISO,California Independent System Operator,Demand,24742.0
2023-05-22 18:00:00,CISO,California Independent System Operator,Demand,24386.0
2023-05-22 19:00:00,CISO,California Independent System Operator,Demand,24204.0
2023-05-22 20:00:00,CISO,California Independent System Operator,Demand,24383.0
2023-05-22 21:00:00,CISO,California Independent System Operator,Demand,24451.0
2023-05-22 22:00:00,CISO,California Independent System Operator,Demand,25002.0
2023-05-22 23:00:00,CISO,California Independent System Operator,Demand,25406.0
2023-05-23 00:00:00,CISO,California Independent System Operator,Demand,26359.0
2023-05-23 01:00:00,CISO,California Independent System Operator,Demand,27601.0
2023-05-23 02:00:00,CISO,California Independent System Operator,Demand,29301.0
2023-05-23 03:00:00,CISO,California Independent System Operator,Demand,30271.0
2023-05-23 04:00:00,CISO,California Independent System Operator,Demand,30538.0
2023-05-23 05:00:00,CISO,California Independent System Operator,Demand,30259.0
2023-05-23 06:00:00,CISO,California Independent System Operator,Demand,29536.0
2023-05-23 07:00:00,CISO,California Independent System Operator,Demand,27646.0
2023-05-23 08:00:00,CISO,California Independent System Operator,Demand,25691.0
2023-05-23 09:00:00,CISO,California Independent System Operator,Demand,24162.0
2023-05-23 10:00:00,CISO,California Independent System Operator,Demand,23038.0
2023-05-23 11:00:00,CISO,California Independent System Operator,Demand,22364.0
2023-05-23 12:00:00,CISO,California Independent System Operator,Demand,22173.0
2023-05-23 13:00:00,CISO,California Independent System Operator,Demand,22329.0
2023-05-23 14:00:00,CISO,California Independent System Operator,Demand,23066.0
2023-05-23 15:00:00,CISO,California Independent System Operator,Demand,24194.0
2023-05-23 16:00:00,CISO,California Independent System Operator,Demand,24911.0
2023-05-23 17:00:00,CISO,California Independent System Operator,Demand,25123.0
2023-05-23 18:00:00,CISO,California Independent System Operator,Demand,24927.0
2023-05-23 19:00:00,CISO,California Independent System Operator,Demand,24614.0
2023-05-23 20:00:00,CISO,California Independent System Operator,Demand,24429.0
2023-05-23 21:00:00,CISO,California Independent System Operator,Demand,24312.0
2023-05-23 22:00:00,CISO,California Independent System Operator,Demand,24552.0
2023-05-23 23:00:00,CISO,California Independent System Operator,Demand,24348.0
2023-05-24 00:00:00,CISO,California Independent System Operator,Demand,24502.0
2023-05-24 01:00:00,CISO,California Independent System Operator,Demand,24988.0
2023-05-24 02:00:00,CISO,California Independent System Operator,Demand,26160.0
2023-05-24 03:00:00,CISO,California Independent System Operator,Demand,27009.0
2023-05-24 04:00:00,CISO,California Independent System Operator,Demand,27812.0
2023-05-24 05:00:00,CISO,California Independent System Operator,Demand,28217.0
2023-05-24 06:00:00,CISO,California Independent System Operator,Demand,27502.0
2023-05-24 07:00:00,CISO,California Independent System Operator,Demand,26084.0
2023-05-24 08:00:00,CISO,California Independent System Operator,Demand,24601.0
2023-05-24 09:00:00,CISO,California Independent System Operator,Demand,23930.0
2023-05-24 10:00:00,CISO,California Independent System Operator,Demand,23201.0
2023-05-24 11:00:00,CISO,California Independent System Operator,Demand,22725.0
2023-05-24 12:00:00,CISO,California Independent System Operator,Demand,22448.0
2023-05-24 13:00:00,CISO,California Independent System Operator,Demand,22393.0
2023-05-24 14:00:00,CISO,California Independent System Operator,Demand,23110.0
2023-05-24 15:00:00,CISO,California Independent System Operator,Demand,23933.0
2023-05-24 16:00:00,CISO,California Independent System Operator,Demand,24470.0
2023-05-24 17:00:00,CISO,California Independent System Operator,Demand,24560.0
2023-05-24 18:00:00,CISO,California Independent System Operator,Demand,24206.0
2023-05-24 19:00:00,CISO,California Independent System Operator,Demand,23858.0
2023-05-24 20:00:00,CISO,California Independent System Operator,Demand,23064.0
2023-05-24 21:00:00,CISO,California Independent System Operator,Demand,22404.0
2023-05-24 22:00:00,CISO,California Independent System Operator,Demand,22467.0
2023-05-24 23:00:00,CISO,California Independent System Operator,Demand,23078.0
2023-05-25 00:00:00,CISO,California Independent System Operator,Demand,22869.0
2023-05-25 01:00:00,CISO,California Independent System Operator,Demand,23467.0
2023-05-25 02:00:00,CISO,California Independent System Operator,Demand,24964.0
2023-05-25 03:00:00,CISO,California Independent System Operator,Demand,26109.0
2023-05-25 04:00:00,CISO,California Independent System Operator,Demand,27002.0
2023-05-25 05:00:00,CISO,California Independent System Operator,Demand,27562.0
2023-05-25 06:00:00,CISO,California Independent System Operator,Demand,27082.0
2023-05-25 07:00:00,CISO,California Independent System Operator,Demand,25583.0
2023-05-25 08:00:00,CISO,California Independent System Operator,Demand,24116.0
2023-05-25 09:00:00,CISO,California Independent System Operator,Demand,23393.0
2023-05-25 10:00:00,CISO,California Independent System Operator,Demand,22592.0
2023-05-25 11:00:00,CISO,California Independent System Operator,Demand,22091.0
2023-05-25 12:00:00,CISO,California Independent System Operator,Demand,21733.0
2023-05-25 13:00:00,CISO,California Independent System Operator,Demand,21603.0
2023-05-25 14:00:00,CISO,California Independent System Operator,Demand,22506.0
2023-05-25 15:00:00,CISO,California Independent System Operator,Demand,23431.0
2023-05-25 16:00:00,CISO,California Independent System Operator,Demand,24179.0
2023-05-25 17:00:00,CISO,California Independent System Operator,Demand,23936.0
2023-05-25 18:00:00,CISO,California Independent System Operator,Demand,23760.0
2023-05-25 19:00:00,CISO,California Independent System Operator,Demand,23853.0
2023-05-25 20:00:00,CISO,California Independent System Operator,Demand,23035.0
2023-05-25 21:00:00,CISO,California Independent System Operator,Demand,21825.0
2023-05-25 22:00:00,CISO,California Independent System Operator,Demand,21571.0
2023-05-25 23:00:00,CISO,California Independent System Operator,Demand,21377.0
2023-05-26 00:00:00,CISO,California Independent System Operator,Demand,21941.0
2023-05-26 01:00:00,CISO,California Independent System Operator,Demand,22681.0
2023-05-26 02:00:00,CISO,California Independent System Operator,Demand,24453.0
2023-05-26 03:00:00,CISO,California Independent System Operator,Demand,25660.0
2023-05-26 04:00:00,CISO,California Independent System Operator,Demand,26991.0
2023-05-26 05:00:00,CISO,California Independent System Operator,Demand,27362.0
2023-05-26 06:00:00,CISO,California Independent System Operator,Demand,26852.0
2023-05-26 07:00:00,CISO,California Independent System Operator,Demand,25468.0
2023-05-26 08:00:00,CISO,California Independent System Operator,Demand,24071.0
2023-05-26 09:00:00,CISO,California Independent System Operator,Demand,23288.0
2023-05-26 10:00:00,CISO,California Independent System Operator,Demand,22430.0
2023-05-26 11:00:00,CISO,California Independent System Operator,Demand,22138.0
2023-05-26 12:00:00,CISO,California Independent System Operator,Demand,22090.0
2023-05-26 13:00:00,CISO,California Independent System Operator,Demand,21931.0
2023-05-26 14:00:00,CISO,California Independent System Operator,Demand,22720.0
2023-05-26 15:00:00,CISO,California Independent System Operator,Demand,23688.0
2023-05-26 16:00:00,CISO,California Independent System Operator,Demand,24537.0
2023-05-26 17:00:00,CISO,California Independent System Operator,Demand,24324.0
2023-05-26 18:00:00,CISO,California Independent System Operator,Demand,23934.0
2023-05-26 19:00:00,CISO,California Independent System Operator,Demand,23086.0
2023-05-26 20:00:00,CISO,California Independent System Operator,Demand,22277.0
2023-05-26 21:00:00,CISO,California Independent System Operator,Demand,21179.0
2023-05-26 22:00:00,CISO,California Independent System Operator,Demand,20508.0
2023-05-26 23:00:00,CISO,California Independent System Operator,Demand,20237.0
2023-05-27 00:00:00,CISO,California Independent System Operator,Demand,20813.0
2023-05-27 01:00:00,CISO,California Independent System Operator,Demand,21914.0
2023-05-27 02:00:00,CISO,California Independent System Operator,Demand,23640.0
2023-05-27 03:00:00,CISO,California Independent System Operator,Demand,24722.0
2023-05-27 04:00:00,CISO,California Independent System Operator,Demand,25848.0
2023-05-27 05:00:00,CISO,California Independent System Operator,Demand,26632.0
2023-05-27 06:00:00,CISO,California Independent System Operator,Demand,26382.0
2023-05-27 07:00:00,CISO,California Independent System Operator,Demand,24940.0
2023-05-27 08:00:00,CISO,California Independent System Operator,Demand,23313.0
2023-05-27 09:00:00,CISO,California Independent System Operator,Demand,22615.0
2023-05-27 10:00:00,CISO,California Independent System Operator,Demand,21989.0
2023-05-27 11:00:00,CISO,California Independent System Operator,Demand,21415.0
2023-05-27 12:00:00,CISO,California Independent System Operator,Demand,20943.0
2023-05-27 13:00:00,CISO,California Independent System Operator,Demand,20802.0
2023-05-27 14:00:00,CISO,California Independent System Operator,Demand,20888.0
2023-05-27 15:00:00,CISO,California Independent System Operator,Demand,20745.0
2023-05-27 16:00:00,CISO,California Independent System Operator,Demand,21015.0
2023-05-27 17:00:00,CISO,California Independent System Operator,Demand,20537.0
2023-05-27 18:00:00,CISO,California Independent System Operator,Demand,20364.0
2023-05-27 19:00:00,CISO,California Independent System Operator,Demand,19670.0
2023-05-27 20:00:00,CISO,California Independent System Operator,Demand,18987.0
2023-05-27 21:00:00,CISO,California Independent System Operator,Demand,17992.0
2023-05-27 22:00:00,CISO,California Independent System Operator,Demand,17367.0
2023-05-27 23:00:00,CISO,California Independent System Operator,Demand,17420.0
2023-05-28 00:00:00,CISO,California Independent System Operator,Demand,18110.0
2023-05-28 01:00:00,CISO,California Independent System Operator,Demand,19535.0
2023-05-28 02:00:00,CISO,California Independent System Operator,Demand,21586.0
2023-05-28 03:00:00,CISO,California Independent System Operator,Demand,23858.0
2023-05-28 04:00:00,CISO,California Independent System Operator,Demand,25258.0
2023-05-28 05:00:00,CISO,California Independent System Operator,Demand,26004.0
2023-05-28 06:00:00,CISO,California Independent System Operator,Demand,25598.0
2023-05-28 07:00:00,CISO,California Independent System Operator,Demand,24363.0
2023-05-28 08:00:00,CISO,California Independent System Operator,Demand,23046.0
2023-05-28 09:00:00,CISO,California Independent System Operator,Demand,22169.0
2023-05-28 10:00:00,CISO,California Independent System Operator,Demand,21309.0
2023-05-28 11:00:00,CISO,California Independent System Operator,Demand,20968.0
2023-05-28 12:00:00,CISO,California Independent System Operator,Demand,20456.0
2023-05-28 13:00:00,CISO,California Independent System Operator,Demand,20139.0
2023-05-28 14:00:00,CISO,California Independent System Operator,Demand,20119.0
2023-05-28 15:00:00,CISO,California Independent System Operator,Demand,19883.0
2023-05-28 16:00:00,CISO,California Independent System Operator,Demand,20066.0
2023-05-28 17:00:00,CISO,California Independent System Operator,Demand,20034.0
2023-05-28 18:00:00,CISO,California Independent System Operator,Demand,19880.0
2023-05-28 19:00:00,CISO,California Independent System Operator,Demand,19511.0
2023-05-28 20:00:00,CISO,California Independent System Operator,Demand,19366.0
2023-05-28 21:00:00,CISO,California Independent System Operator,Demand,19059.0
2023-05-28 22:00:00,CISO,California Independent System Operator,Demand,18840.0
2023-05-28 23:00:00,CISO,California Independent System Operator,Demand,18839.0
2023-05-29 00:00:00,CISO,California Independent System Operator,Demand,19085.0
2023-05-29 01:00:00,CISO,California Independent System Operator,Demand,20208.0
2023-05-29 02:00:00,CISO,California Independent System Operator,Demand,21801.0
2023-05-29 03:00:00,CISO,California Independent System Operator,Demand,23141.0
2023-05-29 04:00:00,CISO,California Independent System Operator,Demand,24509.0
2023-05-29 05:00:00,CISO,California Independent System Operator,Demand,25084.0
2023-05-29 06:00:00,CISO,California Independent System Operator,Demand,24761.0
2023-05-29 07:00:00,CISO,California Independent System Operator,Demand,23736.0
2023-05-29 08:00:00,CISO,California Independent System Operator,Demand,22437.0
2023-05-29 09:00:00,CISO,California Independent System Operator,Demand,21537.0
2023-05-29 10:00:00,CISO,California Independent System Operator,Demand,20845.0
2023-05-29 11:00:00,CISO,California Independent System Operator,Demand,20382.0
2023-05-29 12:00:00,CISO,California Independent System Operator,Demand,19980.0
2023-05-29 13:00:00,CISO,California Independent System Operator,Demand,19884.0
2023-05-29 14:00:00,CISO,California Independent System Operator,Demand,20161.0
2023-05-29 15:00:00,CISO,California Independent System Operator,Demand,20059.0
2023-05-29 16:00:00,CISO,California Independent System Operator,Demand,20358.0
2023-05-29 17:00:00,CISO,California Independent System Operator,Demand,20962.0
2023-05-29 18:00:00,CISO,California Independent System Operator,Demand,20623.0
2023-05-29 19:00:00,CISO,California Independent System Operator,Demand,20159.0
2023-05-29 20:00:00,CISO,California Independent System Operator,Demand,20252.0
2023-05-29 21:00:00,CISO,California Independent System Operator,Demand,19839.0
2023-05-29 22:00:00,CISO,California Independent System Operator,Demand,19645.0
2023-05-29 23:00:00,CISO,California Independent System Operator,Demand,19836.0
2023-05-30 00:00:00,CISO,California Independent System Operator,Demand,20092.0
2023-05-30 01:00:00,CISO,California Independent System Operator,Demand,20753.0
2023-05-30 02:00:00,CISO,California Independent System Operator,Demand,22372.0
2023-05-30 03:00:00,CISO,California Independent System Operator,Demand,24308.0
2023-05-30 04:00:00,CISO,California Independent System Operator,Demand,25520.0
2023-05-30 05:00:00,CISO,California Independent System Operator,Demand,26157.0
2023-05-30 06:00:00,CISO,California Independent System Operator,Demand,25703.0
2023-05-30 07:00:00,CISO,California Independent System Operator,Demand,24338.0
2023-05-30 08:00:00,CISO,California Independent System Operator,Demand,22780.0
2023-05-30 09:00:00,CISO,California Independent System Operator,Demand,21827.0
2023-05-30 10:00:00,CISO,California Independent System Operator,Demand,21044.0
2023-05-30 11:00:00,CISO,California Independent System Operator,Demand,20584.0
2023-05-30 12:00:00,CISO,California Independent System Operator,Demand,20536.0
2023-05-30 13:00:00,CISO,California Independent System Operator,Demand,20935.0
2023-05-30 14:00:00,CISO,California Independent System Operator,Demand,21974.0
2023-05-30 15:00:00,CISO,California Independent System Operator,Demand,23043.0
2023-05-30 16:00:00,CISO,California Independent System Operator,Demand,23722.0
2023-05-30 17:00:00,CISO,California Independent System Operator,Demand,23731.0
2023-05-30 18:00:00,CISO,California Independent System Operator,Demand,23469.0
2023-05-30 19:00:00,CISO,California Independent System Operator,Demand,23178.0
2023-05-30 20:00:00,CISO,California Independent System Operator,Demand,22344.0
2023-05-30 21:00:00,CISO,California Independent System Operator,Demand,21743.0
2023-05-30 22:00:00,CISO,California Independent System Operator,Demand,21682.0
2023-05-30 23:00:00,CISO,California Independent System Operator,Demand,21903.0
2023-05-31 00:00:00,CISO,California Independent System Operator,Demand,22516.0
2023-05-31 01:00:00,CISO,California Independent System Operator,Demand,23585.0
2023-05-31 02:00:00,CISO,California Independent System Operator,Demand,24512.0
2023-05-31 03:00:00,CISO,California Independent System Operator,Demand,25890.0
2023-05-31 04:00:00,CISO,California Independent System Operator,Demand,26722.0
2023-05-31 05:00:00,CISO,California Independent System Operator,Demand,27301.0
2023-05-31 06:00:00,CISO,California Independent System Operator,Demand,26910.0
2023-05-31 07:00:00,CISO,California Independent System Operator,Demand,25357.0
2023-05-31 08:00:00,CISO,California Independent System Operator,Demand,23932.0
2023-05-31 09:00:00,CISO,California Independent System Operator,Demand,23024.0
2023-05-31 10:00:00,CISO,California Independent System Operator,Demand,22256.0
2023-05-31 11:00:00,CISO,California Independent System Operator,Demand,21722.0
2023-05-31 12:00:00,CISO,California Independent System Operator,Demand,21431.0
2023-05-31 13:00:00,CISO,California Independent System Operator,Demand,21675.0
2023-05-31 14:00:00,CISO,California Independent System Operator,Demand,22533.0
2023-05-31 15:00:00,CISO,California Independent System Operator,Demand,23577.0
2023-05-31 16:00:00,CISO,California Independent System Operator,Demand,24819.0
2023-05-31 17:00:00,CISO,California Independent System Operator,Demand,24897.0
2023-05-31 18:00:00,CISO,California Independent System Operator,Demand,24619.0
2023-05-31 19:00:00,CISO,California Independent System Operator,Demand,24044.0
2023-05-31 20:00:00,CISO,California Independent System Operator,Demand,23329.0
2023-05-31 21:00:00,CISO,California Independent System Operator,Demand,22965.0
2023-05-31 22:00:00,CISO,California Independent System Operator,Demand,23135.0
2023-05-31 23:00:00,CISO,California Independent System Operator,Demand,23026.0
2023-06-01 00:00:00,CISO,California Independent System Operator,Demand,22928.0
2023-06-01 01:00:00,CISO,California Independent System Operator,Demand,23619.0
2023-06-01 02:00:00,CISO,California Independent System Operator,Demand,25173.0
2023-06-01 03:00:00,CISO,California Independent System Operator,Demand,26498.0
2023-06-01 04:00:00,CISO,California Independent System Operator,Demand,27436.0
2023-06-01 05:00:00,CISO,California Independent System Operator,Demand,28164.0
2023-06-01 06:00:00,CISO,California Independent System Operator,Demand,27596.0
2023-06-01 07:00:00,CISO,California Independent System Operator,Demand,26028.0
2023-06-01 08:00:00,CISO,California Independent System Operator,Demand,24507.0
2023-06-01 09:00:00,CISO,California Independent System Operator,Demand,23531.0
2023-06-01 10:00:00,CISO,California Independent System Operator,Demand,22729.0
2023-06-01 11:00:00,CISO,California Independent System Operator,Demand,22036.0
2023-06-01 12:00:00,CISO,California Independent System Operator,Demand,21680.0
2023-06-01 13:00:00,CISO,California Independent System Operator,Demand,22014.0
2023-06-01 14:00:00,CISO,California Independent System Operator,Demand,23019.0
2023-06-01 15:00:00,CISO,California Independent System Operator,Demand,23806.0
2023-06-01 16:00:00,CISO,California Independent System Operator,Demand,24262.0
2023-06-01 17:00:00,CISO,California Independent System Operator,Demand,24312.0
2023-06-01 18:00:00,CISO,California Independent System Operator,Demand,24267.0
2023-06-01 19:00:00,CISO,California Independent System Operator,Demand,23910.0
2023-06-01 20:00:00,CISO,California Independent System Operator,Demand,23002.0
2023-06-01 21:00:00,CISO,California Independent System Operator,Demand,23054.0
2023-06-01 22:00:00,CISO,California Independent System Operator,Demand,22533.0
2023-06-01 23:00:00,CISO,California Independent System Operator,Demand,22425.0
2023-06-02 00:00:00,CISO,California Independent System Operator,Demand,23432.0
2023-06-02 01:00:00,CISO,California Independent System Operator,Demand,24295.0
2023-06-02 02:00:00,CISO,California Independent System Operator,Demand,25168.0
2023-06-02 03:00:00,CISO,California Independent System Operator,Demand,26120.0
2023-06-02 04:00:00,CISO,California Independent System Operator,Demand,27499.0
2023-06-02 05:00:00,CISO,California Independent System Operator,Demand,28211.0
2023-06-02 06:00:00,CISO,California Independent System Operator,Demand,27645.0
2023-06-02 07:00:00,CISO,California Independent System Operator,Demand,26091.0
2023-06-02 08:00:00,CISO,California Independent System Operator,Demand,24522.0
2023-06-02 09:00:00,CISO,California Independent System Operator,Demand,23612.0
2023-06-02 10:00:00,CISO,California Independent System Operator,Demand,22703.0
2023-06-02 11:00:00,CISO,California Independent System Operator,Demand,22068.0
2023-06-02 12:00:00,CISO,California Independent System Operator,Demand,21467.0
2023-06-02 13:00:00,CISO,California Independent System Operator,Demand,21765.0
2023-06-02 14:00:00,CISO,California Independent System Operator,Demand,22510.0
2023-06-02 15:00:00,CISO,California Independent System Operator,Demand,23503.0
2023-06-02 16:00:00,CISO,California Independent System Operator,Demand,24458.0
2023-06-02 17:00:00,CISO,California Independent System Operator,Demand,24438.0
2023-06-02 18:00:00,CISO,California Independent System Operator,Demand,23601.0
2023-06-02 19:00:00,CISO,California Independent System Operator,Demand,22818.0
2023-06-02 20:00:00,CISO,California Independent System Operator,Demand,22252.0
2023-06-02 21:00:00,CISO,California Independent System Operator,Demand,21845.0
2023-06-02 22:00:00,CISO,California Independent System Operator,Demand,21468.0
2023-06-02 23:00:00,CISO,California Independent System Operator,Demand,21354.0
2023-06-03 00:00:00,CISO,California Independent System Operator,Demand,21956.0
2023-06-03 01:00:00,CISO,California Independent System Operator,Demand,23528.0
2023-06-03 02:00:00,CISO,California Independent System Operator,Demand,25071.0
2023-06-03 03:00:00,CISO,California Independent System Operator,Demand,26261.0
2023-06-03 04:00:00,CISO,California Independent System Operator,Demand,27265.0
2023-06-03 05:00:00,CISO,California Independent System Operator,Demand,27856.0
2023-06-03 06:00:00,CISO,California Independent System Operator,Demand,27486.0
2023-06-03 07:00:00,CISO,California Independent System Operator,Demand,26019.0
2023-06-03 08:00:00,CISO,California Independent System Operator,Demand,24533.0
2023-06-03 09:00:00,CISO,California Independent System Operator,Demand,23436.0
2023-06-03 10:00:00,CISO,California Independent System Operator,Demand,22265.0
2023-06-03 11:00:00,CISO,California Independent System Operator,Demand,21394.0
2023-06-03 12:00:00,CISO,California Independent System Operator,Demand,21030.0
2023-06-03 13:00:00,CISO,California Independent System Operator,Demand,20900.0
2023-06-03 14:00:00,CISO,California Independent System Operator,Demand,21113.0
2023-06-03 15:00:00,CISO,California Independent System Operator,Demand,20846.0
2023-06-03 16:00:00,CISO,California Independent System Operator,Demand,20969.0
2023-06-03 17:00:00,CISO,California Independent System Operator,Demand,20986.0
2023-06-03 18:00:00,CISO,California Independent System Operator,Demand,20521.0
2023-06-03 19:00:00,CISO,California Independent System Operator,Demand,19939.0
2023-06-03 20:00:00,CISO,California Independent System Operator,Demand,19259.0
2023-06-03 21:00:00,CISO,California Independent System Operator,Demand,18602.0
2023-06-03 22:00:00,CISO,California Independent System Operator,Demand,18502.0
2023-06-03 23:00:00,CISO,California Independent System Operator,Demand,19178.0
2023-06-04 00:00:00,CISO,California Independent System Operator,Demand,20789.0
2023-06-04 01:00:00,CISO,California Independent System Operator,Demand,22452.0
2023-06-04 02:00:00,CISO,California Independent System Operator,Demand,24423.0
2023-06-04 03:00:00,CISO,California Independent System Operator,Demand,26529.0
2023-06-04 04:00:00,CISO,California Independent System Operator,Demand,27667.0
2023-06-04 05:00:00,CISO,California Independent System Operator,Demand,27833.0
2023-06-04 06:00:00,CISO,California Independent System Operator,Demand,27119.0
2023-06-04 07:00:00,CISO,California Independent System Operator,Demand,25704.0
2023-06-04 08:00:00,CISO,California Independent System Operator,Demand,24244.0
2023-06-04 09:00:00,CISO,California Independent System Operator,Demand,23018.0
2023-06-04 10:00:00,CISO,California Independent System Operator,Demand,21949.0
2023-06-04 11:00:00,CISO,California Independent System Operator,Demand,21119.0
2023-06-04 12:00:00,CISO,California Independent System Operator,Demand,20632.0
2023-06-04 13:00:00,CISO,California Independent System Operator,Demand,20415.0
2023-06-04 14:00:00,CISO,California Independent System Operator,Demand,20295.0
2023-06-04 15:00:00,CISO,California Independent System Operator,Demand,20065.0
2023-06-04 16:00:00,CISO,California Independent System Operator,Demand,20353.0
2023-06-04 17:00:00,CISO,California Independent System Operator,Demand,20737.0
2023-06-04 18:00:00,CISO,California Independent System Operator,Demand,20163.0
2023-06-04 19:00:00,CISO,California Independent System Operator,Demand,19893.0
2023-06-04 20:00:00,CISO,California Independent System Operator,Demand,19269.0
2023-06-04 21:00:00,CISO,California Independent System Operator,Demand,19153.0
2023-06-04 22:00:00,CISO,California Independent System Operator,Demand,19110.0
2023-06-04 23:00:00,CISO,California Independent System Operator,Demand,19585.0
2023-06-05 00:00:00,CISO,California Independent System Operator,Demand,21132.0
2023-06-05 01:00:00,CISO,California Independent System Operator,Demand,22929.0
2023-06-05 02:00:00,CISO,California Independent System Operator,Demand,25145.0
2023-06-05 03:00:00,CISO,California Independent System Operator,Demand,27436.0
2023-06-05 04:00:00,CISO,California Independent System Operator,Demand,28363.0
2023-06-05 05:00:00,CISO,California Independent System Operator,Demand,28340.0
2023-06-05 06:00:00,CISO,California Independent System Operator,Demand,27584.0
2023-06-05 07:00:00,CISO,California Independent System Operator,Demand,25792.0
2023-06-05 08:00:00,CISO,California Independent System Operator,Demand,24004.0
2023-06-05 09:00:00,CISO,California Independent System Operator,Demand,22896.0
2023-06-05 10:00:00,CISO,California Independent System Operator,Demand,21928.0
2023-06-05 11:00:00,CISO,California Independent System Operator,Demand,21327.0
2023-06-05 12:00:00,CISO,California Independent System Operator,Demand,21151.0
2023-06-05 13:00:00,CISO,California Independent System Operator,Demand,21238.0
2023-06-05 14:00:00,CISO,California Independent System Operator,Demand,22039.0
2023-06-05 15:00:00,CISO,California Independent System Operator,Demand,23016.0
2023-06-05 16:00:00,CISO,California Independent System Operator,Demand,24228.0
2023-06-05 17:00:00,CISO,California Independent System Operator,Demand,24794.0
2023-06-05 18:00:00,CISO,California Independent System Operator,Demand,25108.0
2023-06-05 19:00:00,CISO,California Independent System Operator,Demand,25089.0
2023-06-05 20:00:00,CISO,California Independent System Operator,Demand,24486.0
2023-06-05 21:00:00,CISO,California Independent System Operator,Demand,24713.0
2023-06-05 22:00:00,CISO,California Independent System Operator,Demand,24505.0
2023-06-05 23:00:00,CISO,California Independent System Operator,Demand,24328.0
2023-06-06 00:00:00,CISO,California Independent System Operator,Demand,24608.0
2023-06-06 01:00:00,CISO,California Independent System Operator,Demand,24985.0
2023-06-06 02:00:00,CISO,California Independent System Operator,Demand,25845.0
2023-06-06 03:00:00,CISO,California Independent System Operator,Demand,26781.0
2023-06-06 04:00:00,CISO,California Independent System Operator,Demand,27310.0
2023-06-06 05:00:00,CISO,California Independent System Operator,Demand,27616.0
2023-06-06 06:00:00,CISO,California Independent System Operator,Demand,26913.0
2023-06-06 07:00:00,CISO,California Independent System Operator,Demand,25448.0
2023-06-06 08:00:00,CISO,California Independent System Operator,Demand,23924.0
2023-06-06 09:00:00,CISO,California Independent System Operator,Demand,22556.0
2023-06-06 10:00:00,CISO,California Independent System Operator,Demand,21752.0
2023-06-06 11:00:00,CISO,California Independent System Operator,Demand,21250.0
2023-06-06 12:00:00,CISO,California Independent System Operator,Demand,20898.0
2023-06-06 13:00:00,CISO,California Independent System Operator,Demand,21178.0
2023-06-06 14:00:00,CISO,California Independent System Operator,Demand,22117.0
2023-06-06 15:00:00,CISO,California Independent System Operator,Demand,22897.0
2023-06-06 16:00:00,CISO,California Independent System Operator,Demand,23878.0
2023-06-06 17:00:00,CISO,California Independent System Operator,Demand,23919.0
2023-06-06 18:00:00,CISO,California Independent System Operator,Demand,24285.0
2023-06-06 19:00:00,CISO,California Independent System Operator,Demand,24821.0
2023-06-06 20:00:00,CISO,California Independent System Operator,Demand,24175.0
2023-06-06 21:00:00,CISO,California Independent System Operator,Demand,23456.0
2023-06-06 22:00:00,CISO,California Independent System Operator,Demand,22660.0
2023-06-06 23:00:00,CISO,California Independent System Operator,Demand,22705.0
2023-06-07 00:00:00,CISO,California Independent System Operator,Demand,22760.0
2023-06-07 01:00:00,CISO,California Independent System Operator,Demand,23553.0
2023-06-07 02:00:00,CISO,California Independent System Operator,Demand,24681.0
2023-06-07 03:00:00,CISO,California Independent System Operator,Demand,26060.0
2023-06-07 04:00:00,CISO,California Independent System Operator,Demand,26867.0
2023-06-07 05:00:00,CISO,California Independent System Operator,Demand,27366.0
2023-06-07 06:00:00,CISO,California Independent System Operator,Demand,26833.0
2023-06-07 07:00:00,CISO,California Independent System Operator,Demand,25427.0
2023-06-07 08:00:00,CISO,California Independent System Operator,Demand,23908.0
2023-06-07 09:00:00,CISO,California Independent System Operator,Demand,23033.0
2023-06-07 10:00:00,CISO,California Independent System Operator,Demand,22221.0
2023-06-07 11:00:00,CISO,California Independent System Operator,Demand,21850.0
2023-06-07 12:00:00,CISO,California Independent System Operator,Demand,21682.0
2023-06-07 13:00:00,CISO,California Independent System Operator,Demand,21496.0
2023-06-07 14:00:00,CISO,California Independent System Operator,Demand,22260.0
2023-06-07 15:00:00,CISO,California Independent System Operator,Demand,23291.0
2023-06-07 16:00:00,CISO,California Independent System Operator,Demand,23860.0
2023-06-07 17:00:00,CISO,California Independent System Operator,Demand,23993.0
2023-06-07 18:00:00,CISO,California Independent System Operator,Demand,23938.0
2023-06-07 19:00:00,CISO,California Independent System Operator,Demand,23829.0
2023-06-07 20:00:00,CISO,California Independent System Operator,Demand,23206.0
2023-06-07 21:00:00,CISO,California Independent System Operator,Demand,23037.0
2023-06-07 22:00:00,CISO,California Independent System Operator,Demand,22572.0
2023-06-07 23:00:00,CISO,California Independent System Operator,Demand,22033.0
2023-06-08 00:00:00,CISO,California Independent System Operator,Demand,21880.0
2023-06-08 01:00:00,CISO,California Independent System Operator,Demand,23467.0
2023-06-08 02:00:00,CISO,California Independent System Operator,Demand,23838.0
2023-06-08 03:00:00,CISO,California Independent System Operator,Demand,24933.0
2023-06-08 04:00:00,CISO,California Independent System Operator,Demand,26175.0
2023-06-08 05:00:00,CISO,California Independent System Operator,Demand,27092.0
2023-06-08 06:00:00,CISO,California Independent System Operator,Demand,27029.0
2023-06-08 07:00:00,CISO,California Independent System Operator,Demand,25588.0
2023-06-08 08:00:00,CISO,California Independent System Operator,Demand,24114.0
2023-06-08 09:00:00,CISO,California Independent System Operator,Demand,23129.0
2023-06-08 10:00:00,CISO,California Independent System Operator,Demand,22259.0
2023-06-08 11:00:00,CISO,California Independent System Operator,Demand,21696.0
2023-06-08 12:00:00,CISO,California Independent System Operator,Demand,21218.0
2023-06-08 13:00:00,CISO,California Independent System Operator,Demand,21538.0
2023-06-08 14:00:00,CISO,California Independent System Operator,Demand,22270.0
2023-06-08 15:00:00,CISO,California Independent System Operator,Demand,23037.0
2023-06-08 16:00:00,CISO,California Independent System Operator,Demand,24056.0
2023-06-08 17:00:00,CISO,California Independent System Operator,Demand,24582.0
2023-06-08 18:00:00,CISO,California Independent System Operator,Demand,24332.0
2023-06-08 19:00:00,CISO,California Independent System Operator,Demand,23671.0
2023-06-08 20:00:00,CISO,California Independent System Operator,Demand,22516.0
2023-06-08 21:00:00,CISO,California Independent System Operator,Demand,22013.0
2023-06-08 22:00:00,CISO,California Independent System Operator,Demand,21620.0
2023-06-08 23:00:00,CISO,California Independent System Operator,Demand,21305.0
2023-06-09 00:00:00,CISO,California Independent System Operator,Demand,22304.0
2023-06-09 01:00:00,CISO,California Independent System Operator,Demand,23237.0
2023-06-09 02:00:00,CISO,California Independent System Operator,Demand,24635.0
2023-06-09 03:00:00,CISO,California Independent System Operator,Demand,26219.0
2023-06-09 04:00:00,CISO,California Independent System Operator,Demand,27165.0
2023-06-09 05:00:00,CISO,California Independent System Operator,Demand,27828.0
2023-06-09 06:00:00,CISO,California Independent System Operator,Demand,27571.0
2023-06-09 07:00:00,CISO,California Independent System Operator,Demand,26199.0
2023-06-09 08:00:00,CISO,California Independent System Operator,Demand,24709.0
2023-06-09 09:00:00,CISO,California Independent System Operator,Demand,23821.0
2023-06-09 10:00:00,CISO,California Independent System Operator,Demand,23302.0
2023-06-09 11:00:00,CISO,California Independent System Operator,Demand,22472.0
2023-06-09 12:00:00,CISO,California Independent System Operator,Demand,22188.0
2023-06-09 13:00:00,CISO,California Independent System Operator,Demand,22118.0
2023-06-09 14:00:00,CISO,California Independent System Operator,Demand,22585.0
2023-06-09 15:00:00,CISO,California Independent System Operator,Demand,23214.0
2023-06-09 16:00:00,CISO,California Independent System Operator,Demand,23849.0
2023-06-09 17:00:00,CISO,California Independent System Operator,Demand,24681.0
2023-06-09 18:00:00,CISO,California Independent System Operator,Demand,24845.0
2023-06-09 19:00:00,CISO,California Independent System Operator,Demand,24680.0
2023-06-09 20:00:00,CISO,California Independent System Operator,Demand,23461.0
2023-06-09 21:00:00,CISO,California Independent System Operator,Demand,23051.0
2023-06-09 22:00:00,CISO,California Independent System Operator,Demand,22677.0
2023-06-09 23:00:00,CISO,California Independent System Operator,Demand,22776.0
2023-06-10 00:00:00,CISO,California Independent System Operator,Demand,22813.0
2023-06-10 01:00:00,CISO,California Independent System Operator,Demand,22980.0
2023-06-10 02:00:00,CISO,California Independent System Operator,Demand,24069.0
2023-06-10 03:00:00,CISO,California Independent System Operator,Demand,25693.0
2023-06-10 04:00:00,CISO,California Independent System Operator,Demand,26707.0
2023-06-10 05:00:00,CISO,California Independent System Operator,Demand,27284.0
2023-06-10 06:00:00,CISO,California Independent System Operator,Demand,27038.0
2023-06-10 07:00:00,CISO,California Independent System Operator,Demand,25721.0
2023-06-10 08:00:00,CISO,California Independent System Operator,Demand,24440.0
2023-06-10 09:00:00,CISO,California Independent System Operator,Demand,23432.0
2023-06-10 10:00:00,CISO,California Independent System Operator,Demand,22298.0
2023-06-10 11:00:00,CISO,California Independent System Operator,Demand,21537.0
2023-06-10 12:00:00,CISO,California Independent System Operator,Demand,21383.0
2023-06-10 13:00:00,CISO,California Independent System Operator,Demand,21549.0
2023-06-10 14:00:00,CISO,California Independent System Operator,Demand,21250.0
2023-06-10 15:00:00,CISO,California Independent System Operator,Demand,21163.0
2023-06-10 16:00:00,CISO,California Independent System Operator,Demand,21590.0
2023-06-10 17:00:00,CISO,California Independent System Operator,Demand,22387.0
2023-06-10 18:00:00,CISO,California Independent System Operator,Demand,22663.0
2023-06-10 19:00:00,CISO,California Independent System Operator,Demand,21930.0
2023-06-10 20:00:00,CISO,California Independent System Operator,Demand,21289.0
2023-06-10 21:00:00,CISO,California Independent System Operator,Demand,20633.0
2023-06-10 22:00:00,CISO,California Independent System Operator,Demand,20084.0
2023-06-10 23:00:00,CISO,California Independent System Operator,Demand,20091.0
2023-06-11 00:00:00,CISO,California Independent System Operator,Demand,20597.0
2023-06-11 01:00:00,CISO,California Independent System Operator,Demand,21463.0
2023-06-11 02:00:00,CISO,California Independent System Operator,Demand,22660.0
2023-06-11 03:00:00,CISO,California Independent System Operator,Demand,23852.0
2023-06-11 04:00:00,CISO,California Independent System Operator,Demand,24950.0
2023-06-11 05:00:00,CISO,California Independent System Operator,Demand,25633.0
2023-06-11 06:00:00,CISO,California Independent System Operator,Demand,25318.0
2023-06-11 07:00:00,CISO,California Independent System Operator,Demand,24148.0
2023-06-11 08:00:00,CISO,California Independent System Operator,Demand,22969.0
2023-06-11 09:00:00,CISO,California Independent System Operator,Demand,22065.0
2023-06-11 10:00:00,CISO,California Independent System Operator,Demand,21208.0
2023-06-11 11:00:00,CISO,California Independent System Operator,Demand,20410.0
2023-06-11 12:00:00,CISO,California Independent System Operator,Demand,19964.0
2023-06-11 13:00:00,CISO,California Independent System Operator,Demand,20043.0
2023-06-11 14:00:00,CISO,California Independent System Operator,Demand,20134.0
2023-06-11 15:00:00,CISO,California Independent System Operator,Demand,20272.0
2023-06-11 16:00:00,CISO,California Independent System Operator,Demand,20425.0
2023-06-11 17:00:00,CISO,California Independent System Operator,Demand,20808.0
2023-06-11 18:00:00,CISO,California Independent System Operator,Demand,19998.0
2023-06-11 19:00:00,CISO,California Independent System Operator,Demand,19880.0
2023-06-11 20:00:00,CISO,California Independent System Operator,Demand,19475.0
2023-06-11 21:00:00,CISO,California Independent System Operator,Demand,18850.0
2023-06-11 22:00:00,CISO,California Independent System Operator,Demand,18449.0
2023-06-11 23:00:00,CISO,California Independent System Operator,Demand,19013.0
2023-06-12 00:00:00,CISO,California Independent System Operator,Demand,20146.0
2023-06-12 01:00:00,CISO,California Independent System Operator,Demand,21464.0
2023-06-12 02:00:00,CISO,California Independent System Operator,Demand,22594.0
2023-06-12 03:00:00,CISO,California Independent System Operator,Demand,23645.0
2023-06-12 04:00:00,CISO,California Independent System Operator,Demand,24700.0
2023-06-12 05:00:00,CISO,California Independent System Operator,Demand,25261.0
2023-06-12 06:00:00,CISO,California Independent System Operator,Demand,25128.0
2023-06-12 07:00:00,CISO,California Independent System Operator,Demand,23826.0
2023-06-12 08:00:00,CISO,California Independent System Operator,Demand,22487.0
2023-06-12 09:00:00,CISO,California Independent System Operator,Demand,21984.0
2023-06-12 10:00:00,CISO,California Independent System Operator,Demand,21191.0
2023-06-12 11:00:00,CISO,California Independent System Operator,Demand,20812.0
2023-06-12 12:00:00,CISO,California Independent System Operator,Demand,20611.0
2023-06-12 13:00:00,CISO,California Independent System Operator,Demand,20887.0
2023-06-12 14:00:00,CISO,California Independent System Operator,Demand,21877.0
2023-06-12 15:00:00,CISO,California Independent System Operator,Demand,22885.0
2023-06-12 16:00:00,CISO,California Independent System Operator,Demand,23803.0
2023-06-12 17:00:00,CISO,California Independent System Operator,Demand,23575.0
2023-06-12 18:00:00,CISO,California Independent System Operator,Demand,23181.0
2023-06-12 19:00:00,CISO,California Independent System Operator,Demand,23259.0
2023-06-12 20:00:00,CISO,California Independent System Operator,Demand,23571.0
2023-06-12 21:00:00,CISO,California Independent System Operator,Demand,23399.0
2023-06-12 22:00:00,CISO,California Independent System Operator,Demand,22753.0
2023-06-12 23:00:00,CISO,California Independent System Operator,Demand,22572.0
2023-06-13 00:00:00,CISO,California Independent System Operator,Demand,22837.0
2023-06-13 01:00:00,CISO,California Independent System Operator,Demand,23320.0
2023-06-13 02:00:00,CISO,California Independent System Operator,Demand,24634.0
2023-06-13 03:00:00,CISO,California Independent System Operator,Demand,26016.0
2023-06-13 04:00:00,CISO,California Independent System Operator,Demand,26980.0
2023-06-13 05:00:00,CISO,California Independent System Operator,Demand,27501.0
2023-06-13 06:00:00,CISO,California Independent System Operator,Demand,27228.0
2023-06-13 07:00:00,CISO,California Independent System Operator,Demand,25673.0
2023-06-13 08:00:00,CISO,California Independent System Operator,Demand,24348.0
2023-06-13 09:00:00,CISO,California Independent System Operator,Demand,23215.0
2023-06-13 10:00:00,CISO,California Independent System Operator,Demand,22225.0
2023-06-13 11:00:00,CISO,California Independent System Operator,Demand,21585.0
2023-06-13 12:00:00,CISO,California Independent System Operator,Demand,21343.0
2023-06-13 13:00:00,CISO,California Independent System Operator,Demand,21459.0
2023-06-13 14:00:00,CISO,California Independent System Operator,Demand,22284.0
2023-06-13 15:00:00,CISO,California Independent System Operator,Demand,23291.0
2023-06-13 16:00:00,CISO,California Independent System Operator,Demand,24447.0
2023-06-13 17:00:00,CISO,California Independent System Operator,Demand,24579.0
2023-06-13 18:00:00,CISO,California Independent System Operator,Demand,24617.0
2023-06-13 19:00:00,CISO,California Independent System Operator,Demand,24565.0
2023-06-13 20:00:00,CISO,California Independent System Operator,Demand,24194.0
2023-06-13 21:00:00,CISO,California Independent System Operator,Demand,23889.0
2023-06-13 22:00:00,CISO,California Independent System Operator,Demand,23416.0
2023-06-13 23:00:00,CISO,California Independent System Operator,Demand,22661.0
2023-06-14 00:00:00,CISO,California Independent System Operator,Demand,23129.0
2023-06-14 01:00:00,CISO,California Independent System Operator,Demand,24032.0
2023-06-14 02:00:00,CISO,California Independent System Operator,Demand,25220.0
2023-06-14 03:00:00,CISO,California Independent System Operator,Demand,27078.0
2023-06-14 04:00:00,CISO,California Independent System Operator,Demand,28222.0
2023-06-14 05:00:00,CISO,California Independent System Operator,Demand,28681.0
2023-06-14 06:00:00,CISO,California Independent System Operator,Demand,28208.0
2023-06-14 07:00:00,CISO,California Independent System Operator,Demand,26590.0
2023-06-14 08:00:00,CISO,California Independent System Operator,Demand,25044.0
2023-06-14 09:00:00,CISO,California Independent System Operator,Demand,23914.0
2023-06-14 10:00:00,CISO,California Independent System Operator,Demand,22931.0
2023-06-14 11:00:00,CISO,California Independent System Operator,Demand,22088.0
2023-06-14 12:00:00,CISO,California Independent System Operator,Demand,21832.0
2023-06-14 13:00:00,CISO,California Independent System Operator,Demand,22084.0
2023-06-14 14:00:00,CISO,California Independent System Operator,Demand,22827.0
2023-06-14 15:00:00,CISO,California Independent System Operator,Demand,23768.0
2023-06-14 16:00:00,CISO,California Independent System Operator,Demand,25281.0
2023-06-14 17:00:00,CISO,California Independent System Operator,Demand,25747.0
2023-06-14 18:00:00,CISO,California Independent System Operator,Demand,25512.0
2023-06-14 19:00:00,CISO,California Independent System Operator,Demand,25142.0
2023-06-14 20:00:00,CISO,California Independent System Operator,Demand,24719.0
2023-06-14 21:00:00,CISO,California Independent System Operator,Demand,23919.0
2023-06-14 22:00:00,CISO,California Independent System Operator,Demand,23824.0
2023-06-14 23:00:00,CISO,California Independent System Operator,Demand,23898.0
2023-06-15 00:00:00,CISO,California Independent System Operator,Demand,25028.0
2023-06-15 01:00:00,CISO,California Independent System Operator,Demand,26228.0
2023-06-15 02:00:00,CISO,California Independent System Operator,Demand,27152.0
2023-06-15 03:00:00,CISO,California Independent System Operator,Demand,28427.0
2023-06-15 04:00:00,CISO,California Independent System Operator,Demand,29533.0
2023-06-15 05:00:00,CISO,California Independent System Operator,Demand,29955.0
2023-06-15 06:00:00,CISO,California Independent System Operator,Demand,29186.0
2023-06-15 07:00:00,CISO,California Independent System Operator,Demand,27487.0
2023-06-15 08:00:00,CISO,California Independent System Operator,Demand,25847.0
2023-06-15 09:00:00,CISO,California Independent System Operator,Demand,24590.0
2023-06-15 10:00:00,CISO,California Independent System Operator,Demand,23620.0
2023-06-15 11:00:00,CISO,California Independent System Operator,Demand,22967.0
2023-06-15 12:00:00,CISO,California Independent System Operator,Demand,22496.0
2023-06-15 13:00:00,CISO,California Independent System Operator,Demand,22616.0
2023-06-15 14:00:00,CISO,California Independent System Operator,Demand,23360.0
2023-06-15 15:00:00,CISO,California Independent System Operator,Demand,24196.0
2023-06-15 16:00:00,CISO,California Independent System Operator,Demand,25253.0
2023-06-15 17:00:00,CISO,California Independent System Operator,Demand,25194.0
2023-06-15 18:00:00,CISO,California Independent System Operator,Demand,25419.0
2023-06-15 19:00:00,CISO,California Independent System Operator,Demand,25405.0
2023-06-15 20:00:00,CISO,California Independent System Operator,Demand,24995.0
2023-06-15 21:00:00,CISO,California Independent System Operator,Demand,24641.0
2023-06-15 22:00:00,CISO,California Independent System Operator,Demand,24772.0
2023-06-15 23:00:00,CISO,California Independent System Operator,Demand,24919.0
2023-06-16 00:00:00,CISO,California Independent System Operator,Demand,25209.0
2023-06-16 01:00:00,CISO,California Independent System Operator,Demand,26382.0
2023-06-16 02:00:00,CISO,California Independent System Operator,Demand,27256.0
2023-06-16 03:00:00,CISO,California Independent System Operator,Demand,28503.0
2023-06-16 04:00:00,CISO,California Independent System Operator,Demand,29389.0
2023-06-16 05:00:00,CISO,California Independent System Operator,Demand,29637.0
2023-06-16 06:00:00,CISO,California Independent System Operator,Demand,29242.0
2023-06-16 07:00:00,CISO,California Independent System Operator,Demand,27539.0
2023-06-16 08:00:00,CISO,California Independent System Operator,Demand,25742.0
2023-06-16 09:00:00,CISO,California Independent System Operator,Demand,24577.0
2023-06-16 10:00:00,CISO,California Independent System Operator,Demand,23603.0
2023-06-16 11:00:00,CISO,California Independent System Operator,Demand,22880.0
2023-06-16 12:00:00,CISO,California Independent System Operator,Demand,22499.0
2023-06-16 13:00:00,CISO,California Independent System Operator,Demand,22760.0
2023-06-16 14:00:00,CISO,California Independent System Operator,Demand,23426.0
2023-06-16 15:00:00,CISO,California Independent System Operator,Demand,24014.0
2023-06-16 16:00:00,CISO,California Independent System Operator,Demand,24148.0
2023-06-16 17:00:00,CISO,California Independent System Operator,Demand,24996.0
2023-06-16 18:00:00,CISO,California Independent System Operator,Demand,25383.0
2023-06-16 19:00:00,CISO,California Independent System Operator,Demand,25004.0
2023-06-16 20:00:00,CISO,California Independent System Operator,Demand,24604.0
2023-06-16 21:00:00,CISO,California Independent System Operator,Demand,23996.0
2023-06-16 22:00:00,CISO,California Independent System Operator,Demand,24016.0
2023-06-16 23:00:00,CISO,California Independent System Operator,Demand,24454.0
2023-06-17 00:00:00,CISO,California Independent System Operator,Demand,25162.0
2023-06-17 01:00:00,CISO,California Independent System Operator,Demand,26371.0
2023-06-17 02:00:00,CISO,California Independent System Operator,Demand,28121.0
2023-06-17 03:00:00,CISO,California Independent System Operator,Demand,29554.0
2023-06-17 04:00:00,CISO,California Independent System Operator,Demand,30056.0
2023-06-17 05:00:00,CISO,California Independent System Operator,Demand,30068.0
2023-06-17 06:00:00,CISO,California Independent System Operator,Demand,29624.0
2023-06-17 07:00:00,CISO,California Independent System Operator,Demand,28014.0
2023-06-17 08:00:00,CISO,California Independent System Operator,Demand,26311.0
2023-06-17 09:00:00,CISO,California Independent System Operator,Demand,24908.0
2023-06-17 10:00:00,CISO,California Independent System Operator,Demand,23678.0
2023-06-17 11:00:00,CISO,California Independent System Operator,Demand,22864.0
2023-06-17 12:00:00,CISO,California Independent System Operator,Demand,22187.0
2023-06-17 13:00:00,CISO,California Independent System Operator,Demand,22005.0
2023-06-17 14:00:00,CISO,California Independent System Operator,Demand,22051.0
2023-06-17 15:00:00,CISO,California Independent System Operator,Demand,22086.0
2023-06-17 16:00:00,CISO,California Independent System Operator,Demand,22296.0
2023-06-17 17:00:00,CISO,California Independent System Operator,Demand,22871.0
2023-06-17 18:00:00,CISO,California Independent System Operator,Demand,22523.0
2023-06-17 19:00:00,CISO,California Independent System Operator,Demand,22351.0
2023-06-17 20:00:00,CISO,California Independent System Operator,Demand,21493.0
2023-06-17 21:00:00,CISO,California Independent System Operator,Demand,21689.0
2023-06-17 22:00:00,CISO,California Independent System Operator,Demand,21986.0
2023-06-17 23:00:00,CISO,California Independent System Operator,Demand,22863.0
2023-06-18 00:00:00,CISO,California Independent System Operator,Demand,24016.0
2023-06-18 01:00:00,CISO,California Independent System Operator,Demand,25361.0
2023-06-18 02:00:00,CISO,California Independent System Operator,Demand,27067.0
2023-06-18 03:00:00,CISO,California Independent System Operator,Demand,28668.0
2023-06-18 04:00:00,CISO,California Independent System Operator,Demand,29560.0
2023-06-18 05:00:00,CISO,California Independent System Operator,Demand,29615.0
2023-06-18 06:00:00,CISO,California Independent System Operator,Demand,28905.0
2023-06-18 07:00:00,CISO,California Independent System Operator,Demand,27276.0
2023-06-18 08:00:00,CISO,California Independent System Operator,Demand,25687.0
2023-06-18 09:00:00,CISO,California Independent System Operator,Demand,24410.0
2023-06-18 10:00:00,CISO,California Independent System Operator,Demand,23256.0
2023-06-18 11:00:00,CISO,California Independent System Operator,Demand,22371.0
2023-06-18 12:00:00,CISO,California Independent System Operator,Demand,21712.0
2023-06-18 13:00:00,CISO,California Independent System Operator,Demand,21282.0
2023-06-18 14:00:00,CISO,California Independent System Operator,Demand,21145.0
2023-06-18 15:00:00,CISO,California Independent System Operator,Demand,20778.0
2023-06-18 16:00:00,CISO,California Independent System Operator,Demand,21261.0
2023-06-18 17:00:00,CISO,California Independent System Operator,Demand,21589.0
2023-06-18 18:00:00,CISO,California Independent System Operator,Demand,21360.0
2023-06-18 19:00:00,CISO,California Independent System Operator,Demand,21185.0
2023-06-18 20:00:00,CISO,California Independent System Operator,Demand,20852.0
2023-06-18 21:00:00,CISO,California Independent System Operator,Demand,20110.0
2023-06-18 22:00:00,CISO,California Independent System Operator,Demand,19754.0
2023-06-18 23:00:00,CISO,California Independent System Operator,Demand,19992.0
2023-06-19 00:00:00,CISO,California Independent System Operator,Demand,20679.0
2023-06-19 01:00:00,CISO,California Independent System Operator,Demand,21802.0
2023-06-19 02:00:00,CISO,California Independent System Operator,Demand,23659.0
2023-06-19 03:00:00,CISO,California Independent System Operator,Demand,25332.0
2023-06-19 04:00:00,CISO,California Independent System Operator,Demand,26545.0
2023-06-19 05:00:00,CISO,California Independent System Operator,Demand,26862.0
2023-06-19 06:00:00,CISO,California Independent System Operator,Demand,26638.0
2023-06-19 07:00:00,CISO,California Independent System Operator,Demand,25309.0
2023-06-19 08:00:00,CISO,California Independent System Operator,Demand,23726.0
2023-06-19 09:00:00,CISO,California Independent System Operator,Demand,22886.0
2023-06-19 10:00:00,CISO,California Independent System Operator,Demand,22122.0
2023-06-19 11:00:00,CISO,California Independent System Operator,Demand,21321.0
2023-06-19 12:00:00,CISO,California Independent System Operator,Demand,21068.0
2023-06-19 13:00:00,CISO,California Independent System Operator,Demand,21339.0
2023-06-19 14:00:00,CISO,California Independent System Operator,Demand,22052.0
2023-06-19 15:00:00,CISO,California Independent System Operator,Demand,22818.0
2023-06-19 16:00:00,CISO,California Independent System Operator,Demand,23654.0
2023-06-19 17:00:00,CISO,California Independent System Operator,Demand,24174.0
2023-06-19 18:00:00,CISO,California Independent System Operator,Demand,23687.0
2023-06-19 19:00:00,CISO,California Independent System Operator,Demand,23283.0
2023-06-19 20:00:00,CISO,California Independent System Operator,Demand,22189.0
2023-06-19 21:00:00,CISO,California Independent System Operator,Demand,21343.0
2023-06-19 22:00:00,CISO,California Independent System Operator,Demand,21165.0
2023-06-19 23:00:00,CISO,California Independent System Operator,Demand,21127.0
2023-06-20 00:00:00,CISO,California Independent System Operator,Demand,21493.0
2023-06-20 01:00:00,CISO,California Independent System Operator,Demand,22997.0
2023-06-20 02:00:00,CISO,California Independent System Operator,Demand,24601.0
2023-06-20 03:00:00,CISO,California Independent System Operator,Demand,26352.0
2023-06-20 04:00:00,CISO,California Independent System Operator,Demand,27293.0
2023-06-20 05:00:00,CISO,California Independent System Operator,Demand,28130.0
2023-06-20 06:00:00,CISO,California Independent System Operator,Demand,27821.0
2023-06-20 07:00:00,CISO,California Independent System Operator,Demand,26220.0
2023-06-20 08:00:00,CISO,California Independent System Operator,Demand,24600.0
2023-06-20 09:00:00,CISO,California Independent System Operator,Demand,23563.0
2023-06-20 10:00:00,CISO,California Independent System Operator,Demand,22556.0
2023-06-20 11:00:00,CISO,California Independent System Operator,Demand,22094.0
2023-06-20 12:00:00,CISO,California Independent System Operator,Demand,21825.0
2023-06-20 13:00:00,CISO,California Independent System Operator,Demand,21728.0
2023-06-20 14:00:00,CISO,California Independent System Operator,Demand,22548.0
2023-06-20 15:00:00,CISO,California Independent System Operator,Demand,23179.0
2023-06-20 16:00:00,CISO,California Independent System Operator,Demand,23449.0
2023-06-20 17:00:00,CISO,California Independent System Operator,Demand,23091.0
2023-06-20 18:00:00,CISO,California Independent System Operator,Demand,22771.0
2023-06-20 19:00:00,CISO,California Independent System Operator,Demand,22145.0
2023-06-20 20:00:00,CISO,California Independent System Operator,Demand,21531.0
2023-06-20 21:00:00,CISO,California Independent System Operator,Demand,21586.0
2023-06-20 22:00:00,CISO,California Independent System Operator,Demand,21634.0
2023-06-20 23:00:00,CISO,California Independent System Operator,Demand,22015.0
2023-06-21 00:00:00,CISO,California Independent System Operator,Demand,22602.0
2023-06-21 01:00:00,CISO,California Independent System Operator,Demand,23563.0
2023-06-21 02:00:00,CISO,California Independent System Operator,Demand,25063.0
2023-06-21 03:00:00,CISO,California Independent System Operator,Demand,26748.0
2023-06-21 04:00:00,CISO,California Independent System Operator,Demand,27789.0
2023-06-21 05:00:00,CISO,California Independent System Operator,Demand,28397.0
2023-06-21 06:00:00,CISO,California Independent System Operator,Demand,28111.0
2023-06-21 07:00:00,CISO,California Independent System Operator,Demand,26379.0
2023-06-21 08:00:00,CISO,California Independent System Operator,Demand,24547.0
2023-06-21 09:00:00,CISO,California Independent System Operator,Demand,23434.0
2023-06-21 10:00:00,CISO,California Independent System Operator,Demand,22397.0
2023-06-21 11:00:00,CISO,California Independent System Operator,Demand,21781.0
2023-06-21 12:00:00,CISO,California Independent System Operator,Demand,21381.0
2023-06-21 13:00:00,CISO,California Independent System Operator,Demand,21729.0
2023-06-21 14:00:00,CISO,California Independent System Operator,Demand,22510.0
2023-06-21 15:00:00,CISO,California Independent System Operator,Demand,23347.0
2023-06-21 16:00:00,CISO,California Independent System Operator,Demand,23931.0
2023-06-21 17:00:00,CISO,California Independent System Operator,Demand,23892.0
2023-06-21 18:00:00,CISO,California Independent System Operator,Demand,23166.0
2023-06-21 19:00:00,CISO,California Independent System Operator,Demand,22610.0
2023-06-21 20:00:00,CISO,California Independent System Operator,Demand,22171.0
2023-06-21 21:00:00,CISO,California Independent System Operator,Demand,22276.0
2023-06-21 22:00:00,CISO,California Independent System Operator,Demand,22091.0
2023-06-21 23:00:00,CISO,California Independent System Operator,Demand,22196.0
2023-06-22 00:00:00,CISO,California Independent System Operator,Demand,22883.0
2023-06-22 01:00:00,CISO,California Independent System Operator,Demand,24058.0
2023-06-22 02:00:00,CISO,California Independent System Operator,Demand,25753.0
2023-06-22 03:00:00,CISO,California Independent System Operator,Demand,27586.0
2023-06-22 04:00:00,CISO,California Independent System Operator,Demand,28426.0
2023-06-22 05:00:00,CISO,California Independent System Operator,Demand,28778.0
2023-06-22 06:00:00,CISO,California Independent System Operator,Demand,28359.0
2023-06-22 07:00:00,CISO,California Independent System Operator,Demand,26677.0
2023-06-22 08:00:00,CISO,California Independent System Operator,Demand,24953.0
2023-06-22 09:00:00,CISO,California Independent System Operator,Demand,23830.0
2023-06-22 10:00:00,CISO,California Independent System Operator,Demand,22829.0
2023-06-22 11:00:00,CISO,California Independent System Operator,Demand,22058.0
2023-06-22 12:00:00,CISO,California Independent System Operator,Demand,21742.0
2023-06-22 13:00:00,CISO,California Independent System Operator,Demand,21913.0
2023-06-22 14:00:00,CISO,California Independent System Operator,Demand,22601.0
2023-06-22 15:00:00,CISO,California Independent System Operator,Demand,23494.0
2023-06-22 16:00:00,CISO,California Independent System Operator,Demand,23860.0
2023-06-22 17:00:00,CISO,California Independent System Operator,Demand,24333.0
2023-06-22 18:00:00,CISO,California Independent System Operator,Demand,24548.0
2023-06-22 19:00:00,CISO,California Independent System Operator,Demand,23811.0
2023-06-22 20:00:00,CISO,California Independent System Operator,Demand,22861.0
2023-06-22 21:00:00,CISO,California Independent System Operator,Demand,22329.0
2023-06-22 22:00:00,CISO,California Independent System Operator,Demand,22190.0
2023-06-22 23:00:00,CISO,California Independent System Operator,Demand,21957.0
2023-06-23 00:00:00,CISO,California Independent System Operator,Demand,22426.0
2023-06-23 01:00:00,CISO,California Independent System Operator,Demand,23696.0
2023-06-23 02:00:00,CISO,California Independent System Operator,Demand,24817.0
2023-06-23 03:00:00,CISO,California Independent System Operator,Demand,25879.0
2023-06-23 04:00:00,CISO,California Independent System Operator,Demand,26761.0
2023-06-23 05:00:00,CISO,California Independent System Operator,Demand,27705.0
2023-06-23 06:00:00,CISO,California Independent System Operator,Demand,27402.0
2023-06-23 07:00:00,CISO,California Independent System Operator,Demand,26086.0
2023-06-23 08:00:00,CISO,California Independent System Operator,Demand,24424.0
2023-06-23 09:00:00,CISO,California Independent System Operator,Demand,23545.0
2023-06-23 10:00:00,CISO,California Independent System Operator,Demand,22809.0
2023-06-23 11:00:00,CISO,California Independent System Operator,Demand,22558.0
2023-06-23 12:00:00,CISO,California Independent System Operator,Demand,21696.0
2023-06-23 13:00:00,CISO,California Independent System Operator,Demand,21739.0
2023-06-23 14:00:00,CISO,California Independent System Operator,Demand,22414.0
2023-06-23 15:00:00,CISO,California Independent System Operator,Demand,22972.0
2023-06-23 16:00:00,CISO,California Independent System Operator,Demand,23236.0
2023-06-23 17:00:00,CISO,California Independent System Operator,Demand,23756.0
2023-06-23 18:00:00,CISO,California Independent System Operator,Demand,23352.0
2023-06-23 19:00:00,CISO,California Independent System Operator,Demand,23050.0
2023-06-23 20:00:00,CISO,California Independent System Operator,Demand,22211.0
2023-06-23 21:00:00,CISO,California Independent System Operator,Demand,21041.0
2023-06-23 22:00:00,CISO,California Independent System Operator,Demand,20704.0
2023-06-23 23:00:00,CISO,California Independent System Operator,Demand,20530.0
2023-06-24 00:00:00,CISO,California Independent System Operator,Demand,21472.0
2023-06-24 01:00:00,CISO,California Independent System Operator,Demand,22895.0
2023-06-24 02:00:00,CISO,California Independent System Operator,Demand,24507.0
2023-06-24 03:00:00,CISO,California Independent System Operator,Demand,25864.0
2023-06-24 04:00:00,CISO,California Independent System Operator,Demand,26746.0
2023-06-24 05:00:00,CISO,California Independent System Operator,Demand,27336.0
2023-06-24 06:00:00,CISO,California Independent System Operator,Demand,27122.0
2023-06-24 07:00:00,CISO,California Independent System Operator,Demand,25854.0
2023-06-24 08:00:00,CISO,California Independent System Operator,Demand,24414.0
2023-06-24 09:00:00,CISO,California Independent System Operator,Demand,23400.0
2023-06-24 10:00:00,CISO,California Independent System Operator,Demand,22352.0
2023-06-24 11:00:00,CISO,California Independent System Operator,Demand,21647.0
2023-06-24 12:00:00,CISO,California Independent System Operator,Demand,21157.0
2023-06-24 13:00:00,CISO,California Independent System Operator,Demand,20960.0
2023-06-24 14:00:00,CISO,California Independent System Operator,Demand,21059.0
2023-06-24 15:00:00,CISO,California Independent System Operator,Demand,20845.0
2023-06-24 16:00:00,CISO,California Independent System Operator,Demand,21121.0
2023-06-24 17:00:00,CISO,California Independent System Operator,Demand,21892.0
2023-06-24 18:00:00,CISO,California Independent System Operator,Demand,21170.0
2023-06-24 19:00:00,CISO,California Independent System Operator,Demand,20513.0
2023-06-24 20:00:00,CISO,California Independent System Operator,Demand,19629.0
2023-06-24 21:00:00,CISO,California Independent System Operator,Demand,19063.0
2023-06-24 22:00:00,CISO,California Independent System Operator,Demand,18648.0
2023-06-24 23:00:00,CISO,California Independent System Operator,Demand,18675.0
2023-06-25 00:00:00,CISO,California Independent System Operator,Demand,19195.0
2023-06-25 01:00:00,CISO,California Independent System Operator,Demand,20736.0
2023-06-25 02:00:00,CISO,California Independent System Operator,Demand,22648.0
2023-06-25 03:00:00,CISO,California Independent System Operator,Demand,24633.0
2023-06-25 04:00:00,CISO,California Independent System Operator,Demand,25953.0
2023-06-25 05:00:00,CISO,California Independent System Operator,Demand,26479.0
2023-06-25 06:00:00,CISO,California Independent System Operator,Demand,26347.0
2023-06-25 07:00:00,CISO,California Independent System Operator,Demand,25229.0
2023-06-25 08:00:00,CISO,California Independent System Operator,Demand,23892.0
2023-06-25 09:00:00,CISO,California Independent System Operator,Demand,22894.0
2023-06-25 10:00:00,CISO,California Independent System Operator,Demand,21789.0
2023-06-25 11:00:00,CISO,California Independent System Operator,Demand,20932.0
2023-06-25 12:00:00,CISO,California Independent System Operator,Demand,20454.0
2023-06-25 13:00:00,CISO,California Independent System Operator,Demand,20229.0
2023-06-25 14:00:00,CISO,California Independent System Operator,Demand,20174.0
2023-06-25 15:00:00,CISO,California Independent System Operator,Demand,19779.0
2023-06-25 16:00:00,CISO,California Independent System Operator,Demand,19526.0
2023-06-25 17:00:00,CISO,California Independent System Operator,Demand,20127.0
2023-06-25 18:00:00,CISO,California Independent System Operator,Demand,19706.0
2023-06-25 19:00:00,CISO,California Independent System Operator,Demand,18933.0
2023-06-25 20:00:00,CISO,California Independent System Operator,Demand,18217.0
2023-06-25 21:00:00,CISO,California Independent System Operator,Demand,17753.0
2023-06-25 22:00:00,CISO,California Independent System Operator,Demand,17453.0
2023-06-25 23:00:00,CISO,California Independent System Operator,Demand,17741.0
2023-06-26 00:00:00,CISO,California Independent System Operator,Demand,18710.0
2023-06-26 01:00:00,CISO,California Independent System Operator,Demand,20540.0
2023-06-26 02:00:00,CISO,California Independent System Operator,Demand,22614.0
2023-06-26 03:00:00,CISO,California Independent System Operator,Demand,24938.0
2023-06-26 04:00:00,CISO,California Independent System Operator,Demand,26137.0
2023-06-26 05:00:00,CISO,California Independent System Operator,Demand,26658.0
2023-06-26 06:00:00,CISO,California Independent System Operator,Demand,26402.0
2023-06-26 07:00:00,CISO,California Independent System Operator,Demand,25112.0
2023-06-26 08:00:00,CISO,California Independent System Operator,Demand,23438.0
2023-06-26 09:00:00,CISO,California Independent System Operator,Demand,22839.0
2023-06-26 10:00:00,CISO,California Independent System Operator,Demand,21956.0
2023-06-26 11:00:00,CISO,California Independent System Operator,Demand,21324.0
2023-06-26 12:00:00,CISO,California Independent System Operator,Demand,20929.0
2023-06-26 13:00:00,CISO,California Independent System Operator,Demand,21187.0
2023-06-26 14:00:00,CISO,California Independent System Operator,Demand,21919.0
2023-06-26 15:00:00,CISO,California Independent System Operator,Demand,22942.0
2023-06-26 16:00:00,CISO,California Independent System Operator,Demand,23488.0
2023-06-26 17:00:00,CISO,California Independent System Operator,Demand,23513.0
2023-06-26 18:00:00,CISO,California Independent System Operator,Demand,23176.0
2023-06-26 19:00:00,CISO,California Independent System Operator,Demand,22294.0
2023-06-26 20:00:00,CISO,California Independent System Operator,Demand,22134.0
2023-06-26 21:00:00,CISO,California Independent System Operator,Demand,22202.0
2023-06-26 22:00:00,CISO,California Independent System Operator,Demand,22528.0
2023-06-26 23:00:00,CISO,California Independent System Operator,Demand,22957.0
2023-06-27 00:00:00,CISO,California Independent System Operator,Demand,23959.0
2023-06-27 01:00:00,CISO,California Independent System Operator,Demand,25285.0
2023-06-27 02:00:00,CISO,California Independent System Operator,Demand,26394.0
2023-06-27 03:00:00,CISO,California Independent System Operator,Demand,27680.0
2023-06-27 04:00:00,CISO,California Independent System Operator,Demand,28483.0
2023-06-27 05:00:00,CISO,California Independent System Operator,Demand,28727.0
2023-06-27 06:00:00,CISO,California Independent System Operator,Demand,28141.0
2023-06-27 07:00:00,CISO,California Independent System Operator,Demand,26605.0
2023-06-27 08:00:00,CISO,California Independent System Operator,Demand,25016.0
2023-06-27 09:00:00,CISO,California Independent System Operator,Demand,24064.0
2023-06-27 10:00:00,CISO,California Independent System Operator,Demand,23035.0
2023-06-27 11:00:00,CISO,California Independent System Operator,Demand,22121.0
2023-06-27 12:00:00,CISO,California Independent System Operator,Demand,21823.0
2023-06-27 13:00:00,CISO,California Independent System Operator,Demand,21998.0
2023-06-27 14:00:00,CISO,California Independent System Operator,Demand,22717.0
2023-06-27 15:00:00,CISO,California Independent System Operator,Demand,23547.0
2023-06-27 16:00:00,CISO,California Independent System Operator,Demand,23900.0
2023-06-27 17:00:00,CISO,California Independent System Operator,Demand,24266.0
2023-06-27 18:00:00,CISO,California Independent System Operator,Demand,23992.0
2023-06-27 19:00:00,CISO,California Independent System Operator,Demand,23374.0
2023-06-27 20:00:00,CISO,California Independent System Operator,Demand,23049.0
2023-06-27 21:00:00,CISO,California Independent System Operator,Demand,22590.0
2023-06-27 22:00:00,CISO,California Independent System Operator,Demand,22741.0
2023-06-27 23:00:00,CISO,California Independent System Operator,Demand,23197.0
2023-06-28 00:00:00,CISO,California Independent System Operator,Demand,24369.0
2023-06-28 01:00:00,CISO,California Independent System Operator,Demand,25804.0
2023-06-28 02:00:00,CISO,California Independent System Operator,Demand,27260.0
2023-06-28 03:00:00,CISO,California Independent System Operator,Demand,28655.0
2023-06-28 04:00:00,CISO,California Independent System Operator,Demand,29558.0
2023-06-28 05:00:00,CISO,California Independent System Operator,Demand,29851.0
2023-06-28 06:00:00,CISO,California Independent System Operator,Demand,29311.0
2023-06-28 07:00:00,CISO,California Independent System Operator,Demand,27643.0
2023-06-28 08:00:00,CISO,California Independent System Operator,Demand,25683.0
2023-06-28 09:00:00,CISO,California Independent System Operator,Demand,24416.0
2023-06-28 10:00:00,CISO,California Independent System Operator,Demand,23230.0
2023-06-28 11:00:00,CISO,California Independent System Operator,Demand,22434.0
2023-06-28 12:00:00,CISO,California Independent System Operator,Demand,21954.0
2023-06-28 13:00:00,CISO,California Independent System Operator,Demand,22172.0
2023-06-28 14:00:00,CISO,California Independent System Operator,Demand,22982.0
2023-06-28 15:00:00,CISO,California Independent System Operator,Demand,23835.0
2023-06-28 16:00:00,CISO,California Independent System Operator,Demand,24606.0
2023-06-28 17:00:00,CISO,California Independent System Operator,Demand,25543.0
2023-06-28 18:00:00,CISO,California Independent System Operator,Demand,25411.0
2023-06-28 19:00:00,CISO,California Independent System Operator,Demand,24449.0
2023-06-28 20:00:00,CISO,California Independent System Operator,Demand,23624.0
2023-06-28 21:00:00,CISO,California Independent System Operator,Demand,23617.0
2023-06-28 22:00:00,CISO,California Independent System Operator,Demand,23460.0
2023-06-28 23:00:00,CISO,California Independent System Operator,Demand,23505.0
2023-06-29 00:00:00,CISO,California Independent System Operator,Demand,24660.0
2023-06-29 01:00:00,CISO,California Independent System Operator,Demand,25986.0
2023-06-29 02:00:00,CISO,California Independent System Operator,Demand,27395.0
2023-06-29 03:00:00,CISO,California Independent System Operator,Demand,29035.0
2023-06-29 04:00:00,CISO,California Independent System Operator,Demand,29969.0
2023-06-29 05:00:00,CISO,California Independent System Operator,Demand,30239.0
2023-06-29 06:00:00,CISO,California Independent System Operator,Demand,29560.0
2023-06-29 07:00:00,CISO,California Independent System Operator,Demand,27753.0
2023-06-29 08:00:00,CISO,California Independent System Operator,Demand,25873.0
2023-06-29 09:00:00,CISO,California Independent System Operator,Demand,24772.0
2023-06-29 10:00:00,CISO,California Independent System Operator,Demand,23987.0
2023-06-29 11:00:00,CISO,California Independent System Operator,Demand,23391.0
2023-06-29 12:00:00,CISO,California Independent System Operator,Demand,22700.0
2023-06-29 13:00:00,CISO,California Independent System Operator,Demand,22636.0
2023-06-29 14:00:00,CISO,California Independent System Operator,Demand,23318.0
2023-06-29 15:00:00,CISO,California Independent System Operator,Demand,24004.0
2023-06-29 16:00:00,CISO,California Independent System Operator,Demand,24691.0
2023-06-29 17:00:00,CISO,California Independent System Operator,Demand,25605.0
2023-06-29 18:00:00,CISO,California Independent System Operator,Demand,25399.0
2023-06-29 19:00:00,CISO,California Independent System Operator,Demand,24584.0
2023-06-29 20:00:00,CISO,California Independent System Operator,Demand,23697.0
2023-06-29 21:00:00,CISO,California Independent System Operator,Demand,23895.0
2023-06-29 22:00:00,CISO,California Independent System Operator,Demand,24652.0
2023-06-29 23:00:00,CISO,California Independent System Operator,Demand,26066.0
2023-06-30 00:00:00,CISO,California Independent System Operator,Demand,27331.0
2023-06-30 01:00:00,CISO,California Independent System Operator,Demand,29154.0
2023-06-30 02:00:00,CISO,California Independent System Operator,Demand,31109.0
2023-06-30 03:00:00,CISO,California Independent System Operator,Demand,32415.0
2023-06-30 04:00:00,CISO,California Independent System Operator,Demand,32848.0
2023-06-30 05:00:00,CISO,California Independent System Operator,Demand,32567.0
2023-06-30 06:00:00,CISO,California Independent System Operator,Demand,31873.0
2023-06-30 07:00:00,CISO,California Independent System Operator,Demand,29830.0
2023-06-30 08:00:00,CISO,California Independent System Operator,Demand,27519.0
2023-06-30 09:00:00,CISO,California Independent System Operator,Demand,25955.0
2023-06-30 10:00:00,CISO,California Independent System Operator,Demand,25079.0
2023-06-30 11:00:00,CISO,California Independent System Operator,Demand,24294.0
2023-06-30 12:00:00,CISO,California Independent System Operator,Demand,24018.0
2023-06-30 13:00:00,CISO,California Independent System Operator,Demand,23194.0
2023-06-30 14:00:00,CISO,California Independent System Operator,Demand,23713.0
2023-06-30 15:00:00,CISO,California Independent System Operator,Demand,24584.0
2023-06-30 16:00:00,CISO,California Independent System Operator,Demand,25876.0
2023-06-30 17:00:00,CISO,California Independent System Operator,Demand,27254.0
2023-06-30 18:00:00,CISO,California Independent System Operator,Demand,27121.0
2023-06-30 19:00:00,CISO,California Independent System Operator,Demand,26616.0
2023-06-30 20:00:00,CISO,California Independent System Operator,Demand,26451.0
2023-06-30 21:00:00,CISO,California Independent System Operator,Demand,27425.0
2023-06-30 22:00:00,CISO,California Independent System Operator,Demand,28217.0
2023-06-30 23:00:00,CISO,California Independent System Operator,Demand,29613.0
2023-07-01 00:00:00,CISO,California Independent System Operator,Demand,31720.0
2023-07-01 01:00:00,CISO,California Independent System Operator,Demand,33235.0
2023-07-01 02:00:00,CISO,California Independent System Operator,Demand,34678.0
2023-07-01 03:00:00,CISO,California Independent System Operator,Demand,35566.0
2023-07-01 04:00:00,CISO,California Independent System Operator,Demand,35469.0
2023-07-01 05:00:00,CISO,California Independent System Operator,Demand,34786.0
2023-07-01 06:00:00,CISO,California Independent System Operator,Demand,33835.0
2023-07-01 07:00:00,CISO,California Independent System Operator,Demand,31558.0
2023-07-01 08:00:00,CISO,California Independent System Operator,Demand,29283.0
2023-07-01 09:00:00,CISO,California Independent System Operator,Demand,27481.0
2023-07-01 10:00:00,CISO,California Independent System Operator,Demand,26158.0
2023-07-01 11:00:00,CISO,California Independent System Operator,Demand,24875.0
2023-07-01 12:00:00,CISO,California Independent System Operator,Demand,23908.0
2023-07-01 13:00:00,CISO,California Independent System Operator,Demand,23135.0
2023-07-01 14:00:00,CISO,California Independent System Operator,Demand,23082.0
2023-07-01 15:00:00,CISO,California Independent System Operator,Demand,23156.0
2023-07-01 16:00:00,CISO,California Independent System Operator,Demand,24224.0
2023-07-01 17:00:00,CISO,California Independent System Operator,Demand,25268.0
2023-07-01 18:00:00,CISO,California Independent System Operator,Demand,25464.0
2023-07-01 19:00:00,CISO,California Independent System Operator,Demand,25488.0
2023-07-01 20:00:00,CISO,California Independent System Operator,Demand,25743.0
2023-07-01 21:00:00,CISO,California Independent System Operator,Demand,26270.0
2023-07-01 22:00:00,CISO,California Independent System Operator,Demand,27727.0
2023-07-01 23:00:00,CISO,California Independent System Operator,Demand,29267.0
2023-07-02 00:00:00,CISO,California Independent System Operator,Demand,31375.0
2023-07-02 01:00:00,CISO,California Independent System Operator,Demand,32898.0
2023-07-02 02:00:00,CISO,California Independent System Operator,Demand,34665.0
2023-07-02 03:00:00,CISO,California Independent System Operator,Demand,35936.0
2023-07-02 04:00:00,CISO,California Independent System Operator,Demand,35914.0
2023-07-02 05:00:00,CISO,California Independent System Operator,Demand,35018.0
2023-07-02 06:00:00,CISO,California Independent System Operator,Demand,33790.0
2023-07-02 07:00:00,CISO,California Independent System Operator,Demand,31673.0
2023-07-02 08:00:00,CISO,California Independent System Operator,Demand,29287.0
2023-07-02 09:00:00,CISO,California Independent System Operator,Demand,27537.0
2023-07-02 10:00:00,CISO,California Independent System Operator,Demand,25890.0
2023-07-02 11:00:00,CISO,California Independent System Operator,Demand,24682.0
2023-07-02 12:00:00,CISO,California Independent System Operator,Demand,23552.0
2023-07-02 13:00:00,CISO,California Independent System Operator,Demand,23031.0
2023-07-02 14:00:00,CISO,California Independent System Operator,Demand,22731.0
2023-07-02 15:00:00,CISO,California Independent System Operator,Demand,22537.0
2023-07-02 16:00:00,CISO,California Independent System Operator,Demand,23739.0
2023-07-02 17:00:00,CISO,California Independent System Operator,Demand,24887.0
2023-07-02 18:00:00,CISO,California Independent System Operator,Demand,24811.0
2023-07-02 19:00:00,CISO,California Independent System Operator,Demand,24549.0
2023-07-02 20:00:00,CISO,California Independent System Operator,Demand,24998.0
2023-07-02 21:00:00,CISO,California Independent System Operator,Demand,25718.0
2023-07-02 22:00:00,CISO,California Independent System Operator,Demand,27064.0
2023-07-02 23:00:00,CISO,California Independent System Operator,Demand,28895.0
2023-07-03 00:00:00,CISO,California Independent System Operator,Demand,30760.0
2023-07-03 01:00:00,CISO,California Independent System Operator,Demand,32254.0
2023-07-03 02:00:00,CISO,California Independent System Operator,Demand,33959.0
2023-07-03 03:00:00,CISO,California Independent System Operator,Demand,35393.0
2023-07-03 04:00:00,CISO,California Independent System Operator,Demand,35484.0
2023-07-03 05:00:00,CISO,California Independent System Operator,Demand,34583.0
2023-07-03 06:00:00,CISO,California Independent System Operator,Demand,33575.0
2023-07-03 07:00:00,CISO,California Independent System Operator,Demand,31181.0
2023-07-03 08:00:00,CISO,California Independent System Operator,Demand,28636.0
2023-07-03 09:00:00,CISO,California Independent System Operator,Demand,26727.0
2023-07-03 10:00:00,CISO,California Independent System Operator,Demand,25369.0
2023-07-03 11:00:00,CISO,California Independent System Operator,Demand,24620.0
2023-07-03 12:00:00,CISO,California Independent System Operator,Demand,23862.0
2023-07-03 13:00:00,CISO,California Independent System Operator,Demand,23568.0
2023-07-03 14:00:00,CISO,California Independent System Operator,Demand,23793.0
2023-07-03 15:00:00,CISO,California Independent System Operator,Demand,24410.0
2023-07-03 16:00:00,CISO,California Independent System Operator,Demand,26415.0
2023-07-03 17:00:00,CISO,California Independent System Operator,Demand,27564.0
2023-07-03 18:00:00,CISO,California Independent System Operator,Demand,27451.0
2023-07-03 19:00:00,CISO,California Independent System Operator,Demand,27796.0
2023-07-03 20:00:00,CISO,California Independent System Operator,Demand,27873.0
2023-07-03 21:00:00,CISO,California Independent System Operator,Demand,27968.0
2023-07-03 22:00:00,CISO,California Independent System Operator,Demand,28456.0
2023-07-03 23:00:00,CISO,California Independent System Operator,Demand,29552.0
2023-07-04 00:00:00,CISO,California Independent System Operator,Demand,31320.0
2023-07-04 01:00:00,CISO,California Independent System Operator,Demand,32801.0
2023-07-04 02:00:00,CISO,California Independent System Operator,Demand,34192.0
2023-07-04 03:00:00,CISO,California Independent System Operator,Demand,35040.0
2023-07-04 04:00:00,CISO,California Independent System Operator,Demand,34415.0
2023-07-04 05:00:00,CISO,California Independent System Operator,Demand,33385.0
2023-07-04 06:00:00,CISO,California Independent System Operator,Demand,32140.0
2023-07-04 07:00:00,CISO,California Independent System Operator,Demand,30291.0
2023-07-04 08:00:00,CISO,California Independent System Operator,Demand,27983.0
2023-07-04 09:00:00,CISO,California Independent System Operator,Demand,26017.0
2023-07-04 10:00:00,CISO,California Independent System Operator,Demand,24511.0
2023-07-04 11:00:00,CISO,California Independent System Operator,Demand,23423.0
2023-07-04 12:00:00,CISO,California Independent System Operator,Demand,22787.0
2023-07-04 13:00:00,CISO,California Independent System Operator,Demand,22394.0
2023-07-04 14:00:00,CISO,California Independent System Operator,Demand,22352.0
2023-07-04 15:00:00,CISO,California Independent System Operator,Demand,22759.0
2023-07-04 16:00:00,CISO,California Independent System Operator,Demand,23044.0
2023-07-04 17:00:00,CISO,California Independent System Operator,Demand,23883.0
2023-07-04 18:00:00,CISO,California Independent System Operator,Demand,23056.0
2023-07-04 19:00:00,CISO,California Independent System Operator,Demand,22470.0
2023-07-04 20:00:00,CISO,California Independent System Operator,Demand,22157.0
2023-07-04 21:00:00,CISO,California Independent System Operator,Demand,22348.0
2023-07-04 22:00:00,CISO,California Independent System Operator,Demand,23149.0
2023-07-04 23:00:00,CISO,California Independent System Operator,Demand,24309.0
2023-07-05 00:00:00,CISO,California Independent System Operator,Demand,25741.0
2023-07-05 01:00:00,CISO,California Independent System Operator,Demand,27066.0
2023-07-05 02:00:00,CISO,California Independent System Operator,Demand,28986.0
2023-07-05 03:00:00,CISO,California Independent System Operator,Demand,30264.0
2023-07-05 04:00:00,CISO,California Independent System Operator,Demand,30263.0
2023-07-05 05:00:00,CISO,California Independent System Operator,Demand,29704.0
2023-07-05 06:00:00,CISO,California Independent System Operator,Demand,28759.0
2023-07-05 07:00:00,CISO,California Independent System Operator,Demand,27598.0
2023-07-05 08:00:00,CISO,California Independent System Operator,Demand,26071.0
2023-07-05 09:00:00,CISO,California Independent System Operator,Demand,24689.0
2023-07-05 10:00:00,CISO,California Independent System Operator,Demand,23495.0
2023-07-05 11:00:00,CISO,California Independent System Operator,Demand,23151.0
2023-07-05 12:00:00,CISO,California Independent System Operator,Demand,22762.0
2023-07-05 13:00:00,CISO,California Independent System Operator,Demand,22826.0
2023-07-05 14:00:00,CISO,California Independent System Operator,Demand,23038.0
2023-07-05 15:00:00,CISO,California Independent System Operator,Demand,23791.0
2023-07-05 16:00:00,CISO,California Independent System Operator,Demand,24662.0
2023-07-05 17:00:00,CISO,California Independent System Operator,Demand,25378.0
2023-07-05 18:00:00,CISO,California Independent System Operator,Demand,25145.0
2023-07-05 19:00:00,CISO,California Independent System Operator,Demand,24915.0
2023-07-05 20:00:00,CISO,California Independent System Operator,Demand,24707.0
2023-07-05 21:00:00,CISO,California Independent System Operator,Demand,24995.0
2023-07-05 22:00:00,CISO,California Independent System Operator,Demand,25658.0
2023-07-05 23:00:00,CISO,California Independent System Operator,Demand,26797.0
2023-07-06 00:00:00,CISO,California Independent System Operator,Demand,28208.0
2023-07-06 01:00:00,CISO,California Independent System Operator,Demand,29940.0
2023-07-06 02:00:00,CISO,California Independent System Operator,Demand,31419.0
2023-07-06 03:00:00,CISO,California Independent System Operator,Demand,32562.0
2023-07-06 04:00:00,CISO,California Independent System Operator,Demand,32597.0
2023-07-06 05:00:00,CISO,California Independent System Operator,Demand,32032.0
2023-07-06 06:00:00,CISO,California Independent System Operator,Demand,31232.0
2023-07-06 07:00:00,CISO,California Independent System Operator,Demand,29254.0
2023-07-06 08:00:00,CISO,California Independent System Operator,Demand,26916.0
2023-07-06 09:00:00,CISO,California Independent System Operator,Demand,25351.0
2023-07-06 10:00:00,CISO,California Independent System Operator,Demand,24206.0
2023-07-06 11:00:00,CISO,California Independent System Operator,Demand,23091.0
2023-07-06 12:00:00,CISO,California Independent System Operator,Demand,22464.0
2023-07-06 13:00:00,CISO,California Independent System Operator,Demand,22763.0
2023-07-06 14:00:00,CISO,California Independent System Operator,Demand,23437.0
2023-07-06 15:00:00,CISO,California Independent System Operator,Demand,24029.0
2023-07-06 16:00:00,CISO,California Independent System Operator,Demand,25259.0
2023-07-06 17:00:00,CISO,California Independent System Operator,Demand,25807.0
2023-07-06 18:00:00,CISO,California Independent System Operator,Demand,25924.0
2023-07-06 19:00:00,CISO,California Independent System Operator,Demand,26093.0
2023-07-06 20:00:00,CISO,California Independent System Operator,Demand,25286.0
2023-07-06 21:00:00,CISO,California Independent System Operator,Demand,24953.0
2023-07-06 22:00:00,CISO,California Independent System Operator,Demand,24862.0
2023-07-06 23:00:00,CISO,California Independent System Operator,Demand,25364.0
2023-07-07 00:00:00,CISO,California Independent System Operator,Demand,26255.0
2023-07-07 01:00:00,CISO,California Independent System Operator,Demand,27993.0
2023-07-07 02:00:00,CISO,California Independent System Operator,Demand,29782.0
2023-07-07 03:00:00,CISO,California Independent System Operator,Demand,31003.0
2023-07-07 04:00:00,CISO,California Independent System Operator,Demand,31438.0
2023-07-07 05:00:00,CISO,California Independent System Operator,Demand,31259.0
2023-07-07 06:00:00,CISO,California Independent System Operator,Demand,30562.0
2023-07-07 07:00:00,CISO,California Independent System Operator,Demand,28677.0
2023-07-07 08:00:00,CISO,California Independent System Operator,Demand,26772.0
2023-07-07 09:00:00,CISO,California Independent System Operator,Demand,25270.0
2023-07-07 10:00:00,CISO,California Independent System Operator,Demand,24207.0
2023-07-07 11:00:00,CISO,California Independent System Operator,Demand,23303.0
2023-07-07 12:00:00,CISO,California Independent System Operator,Demand,22866.0
2023-07-07 13:00:00,CISO,California Independent System Operator,Demand,22911.0
2023-07-07 14:00:00,CISO,California Independent System Operator,Demand,23549.0
2023-07-07 15:00:00,CISO,California Independent System Operator,Demand,24370.0
2023-07-07 16:00:00,CISO,California Independent System Operator,Demand,25487.0
2023-07-07 17:00:00,CISO,California Independent System Operator,Demand,25948.0
2023-07-07 18:00:00,CISO,California Independent System Operator,Demand,25497.0
2023-07-07 19:00:00,CISO,California Independent System Operator,Demand,25081.0
2023-07-07 20:00:00,CISO,California Independent System Operator,Demand,24534.0
2023-07-07 21:00:00,CISO,California Independent System Operator,Demand,24148.0
2023-07-07 22:00:00,CISO,California Independent System Operator,Demand,23973.0
2023-07-07 23:00:00,CISO,California Independent System Operator,Demand,23988.0
2023-07-08 00:00:00,CISO,California Independent System Operator,Demand,25321.0
2023-07-08 01:00:00,CISO,California Independent System Operator,Demand,26980.0
2023-07-08 02:00:00,CISO,California Independent System Operator,Demand,28965.0
2023-07-08 03:00:00,CISO,California Independent System Operator,Demand,30150.0
2023-07-08 04:00:00,CISO,California Independent System Operator,Demand,30637.0
2023-07-08 05:00:00,CISO,California Independent System Operator,Demand,30549.0
2023-07-08 06:00:00,CISO,California Independent System Operator,Demand,30036.0
2023-07-08 07:00:00,CISO,California Independent System Operator,Demand,28579.0
2023-07-08 08:00:00,CISO,California Independent System Operator,Demand,26722.0
2023-07-08 09:00:00,CISO,California Independent System Operator,Demand,25319.0
2023-07-08 10:00:00,CISO,California Independent System Operator,Demand,24090.0
2023-07-08 11:00:00,CISO,California Independent System Operator,Demand,23095.0
2023-07-08 12:00:00,CISO,California Independent System Operator,Demand,22577.0
2023-07-08 13:00:00,CISO,California Independent System Operator,Demand,22381.0
2023-07-08 14:00:00,CISO,California Independent System Operator,Demand,22531.0
2023-07-08 15:00:00,CISO,California Independent System Operator,Demand,22163.0
2023-07-08 16:00:00,CISO,California Independent System Operator,Demand,22786.0
2023-07-08 17:00:00,CISO,California Independent System Operator,Demand,23105.0
2023-07-08 18:00:00,CISO,California Independent System Operator,Demand,22420.0
2023-07-08 19:00:00,CISO,California Independent System Operator,Demand,21873.0
2023-07-08 20:00:00,CISO,California Independent System Operator,Demand,21258.0
2023-07-08 21:00:00,CISO,California Independent System Operator,Demand,21072.0
2023-07-08 22:00:00,CISO,California Independent System Operator,Demand,20949.0
2023-07-08 23:00:00,CISO,California Independent System Operator,Demand,21540.0
2023-07-09 00:00:00,CISO,California Independent System Operator,Demand,22865.0
2023-07-09 01:00:00,CISO,California Independent System Operator,Demand,24452.0
2023-07-09 02:00:00,CISO,California Independent System Operator,Demand,26311.0
2023-07-09 03:00:00,CISO,California Independent System Operator,Demand,28182.0
2023-07-09 04:00:00,CISO,California Independent System Operator,Demand,29029.0
2023-07-09 05:00:00,CISO,California Independent System Operator,Demand,29052.0
2023-07-09 06:00:00,CISO,California Independent System Operator,Demand,28496.0
2023-07-09 07:00:00,CISO,California Independent System Operator,Demand,26969.0
2023-07-09 08:00:00,CISO,California Independent System Operator,Demand,25299.0
2023-07-09 09:00:00,CISO,California Independent System Operator,Demand,24244.0
2023-07-09 10:00:00,CISO,California Independent System Operator,Demand,23284.0
2023-07-09 11:00:00,CISO,California Independent System Operator,Demand,22649.0
2023-07-09 12:00:00,CISO,California Independent System Operator,Demand,21897.0
2023-07-09 13:00:00,CISO,California Independent System Operator,Demand,21211.0
2023-07-09 14:00:00,CISO,California Independent System Operator,Demand,21184.0
2023-07-09 15:00:00,CISO,California Independent System Operator,Demand,20965.0
2023-07-09 16:00:00,CISO,California Independent System Operator,Demand,21311.0
2023-07-09 17:00:00,CISO,California Independent System Operator,Demand,21919.0
2023-07-09 18:00:00,CISO,California Independent System Operator,Demand,21162.0
2023-07-09 19:00:00,CISO,California Independent System Operator,Demand,21023.0
2023-07-09 20:00:00,CISO,California Independent System Operator,Demand,20023.0
2023-07-09 21:00:00,CISO,California Independent System Operator,Demand,19347.0
2023-07-09 22:00:00,CISO,California Independent System Operator,Demand,19335.0
2023-07-09 23:00:00,CISO,California Independent System Operator,Demand,20039.0
2023-07-10 00:00:00,CISO,California Independent System Operator,Demand,21647.0
2023-07-10 01:00:00,CISO,California Independent System Operator,Demand,23567.0
2023-07-10 02:00:00,CISO,California Independent System Operator,Demand,25646.0
2023-07-10 03:00:00,CISO,California Independent System Operator,Demand,27798.0
2023-07-10 04:00:00,CISO,California Independent System Operator,Demand,28826.0
2023-07-10 05:00:00,CISO,California Independent System Operator,Demand,28988.0
2023-07-10 06:00:00,CISO,California Independent System Operator,Demand,28541.0
2023-07-10 07:00:00,CISO,California Independent System Operator,Demand,27067.0
2023-07-10 08:00:00,CISO,California Independent System Operator,Demand,25216.0
2023-07-10 09:00:00,CISO,California Independent System Operator,Demand,24143.0
2023-07-10 10:00:00,CISO,California Independent System Operator,Demand,23260.0
2023-07-10 11:00:00,CISO,California Independent System Operator,Demand,22675.0
2023-07-10 12:00:00,CISO,California Independent System Operator,Demand,22409.0
2023-07-10 13:00:00,CISO,California Independent System Operator,Demand,22083.0
2023-07-10 14:00:00,CISO,California Independent System Operator,Demand,22790.0
2023-07-10 15:00:00,CISO,California Independent System Operator,Demand,23683.0
2023-07-10 16:00:00,CISO,California Independent System Operator,Demand,24944.0
2023-07-10 17:00:00,CISO,California Independent System Operator,Demand,26184.0
2023-07-10 18:00:00,CISO,California Independent System Operator,Demand,25775.0
2023-07-10 19:00:00,CISO,California Independent System Operator,Demand,25111.0
2023-07-10 20:00:00,CISO,California Independent System Operator,Demand,24694.0
2023-07-10 21:00:00,CISO,California Independent System Operator,Demand,24564.0
2023-07-10 22:00:00,CISO,California Independent System Operator,Demand,25234.0
2023-07-10 23:00:00,CISO,California Independent System Operator,Demand,26273.0
2023-07-11 00:00:00,CISO,California Independent System Operator,Demand,27790.0
2023-07-11 01:00:00,CISO,California Independent System Operator,Demand,29596.0
2023-07-11 02:00:00,CISO,California Independent System Operator,Demand,31787.0
2023-07-11 03:00:00,CISO,California Independent System Operator,Demand,33415.0
2023-07-11 04:00:00,CISO,California Independent System Operator,Demand,33997.0
2023-07-11 05:00:00,CISO,California Independent System Operator,Demand,33384.0
2023-07-11 06:00:00,CISO,California Independent System Operator,Demand,32445.0
2023-07-11 07:00:00,CISO,California Independent System Operator,Demand,30153.0
2023-07-11 08:00:00,CISO,California Independent System Operator,Demand,27978.0
2023-07-11 09:00:00,CISO,California Independent System Operator,Demand,26447.0
2023-07-11 10:00:00,CISO,California Independent System Operator,Demand,25381.0
2023-07-11 11:00:00,CISO,California Independent System Operator,Demand,24650.0
2023-07-11 12:00:00,CISO,California Independent System Operator,Demand,24146.0
2023-07-11 13:00:00,CISO,California Independent System Operator,Demand,23353.0
2023-07-11 14:00:00,CISO,California Independent System Operator,Demand,23973.0
2023-07-11 15:00:00,CISO,California Independent System Operator,Demand,24637.0
2023-07-11 16:00:00,CISO,California Independent System Operator,Demand,25856.0
2023-07-11 17:00:00,CISO,California Independent System Operator,Demand,26458.0
2023-07-11 18:00:00,CISO,California Independent System Operator,Demand,26394.0
2023-07-11 19:00:00,CISO,California Independent System Operator,Demand,26505.0
2023-07-11 20:00:00,CISO,California Independent System Operator,Demand,26855.0
2023-07-11 21:00:00,CISO,California Independent System Operator,Demand,27467.0
2023-07-11 22:00:00,CISO,California Independent System Operator,Demand,28637.0
2023-07-11 23:00:00,CISO,California Independent System Operator,Demand,29964.0
2023-07-12 00:00:00,CISO,California Independent System Operator,Demand,31933.0
2023-07-12 01:00:00,CISO,California Independent System Operator,Demand,33771.0
2023-07-12 02:00:00,CISO,California Independent System Operator,Demand,35493.0
2023-07-12 03:00:00,CISO,California Independent System Operator,Demand,36808.0
2023-07-12 04:00:00,CISO,California Independent System Operator,Demand,36882.0
2023-07-12 05:00:00,CISO,California Independent System Operator,Demand,35971.0
2023-07-12 06:00:00,CISO,California Independent System Operator,Demand,34674.0
2023-07-12 07:00:00,CISO,California Independent System Operator,Demand,32342.0
2023-07-12 08:00:00,CISO,California Independent System Operator,Demand,29895.0
2023-07-12 09:00:00,CISO,California Independent System Operator,Demand,28062.0
2023-07-12 10:00:00,CISO,California Independent System Operator,Demand,26554.0
2023-07-12 11:00:00,CISO,California Independent System Operator,Demand,25636.0
2023-07-12 12:00:00,CISO,California Independent System Operator,Demand,24841.0
2023-07-12 13:00:00,CISO,California Independent System Operator,Demand,24490.0
2023-07-12 14:00:00,CISO,California Independent System Operator,Demand,25050.0
2023-07-12 15:00:00,CISO,California Independent System Operator,Demand,25628.0
2023-07-12 16:00:00,CISO,California Independent System Operator,Demand,27359.0
2023-07-12 17:00:00,CISO,California Independent System Operator,Demand,28244.0
2023-07-12 18:00:00,CISO,California Independent System Operator,Demand,28622.0
2023-07-12 19:00:00,CISO,California Independent System Operator,Demand,28888.0
2023-07-12 20:00:00,CISO,California Independent System Operator,Demand,29125.0
2023-07-12 21:00:00,CISO,California Independent System Operator,Demand,29908.0
2023-07-12 22:00:00,CISO,California Independent System Operator,Demand,31017.0
2023-07-12 23:00:00,CISO,California Independent System Operator,Demand,31714.0
2023-07-13 00:00:00,CISO,California Independent System Operator,Demand,33459.0
2023-07-13 01:00:00,CISO,California Independent System Operator,Demand,35084.0
2023-07-13 02:00:00,CISO,California Independent System Operator,Demand,36653.0
2023-07-13 03:00:00,CISO,California Independent System Operator,Demand,37571.0
2023-07-13 04:00:00,CISO,California Independent System Operator,Demand,37410.0
2023-07-13 05:00:00,CISO,California Independent System Operator,Demand,36340.0
2023-07-13 06:00:00,CISO,California Independent System Operator,Demand,35047.0
2023-07-13 07:00:00,CISO,California Independent System Operator,Demand,32575.0
2023-07-13 08:00:00,CISO,California Independent System Operator,Demand,30004.0
2023-07-13 09:00:00,CISO,California Independent System Operator,Demand,28111.0
2023-07-13 10:00:00,CISO,California Independent System Operator,Demand,26569.0
2023-07-13 11:00:00,CISO,California Independent System Operator,Demand,25340.0
2023-07-13 12:00:00,CISO,California Independent System Operator,Demand,24874.0
2023-07-13 13:00:00,CISO,California Independent System Operator,Demand,24557.0
2023-07-13 14:00:00,CISO,California Independent System Operator,Demand,24854.0
2023-07-13 15:00:00,CISO,California Independent System Operator,Demand,25604.0
2023-07-13 16:00:00,CISO,California Independent System Operator,Demand,27136.0
2023-07-13 17:00:00,CISO,California Independent System Operator,Demand,28290.0
2023-07-13 18:00:00,CISO,California Independent System Operator,Demand,28296.0
2023-07-13 19:00:00,CISO,California Independent System Operator,Demand,29047.0
2023-07-13 20:00:00,CISO,California Independent System Operator,Demand,29783.0
2023-07-13 21:00:00,CISO,California Independent System Operator,Demand,29982.0
2023-07-13 22:00:00,CISO,California Independent System Operator,Demand,31128.0
2023-07-13 23:00:00,CISO,California Independent System Operator,Demand,32545.0
2023-07-14 00:00:00,CISO,California Independent System Operator,Demand,34216.0
2023-07-14 01:00:00,CISO,California Independent System Operator,Demand,35664.0
2023-07-14 02:00:00,CISO,California Independent System Operator,Demand,37274.0
2023-07-14 03:00:00,CISO,California Independent System Operator,Demand,38202.0
2023-07-14 04:00:00,CISO,California Independent System Operator,Demand,38030.0
2023-07-14 05:00:00,CISO,California Independent System Operator,Demand,37089.0
2023-07-14 06:00:00,CISO,California Independent System Operator,Demand,35802.0
2023-07-14 07:00:00,CISO,California Independent System Operator,Demand,33252.0
2023-07-14 08:00:00,CISO,California Independent System Operator,Demand,30618.0
2023-07-14 09:00:00,CISO,California Independent System Operator,Demand,28422.0
2023-07-14 10:00:00,CISO,California Independent System Operator,Demand,27033.0
2023-07-14 11:00:00,CISO,California Independent System Operator,Demand,26415.0
2023-07-14 12:00:00,CISO,California Independent System Operator,Demand,25760.0
2023-07-14 13:00:00,CISO,California Independent System Operator,Demand,25267.0
2023-07-14 14:00:00,CISO,California Independent System Operator,Demand,25255.0
2023-07-14 15:00:00,CISO,California Independent System Operator,Demand,25985.0
2023-07-14 16:00:00,CISO,California Independent System Operator,Demand,27699.0
2023-07-14 17:00:00,CISO,California Independent System Operator,Demand,28453.0
2023-07-14 18:00:00,CISO,California Independent System Operator,Demand,28654.0
2023-07-14 19:00:00,CISO,California Independent System Operator,Demand,29017.0
2023-07-14 20:00:00,CISO,California Independent System Operator,Demand,29713.0
2023-07-14 21:00:00,CISO,California Independent System Operator,Demand,30567.0
2023-07-14 22:00:00,CISO,California Independent System Operator,Demand,31938.0
2023-07-14 23:00:00,CISO,California Independent System Operator,Demand,33500.0
2023-07-15 00:00:00,CISO,California Independent System Operator,Demand,35717.0
2023-07-15 01:00:00,CISO,California Independent System Operator,Demand,37648.0
2023-07-15 02:00:00,CISO,California Independent System Operator,Demand,39076.0
2023-07-15 03:00:00,CISO,California Independent System Operator,Demand,39975.0
2023-07-15 04:00:00,CISO,California Independent System Operator,Demand,39577.0
2023-07-15 05:00:00,CISO,California Independent System Operator,Demand,38305.0
2023-07-15 06:00:00,CISO,California Independent System Operator,Demand,36650.0
2023-07-15 07:00:00,CISO,California Independent System Operator,Demand,34084.0
2023-07-15 08:00:00,CISO,California Independent System Operator,Demand,31555.0
2023-07-15 09:00:00,CISO,California Independent System Operator,Demand,29342.0
2023-07-15 10:00:00,CISO,California Independent System Operator,Demand,27536.0
2023-07-15 11:00:00,CISO,California Independent System Operator,Demand,25865.0
2023-07-15 12:00:00,CISO,California Independent System Operator,Demand,24990.0
2023-07-15 13:00:00,CISO,California Independent System Operator,Demand,24388.0
2023-07-15 14:00:00,CISO,California Independent System Operator,Demand,24371.0
2023-07-15 15:00:00,CISO,California Independent System Operator,Demand,24413.0
2023-07-15 16:00:00,CISO,California Independent System Operator,Demand,26366.0
2023-07-15 17:00:00,CISO,California Independent System Operator,Demand,28101.0
2023-07-15 18:00:00,CISO,California Independent System Operator,Demand,28217.0
2023-07-15 19:00:00,CISO,California Independent System Operator,Demand,28098.0
2023-07-15 20:00:00,CISO,California Independent System Operator,Demand,27934.0
2023-07-15 21:00:00,CISO,California Independent System Operator,Demand,28738.0
2023-07-15 22:00:00,CISO,California Independent System Operator,Demand,30211.0
2023-07-15 23:00:00,CISO,California Independent System Operator,Demand,31721.0
2023-07-16 00:00:00,CISO,California Independent System Operator,Demand,34000.0
2023-07-16 01:00:00,CISO,California Independent System Operator,Demand,35813.0
2023-07-16 02:00:00,CISO,California Independent System Operator,Demand,37750.0
2023-07-16 03:00:00,CISO,California Independent System Operator,Demand,38873.0
2023-07-16 04:00:00,CISO,California Independent System Operator,Demand,38837.0
2023-07-16 05:00:00,CISO,California Independent System Operator,Demand,37742.0
2023-07-16 06:00:00,CISO,California Independent System Operator,Demand,36172.0
2023-07-16 07:00:00,CISO,California Independent System Operator,Demand,33735.0
2023-07-16 08:00:00,CISO,California Independent System Operator,Demand,31228.0
2023-07-16 09:00:00,CISO,California Independent System Operator,Demand,29302.0
2023-07-16 10:00:00,CISO,California Independent System Operator,Demand,27658.0
2023-07-16 11:00:00,CISO,California Independent System Operator,Demand,26115.0
2023-07-16 12:00:00,CISO,California Independent System Operator,Demand,25300.0
2023-07-16 13:00:00,CISO,California Independent System Operator,Demand,24589.0
2023-07-16 14:00:00,CISO,California Independent System Operator,Demand,24181.0
2023-07-16 15:00:00,CISO,California Independent System Operator,Demand,23875.0
2023-07-16 16:00:00,CISO,California Independent System Operator,Demand,25597.0
2023-07-16 17:00:00,CISO,California Independent System Operator,Demand,26852.0
2023-07-16 18:00:00,CISO,California Independent System Operator,Demand,27238.0
2023-07-16 19:00:00,CISO,California Independent System Operator,Demand,27744.0
2023-07-16 20:00:00,CISO,California Independent System Operator,Demand,28447.0
2023-07-16 21:00:00,CISO,California Independent System Operator,Demand,29873.0
2023-07-16 22:00:00,CISO,California Independent System Operator,Demand,31536.0
2023-07-16 23:00:00,CISO,California Independent System Operator,Demand,33090.0
2023-07-17 00:00:00,CISO,California Independent System Operator,Demand,34921.0
2023-07-17 01:00:00,CISO,California Independent System Operator,Demand,36486.0
2023-07-17 02:00:00,CISO,California Independent System Operator,Demand,38128.0
2023-07-17 03:00:00,CISO,California Independent System Operator,Demand,39132.0
2023-07-17 04:00:00,CISO,California Independent System Operator,Demand,38853.0
2023-07-17 05:00:00,CISO,California Independent System Operator,Demand,38113.0
2023-07-17 06:00:00,CISO,California Independent System Operator,Demand,36681.0
2023-07-17 07:00:00,CISO,California Independent System Operator,Demand,34212.0
2023-07-17 08:00:00,CISO,California Independent System Operator,Demand,31752.0
2023-07-17 09:00:00,CISO,California Independent System Operator,Demand,30037.0
2023-07-17 10:00:00,CISO,California Independent System Operator,Demand,28661.0
2023-07-17 11:00:00,CISO,California Independent System Operator,Demand,27292.0
2023-07-17 12:00:00,CISO,California Independent System Operator,Demand,26795.0
2023-07-17 13:00:00,CISO,California Independent System Operator,Demand,26417.0
2023-07-17 14:00:00,CISO,California Independent System Operator,Demand,26919.0
2023-07-17 15:00:00,CISO,California Independent System Operator,Demand,28075.0
2023-07-17 16:00:00,CISO,California Independent System Operator,Demand,30257.0
2023-07-17 17:00:00,CISO,California Independent System Operator,Demand,31543.0
2023-07-17 18:00:00,CISO,California Independent System Operator,Demand,32056.0
2023-07-17 19:00:00,CISO,California Independent System Operator,Demand,32602.0
2023-07-17 20:00:00,CISO,California Independent System Operator,Demand,33277.0
2023-07-17 21:00:00,CISO,California Independent System Operator,Demand,34532.0
2023-07-17 22:00:00,CISO,California Independent System Operator,Demand,36207.0
2023-07-17 23:00:00,CISO,California Independent System Operator,Demand,38157.0
2023-07-18 00:00:00,CISO,California Independent System Operator,Demand,40202.0
2023-07-18 01:00:00,CISO,California Independent System Operator,Demand,41517.0
2023-07-18 02:00:00,CISO,California Independent System Operator,Demand,42153.0
2023-07-18 03:00:00,CISO,California Independent System Operator,Demand,42211.0
2023-07-18 04:00:00,CISO,California Independent System Operator,Demand,41506.0
2023-07-18 05:00:00,CISO,California Independent System Operator,Demand,40079.0
2023-07-18 06:00:00,CISO,California Independent System Operator,Demand,38369.0
2023-07-18 07:00:00,CISO,California Independent System Operator,Demand,35525.0
2023-07-18 08:00:00,CISO,California Independent System Operator,Demand,32717.0
2023-07-18 09:00:00,CISO,California Independent System Operator,Demand,30385.0
2023-07-18 10:00:00,CISO,California Independent System Operator,Demand,28334.0
2023-07-18 11:00:00,CISO,California Independent System Operator,Demand,27057.0
2023-07-18 12:00:00,CISO,California Independent System Operator,Demand,26395.0
2023-07-18 13:00:00,CISO,California Independent System Operator,Demand,26158.0
2023-07-18 14:00:00,CISO,California Independent System Operator,Demand,26496.0
2023-07-18 15:00:00,CISO,California Independent System Operator,Demand,27332.0
2023-07-18 16:00:00,CISO,California Independent System Operator,Demand,29205.0
2023-07-18 17:00:00,CISO,California Independent System Operator,Demand,30918.0
2023-07-18 18:00:00,CISO,California Independent System Operator,Demand,31306.0
2023-07-18 19:00:00,CISO,California Independent System Operator,Demand,31700.0
2023-07-18 20:00:00,CISO,California Independent System Operator,Demand,32086.0
2023-07-18 21:00:00,CISO,California Independent System Operator,Demand,33009.0
2023-07-18 22:00:00,CISO,California Independent System Operator,Demand,34705.0
2023-07-18 23:00:00,CISO,California Independent System Operator,Demand,36361.0
2023-07-19 00:00:00,CISO,California Independent System Operator,Demand,37935.0
2023-07-19 01:00:00,CISO,California Independent System Operator,Demand,39059.0
2023-07-19 02:00:00,CISO,California Independent System Operator,Demand,39912.0
2023-07-19 03:00:00,CISO,California Independent System Operator,Demand,40125.0
2023-07-19 04:00:00,CISO,California Independent System Operator,Demand,39377.0
2023-07-19 05:00:00,CISO,California Independent System Operator,Demand,38178.0
2023-07-19 06:00:00,CISO,California Independent System Operator,Demand,36760.0
2023-07-19 07:00:00,CISO,California Independent System Operator,Demand,33978.0
2023-07-19 08:00:00,CISO,California Independent System Operator,Demand,31307.0
2023-07-19 09:00:00,CISO,California Independent System Operator,Demand,29160.0
2023-07-19 10:00:00,CISO,California Independent System Operator,Demand,27549.0
2023-07-19 11:00:00,CISO,California Independent System Operator,Demand,26569.0
2023-07-19 12:00:00,CISO,California Independent System Operator,Demand,26109.0
2023-07-19 13:00:00,CISO,California Independent System Operator,Demand,25837.0
2023-07-19 14:00:00,CISO,California Independent System Operator,Demand,26346.0
2023-07-19 15:00:00,CISO,California Independent System Operator,Demand,27297.0
2023-07-19 16:00:00,CISO,California Independent System Operator,Demand,29705.0
2023-07-19 17:00:00,CISO,California Independent System Operator,Demand,31208.0
2023-07-19 18:00:00,CISO,California Independent System Operator,Demand,31348.0
2023-07-19 19:00:00,CISO,California Independent System Operator,Demand,31527.0
2023-07-19 20:00:00,CISO,California Independent System Operator,Demand,31911.0
2023-07-19 21:00:00,CISO,California Independent System Operator,Demand,32654.0
2023-07-19 22:00:00,CISO,California Independent System Operator,Demand,33592.0
2023-07-19 23:00:00,CISO,California Independent System Operator,Demand,35119.0
2023-07-20 00:00:00,CISO,California Independent System Operator,Demand,36964.0
2023-07-20 01:00:00,CISO,California Independent System Operator,Demand,38686.0
2023-07-20 02:00:00,CISO,California Independent System Operator,Demand,40072.0
2023-07-20 03:00:00,CISO,California Independent System Operator,Demand,40729.0
2023-07-20 04:00:00,CISO,California Independent System Operator,Demand,40129.0
2023-07-20 05:00:00,CISO,California Independent System Operator,Demand,38956.0
2023-07-20 06:00:00,CISO,California Independent System Operator,Demand,37540.0
2023-07-20 07:00:00,CISO,California Independent System Operator,Demand,34603.0
2023-07-20 08:00:00,CISO,California Independent System Operator,Demand,31810.0
2023-07-20 09:00:00,CISO,California Independent System Operator,Demand,29908.0
2023-07-20 10:00:00,CISO,California Independent System Operator,Demand,28226.0
2023-07-20 11:00:00,CISO,California Independent System Operator,Demand,27401.0
2023-07-20 12:00:00,CISO,California Independent System Operator,Demand,27001.0
2023-07-20 13:00:00,CISO,California Independent System Operator,Demand,26713.0
2023-07-20 14:00:00,CISO,California Independent System Operator,Demand,26738.0
2023-07-20 15:00:00,CISO,California Independent System Operator,Demand,27476.0
2023-07-20 16:00:00,CISO,California Independent System Operator,Demand,29695.0
2023-07-20 17:00:00,CISO,California Independent System Operator,Demand,30719.0
2023-07-20 18:00:00,CISO,California Independent System Operator,Demand,30821.0
2023-07-20 19:00:00,CISO,California Independent System Operator,Demand,31333.0
2023-07-20 20:00:00,CISO,California Independent System Operator,Demand,32464.0
2023-07-20 21:00:00,CISO,California Independent System Operator,Demand,33706.0
2023-07-20 22:00:00,CISO,California Independent System Operator,Demand,34898.0
2023-07-20 23:00:00,CISO,California Independent System Operator,Demand,36365.0
2023-07-21 00:00:00,CISO,California Independent System Operator,Demand,38270.0
2023-07-21 01:00:00,CISO,California Independent System Operator,Demand,39747.0
2023-07-21 02:00:00,CISO,California Independent System Operator,Demand,41203.0
2023-07-21 03:00:00,CISO,California Independent System Operator,Demand,41916.0
2023-07-21 04:00:00,CISO,California Independent System Operator,Demand,41283.0
2023-07-21 05:00:00,CISO,California Independent System Operator,Demand,39357.0
2023-07-21 06:00:00,CISO,California Independent System Operator,Demand,37986.0
2023-07-21 07:00:00,CISO,California Independent System Operator,Demand,35206.0
2023-07-21 08:00:00,CISO,California Independent System Operator,Demand,32473.0
2023-07-21 09:00:00,CISO,California Independent System Operator,Demand,30198.0
2023-07-21 10:00:00,CISO,California Independent System Operator,Demand,28532.0
2023-07-21 11:00:00,CISO,California Independent System Operator,Demand,27225.0
2023-07-21 12:00:00,CISO,California Independent System Operator,Demand,26898.0
2023-07-21 13:00:00,CISO,California Independent System Operator,Demand,26520.0
2023-07-21 14:00:00,CISO,California Independent System Operator,Demand,26810.0
2023-07-21 15:00:00,CISO,California Independent System Operator,Demand,27348.0
2023-07-21 16:00:00,CISO,California Independent System Operator,Demand,29384.0
2023-07-21 17:00:00,CISO,California Independent System Operator,Demand,30647.0
2023-07-21 18:00:00,CISO,California Independent System Operator,Demand,31043.0
2023-07-21 19:00:00,CISO,California Independent System Operator,Demand,31141.0
2023-07-21 20:00:00,CISO,California Independent System Operator,Demand,31337.0
2023-07-21 21:00:00,CISO,California Independent System Operator,Demand,31973.0
2023-07-21 22:00:00,CISO,California Independent System Operator,Demand,33727.0
2023-07-21 23:00:00,CISO,California Independent System Operator,Demand,35209.0
2023-07-22 00:00:00,CISO,California Independent System Operator,Demand,37038.0
2023-07-22 01:00:00,CISO,California Independent System Operator,Demand,38793.0
2023-07-22 02:00:00,CISO,California Independent System Operator,Demand,40307.0
2023-07-22 03:00:00,CISO,California Independent System Operator,Demand,41211.0
2023-07-22 04:00:00,CISO,California Independent System Operator,Demand,40527.0
2023-07-22 05:00:00,CISO,California Independent System Operator,Demand,39200.0
2023-07-22 06:00:00,CISO,California Independent System Operator,Demand,37606.0
2023-07-22 07:00:00,CISO,California Independent System Operator,Demand,34891.0
2023-07-22 08:00:00,CISO,California Independent System Operator,Demand,32199.0
2023-07-22 09:00:00,CISO,California Independent System Operator,Demand,30304.0
2023-07-22 10:00:00,CISO,California Independent System Operator,Demand,28463.0
2023-07-22 11:00:00,CISO,California Independent System Operator,Demand,26973.0
2023-07-22 12:00:00,CISO,California Independent System Operator,Demand,25830.0
2023-07-22 13:00:00,CISO,California Independent System Operator,Demand,25405.0
2023-07-22 14:00:00,CISO,California Independent System Operator,Demand,25270.0
2023-07-22 15:00:00,CISO,California Independent System Operator,Demand,25246.0
2023-07-22 16:00:00,CISO,California Independent System Operator,Demand,26942.0
2023-07-22 17:00:00,CISO,California Independent System Operator,Demand,27992.0
2023-07-22 18:00:00,CISO,California Independent System Operator,Demand,27928.0
2023-07-22 19:00:00,CISO,California Independent System Operator,Demand,27919.0
2023-07-22 20:00:00,CISO,California Independent System Operator,Demand,27882.0
2023-07-22 21:00:00,CISO,California Independent System Operator,Demand,28802.0
2023-07-22 22:00:00,CISO,California Independent System Operator,Demand,30774.0
2023-07-22 23:00:00,CISO,California Independent System Operator,Demand,33096.0
2023-07-23 00:00:00,CISO,California Independent System Operator,Demand,35211.0
2023-07-23 01:00:00,CISO,California Independent System Operator,Demand,36956.0
2023-07-23 02:00:00,CISO,California Independent System Operator,Demand,37798.0
2023-07-23 03:00:00,CISO,California Independent System Operator,Demand,38575.0
2023-07-23 04:00:00,CISO,California Independent System Operator,Demand,38202.0
2023-07-23 05:00:00,CISO,California Independent System Operator,Demand,37190.0
2023-07-23 06:00:00,CISO,California Independent System Operator,Demand,36359.0
2023-07-23 07:00:00,CISO,California Independent System Operator,Demand,33644.0
2023-07-23 08:00:00,CISO,California Independent System Operator,Demand,30864.0
2023-07-23 09:00:00,CISO,California Independent System Operator,Demand,29772.0
2023-07-23 10:00:00,CISO,California Independent System Operator,Demand,28131.0
2023-07-23 11:00:00,CISO,California Independent System Operator,Demand,26860.0
2023-07-23 12:00:00,CISO,California Independent System Operator,Demand,25837.0
2023-07-23 13:00:00,CISO,California Independent System Operator,Demand,25146.0
2023-07-23 14:00:00,CISO,California Independent System Operator,Demand,25059.0
2023-07-23 15:00:00,CISO,California Independent System Operator,Demand,24759.0
2023-07-23 16:00:00,CISO,California Independent System Operator,Demand,25625.0
2023-07-23 17:00:00,CISO,California Independent System Operator,Demand,26695.0
2023-07-23 18:00:00,CISO,California Independent System Operator,Demand,26529.0
2023-07-23 19:00:00,CISO,California Independent System Operator,Demand,27738.0
2023-07-23 20:00:00,CISO,California Independent System Operator,Demand,28885.0
2023-07-23 21:00:00,CISO,California Independent System Operator,Demand,29414.0
2023-07-23 22:00:00,CISO,California Independent System Operator,Demand,30999.0
2023-07-23 23:00:00,CISO,California Independent System Operator,Demand,32050.0
2023-07-24 00:00:00,CISO,California Independent System Operator,Demand,32952.0
2023-07-24 01:00:00,CISO,California Independent System Operator,Demand,33783.0
2023-07-24 02:00:00,CISO,California Independent System Operator,Demand,34619.0
2023-07-24 03:00:00,CISO,California Independent System Operator,Demand,35267.0
2023-07-24 04:00:00,CISO,California Independent System Operator,Demand,35317.0
2023-07-24 05:00:00,CISO,California Independent System Operator,Demand,35006.0
2023-07-24 06:00:00,CISO,California Independent System Operator,Demand,34153.0
2023-07-24 07:00:00,CISO,California Independent System Operator,Demand,32020.0
2023-07-24 08:00:00,CISO,California Independent System Operator,Demand,29805.0
2023-07-24 09:00:00,CISO,California Independent System Operator,Demand,28268.0
2023-07-24 10:00:00,CISO,California Independent System Operator,Demand,27223.0
2023-07-24 11:00:00,CISO,California Independent System Operator,Demand,26391.0
2023-07-24 12:00:00,CISO,California Independent System Operator,Demand,25754.0
2023-07-24 13:00:00,CISO,California Independent System Operator,Demand,25694.0
2023-07-24 14:00:00,CISO,California Independent System Operator,Demand,26208.0
2023-07-24 15:00:00,CISO,California Independent System Operator,Demand,27347.0
2023-07-24 16:00:00,CISO,California Independent System Operator,Demand,29396.0
2023-07-24 17:00:00,CISO,California Independent System Operator,Demand,30665.0
2023-07-24 18:00:00,CISO,California Independent System Operator,Demand,30644.0
2023-07-24 19:00:00,CISO,California Independent System Operator,Demand,30795.0
2023-07-24 20:00:00,CISO,California Independent System Operator,Demand,31312.0
2023-07-24 21:00:00,CISO,California Independent System Operator,Demand,32119.0
2023-07-24 22:00:00,CISO,California Independent System Operator,Demand,33784.0
2023-07-24 23:00:00,CISO,California Independent System Operator,Demand,35582.0
2023-07-25 00:00:00,CISO,California Independent System Operator,Demand,36849.0
2023-07-25 01:00:00,CISO,California Independent System Operator,Demand,38343.0
2023-07-25 02:00:00,CISO,California Independent System Operator,Demand,39759.0
2023-07-25 03:00:00,CISO,California Independent System Operator,Demand,40558.0
2023-07-25 04:00:00,CISO,California Independent System Operator,Demand,39960.0
2023-07-25 05:00:00,CISO,California Independent System Operator,Demand,38854.0
2023-07-25 06:00:00,CISO,California Independent System Operator,Demand,37226.0
2023-07-25 07:00:00,CISO,California Independent System Operator,Demand,34363.0
2023-07-25 08:00:00,CISO,California Independent System Operator,Demand,31590.0
2023-07-25 09:00:00,CISO,California Independent System Operator,Demand,29413.0
2023-07-25 10:00:00,CISO,California Independent System Operator,Demand,27707.0
2023-07-25 11:00:00,CISO,California Independent System Operator,Demand,26828.0
2023-07-25 12:00:00,CISO,California Independent System Operator,Demand,26556.0
2023-07-25 13:00:00,CISO,California Independent System Operator,Demand,25977.0
2023-07-25 14:00:00,CISO,California Independent System Operator,Demand,26466.0
2023-07-25 15:00:00,CISO,California Independent System Operator,Demand,27276.0
2023-07-25 16:00:00,CISO,California Independent System Operator,Demand,29023.0
2023-07-25 17:00:00,CISO,California Independent System Operator,Demand,31009.0
2023-07-25 18:00:00,CISO,California Independent System Operator,Demand,31069.0
2023-07-25 19:00:00,CISO,California Independent System Operator,Demand,31697.0
2023-07-25 20:00:00,CISO,California Independent System Operator,Demand,32498.0
2023-07-25 21:00:00,CISO,California Independent System Operator,Demand,33263.0
2023-07-25 22:00:00,CISO,California Independent System Operator,Demand,34930.0
2023-07-25 23:00:00,CISO,California Independent System Operator,Demand,37245.0
2023-07-26 00:00:00,CISO,California Independent System Operator,Demand,39333.0
2023-07-26 01:00:00,CISO,California Independent System Operator,Demand,41045.0
2023-07-26 02:00:00,CISO,California Independent System Operator,Demand,42372.0
2023-07-26 03:00:00,CISO,California Independent System Operator,Demand,43084.0
2023-07-26 04:00:00,CISO,California Independent System Operator,Demand,42488.0
2023-07-26 05:00:00,CISO,California Independent System Operator,Demand,41108.0
2023-07-26 06:00:00,CISO,California Independent System Operator,Demand,39227.0
2023-07-26 07:00:00,CISO,California Independent System Operator,Demand,36311.0
2023-07-26 08:00:00,CISO,California Independent System Operator,Demand,33460.0
2023-07-26 09:00:00,CISO,California Independent System Operator,Demand,31152.0
2023-07-26 10:00:00,CISO,California Independent System Operator,Demand,29344.0
2023-07-26 11:00:00,CISO,California Independent System Operator,Demand,28090.0
2023-07-26 12:00:00,CISO,California Independent System Operator,Demand,27521.0
2023-07-26 13:00:00,CISO,California Independent System Operator,Demand,27053.0
2023-07-26 14:00:00,CISO,California Independent System Operator,Demand,27020.0
2023-07-26 15:00:00,CISO,California Independent System Operator,Demand,27618.0
2023-07-26 16:00:00,CISO,California Independent System Operator,Demand,29337.0
2023-07-26 17:00:00,CISO,California Independent System Operator,Demand,31284.0
2023-07-26 18:00:00,CISO,California Independent System Operator,Demand,32025.0
2023-07-26 19:00:00,CISO,California Independent System Operator,Demand,32318.0
2023-07-26 20:00:00,CISO,California Independent System Operator,Demand,33717.0
2023-07-26 21:00:00,CISO,California Independent System Operator,Demand,34423.0
2023-07-26 22:00:00,CISO,California Independent System Operator,Demand,35915.0
2023-07-26 23:00:00,CISO,California Independent System Operator,Demand,37792.0
2023-07-27 00:00:00,CISO,California Independent System Operator,Demand,39563.0
2023-07-27 01:00:00,CISO,California Independent System Operator,Demand,41214.0
2023-07-27 02:00:00,CISO,California Independent System Operator,Demand,42559.0
2023-07-27 03:00:00,CISO,California Independent System Operator,Demand,42707.0
2023-07-27 04:00:00,CISO,California Independent System Operator,Demand,41883.0
2023-07-27 05:00:00,CISO,California Independent System Operator,Demand,40492.0
2023-07-27 06:00:00,CISO,California Independent System Operator,Demand,38565.0
2023-07-27 07:00:00,CISO,California Independent System Operator,Demand,35662.0
2023-07-27 08:00:00,CISO,California Independent System Operator,Demand,32854.0
2023-07-27 09:00:00,CISO,California Independent System Operator,Demand,30409.0
2023-07-27 10:00:00,CISO,California Independent System Operator,Demand,28830.0
2023-07-27 11:00:00,CISO,California Independent System Operator,Demand,27674.0
2023-07-27 12:00:00,CISO,California Independent System Operator,Demand,26566.0
2023-07-27 13:00:00,CISO,California Independent System Operator,Demand,26345.0
2023-07-27 14:00:00,CISO,California Independent System Operator,Demand,26871.0
2023-07-27 15:00:00,CISO,California Independent System Operator,Demand,27917.0
2023-07-27 16:00:00,CISO,California Independent System Operator,Demand,29965.0
2023-07-27 17:00:00,CISO,California Independent System Operator,Demand,31015.0
2023-07-27 18:00:00,CISO,California Independent System Operator,Demand,31317.0
2023-07-27 19:00:00,CISO,California Independent System Operator,Demand,31062.0
2023-07-27 20:00:00,CISO,California Independent System Operator,Demand,31717.0
2023-07-27 21:00:00,CISO,California Independent System Operator,Demand,32375.0
2023-07-27 22:00:00,CISO,California Independent System Operator,Demand,34220.0
2023-07-27 23:00:00,CISO,California Independent System Operator,Demand,36467.0
2023-07-28 00:00:00,CISO,California Independent System Operator,Demand,38150.0
2023-07-28 01:00:00,CISO,California Independent System Operator,Demand,39468.0
2023-07-28 02:00:00,CISO,California Independent System Operator,Demand,40525.0
2023-07-28 03:00:00,CISO,California Independent System Operator,Demand,40658.0
2023-07-28 04:00:00,CISO,California Independent System Operator,Demand,40032.0
2023-07-28 05:00:00,CISO,California Independent System Operator,Demand,38817.0
2023-07-28 06:00:00,CISO,California Independent System Operator,Demand,37181.0
2023-07-28 07:00:00,CISO,California Independent System Operator,Demand,34408.0
2023-07-28 08:00:00,CISO,California Independent System Operator,Demand,31811.0
2023-07-28 09:00:00,CISO,California Independent System Operator,Demand,29872.0
2023-07-28 10:00:00,CISO,California Independent System Operator,Demand,28469.0
2023-07-28 11:00:00,CISO,California Independent System Operator,Demand,27105.0
2023-07-28 12:00:00,CISO,California Independent System Operator,Demand,26726.0
2023-07-28 13:00:00,CISO,California Independent System Operator,Demand,26271.0
2023-07-28 14:00:00,CISO,California Independent System Operator,Demand,26744.0
2023-07-28 15:00:00,CISO,California Independent System Operator,Demand,27556.0
2023-07-28 16:00:00,CISO,California Independent System Operator,Demand,29358.0
2023-07-28 17:00:00,CISO,California Independent System Operator,Demand,30355.0
2023-07-28 18:00:00,CISO,California Independent System Operator,Demand,30484.0
2023-07-28 19:00:00,CISO,California Independent System Operator,Demand,30881.0
2023-07-28 20:00:00,CISO,California Independent System Operator,Demand,31404.0
2023-07-28 21:00:00,CISO,California Independent System Operator,Demand,31939.0
2023-07-28 22:00:00,CISO,California Independent System Operator,Demand,33077.0
2023-07-28 23:00:00,CISO,California Independent System Operator,Demand,34349.0
2023-07-29 00:00:00,CISO,California Independent System Operator,Demand,35277.0
2023-07-29 01:00:00,CISO,California Independent System Operator,Demand,36572.0
2023-07-29 02:00:00,CISO,California Independent System Operator,Demand,38130.0
2023-07-29 03:00:00,CISO,California Independent System Operator,Demand,38752.0
2023-07-29 04:00:00,CISO,California Independent System Operator,Demand,38185.0
2023-07-29 05:00:00,CISO,California Independent System Operator,Demand,36969.0
2023-07-29 06:00:00,CISO,California Independent System Operator,Demand,35622.0
2023-07-29 07:00:00,CISO,California Independent System Operator,Demand,33377.0
2023-07-29 08:00:00,CISO,California Independent System Operator,Demand,30990.0
2023-07-29 09:00:00,CISO,California Independent System Operator,Demand,29494.0
2023-07-29 10:00:00,CISO,California Independent System Operator,Demand,28018.0
2023-07-29 11:00:00,CISO,California Independent System Operator,Demand,26865.0
2023-07-29 12:00:00,CISO,California Independent System Operator,Demand,26030.0
2023-07-29 13:00:00,CISO,California Independent System Operator,Demand,25462.0
2023-07-29 14:00:00,CISO,California Independent System Operator,Demand,25369.0
2023-07-29 15:00:00,CISO,California Independent System Operator,Demand,25180.0
2023-07-29 16:00:00,CISO,California Independent System Operator,Demand,26238.0
2023-07-29 17:00:00,CISO,California Independent System Operator,Demand,27610.0
2023-07-29 18:00:00,CISO,California Independent System Operator,Demand,27389.0
2023-07-29 19:00:00,CISO,California Independent System Operator,Demand,27531.0
2023-07-29 20:00:00,CISO,California Independent System Operator,Demand,28176.0
2023-07-29 21:00:00,CISO,California Independent System Operator,Demand,29163.0
2023-07-29 22:00:00,CISO,California Independent System Operator,Demand,30238.0
2023-07-29 23:00:00,CISO,California Independent System Operator,Demand,31060.0
2023-07-30 00:00:00,CISO,California Independent System Operator,Demand,32815.0
2023-07-30 01:00:00,CISO,California Independent System Operator,Demand,34808.0
2023-07-30 02:00:00,CISO,California Independent System Operator,Demand,36887.0
2023-07-30 03:00:00,CISO,California Independent System Operator,Demand,37727.0
2023-07-30 04:00:00,CISO,California Independent System Operator,Demand,37209.0
2023-07-30 05:00:00,CISO,California Independent System Operator,Demand,36207.0
2023-07-30 06:00:00,CISO,California Independent System Operator,Demand,34748.0
2023-07-30 07:00:00,CISO,California Independent System Operator,Demand,32585.0
2023-07-30 08:00:00,CISO,California Independent System Operator,Demand,30760.0
2023-07-30 09:00:00,CISO,California Independent System Operator,Demand,28731.0
2023-07-30 10:00:00,CISO,California Independent System Operator,Demand,27191.0
2023-07-30 11:00:00,CISO,California Independent System Operator,Demand,25940.0
2023-07-30 12:00:00,CISO,California Independent System Operator,Demand,25222.0
2023-07-30 13:00:00,CISO,California Independent System Operator,Demand,24573.0
2023-07-30 14:00:00,CISO,California Independent System Operator,Demand,24395.0
2023-07-30 15:00:00,CISO,California Independent System Operator,Demand,23736.0
2023-07-30 16:00:00,CISO,California Independent System Operator,Demand,24719.0
2023-07-30 17:00:00,CISO,California Independent System Operator,Demand,25339.0
2023-07-30 18:00:00,CISO,California Independent System Operator,Demand,25384.0
2023-07-30 19:00:00,CISO,California Independent System Operator,Demand,25732.0
2023-07-30 20:00:00,CISO,California Independent System Operator,Demand,25773.0
2023-07-30 21:00:00,CISO,California Independent System Operator,Demand,26333.0
2023-07-30 22:00:00,CISO,California Independent System Operator,Demand,28165.0
2023-07-30 23:00:00,CISO,California Independent System Operator,Demand,30167.0
2023-07-31 00:00:00,CISO,California Independent System Operator,Demand,31997.0
2023-07-31 01:00:00,CISO,California Independent System Operator,Demand,34174.0
2023-07-31 02:00:00,CISO,California Independent System Operator,Demand,36457.0
2023-07-31 03:00:00,CISO,California Independent System Operator,Demand,37878.0
2023-07-31 04:00:00,CISO,California Independent System Operator,Demand,37665.0
2023-07-31 05:00:00,CISO,California Independent System Operator,Demand,36843.0
2023-07-31 06:00:00,CISO,California Independent System Operator,Demand,35428.0
2023-07-31 07:00:00,CISO,California Independent System Operator,Demand,32967.0
2023-07-31 08:00:00,CISO,California Independent System Operator,Demand,30329.0
2023-07-31 09:00:00,CISO,California Independent System Operator,Demand,28955.0
2023-07-31 10:00:00,CISO,California Independent System Operator,Demand,27678.0
2023-07-31 11:00:00,CISO,California Independent System Operator,Demand,26901.0
2023-07-31 12:00:00,CISO,California Independent System Operator,Demand,26284.0
2023-07-31 13:00:00,CISO,California Independent System Operator,Demand,25944.0
2023-07-31 14:00:00,CISO,California Independent System Operator,Demand,26237.0
2023-07-31 15:00:00,CISO,California Independent System Operator,Demand,27392.0
2023-07-31 16:00:00,CISO,California Independent System Operator,Demand,28739.0
2023-07-31 17:00:00,CISO,California Independent System Operator,Demand,29654.0
2023-07-31 18:00:00,CISO,California Independent System Operator,Demand,30560.0
2023-07-31 19:00:00,CISO,California Independent System Operator,Demand,31346.0
2023-07-31 20:00:00,CISO,California Independent System Operator,Demand,32446.0
2023-07-31 21:00:00,CISO,California Independent System Operator,Demand,33549.0
2023-07-31 22:00:00,CISO,California Independent System Operator,Demand,34673.0
2023-07-31 23:00:00,CISO,California Independent System Operator,Demand,36212.0
2023-08-01 00:00:00,CISO,California Independent System Operator,Demand,37222.0
2023-08-01 01:00:00,CISO,California Independent System Operator,Demand,38007.0
2023-08-01 02:00:00,CISO,California Independent System Operator,Demand,38606.0
2023-08-01 03:00:00,CISO,California Independent System Operator,Demand,38741.0
2023-08-01 04:00:00,CISO,California Independent System Operator,Demand,38191.0
2023-08-01 05:00:00,CISO,California Independent System Operator,Demand,37600.0
2023-08-01 06:00:00,CISO,California Independent System Operator,Demand,36106.0
2023-08-01 07:00:00,CISO,California Independent System Operator,Demand,33718.0
2023-08-01 08:00:00,CISO,California Independent System Operator,Demand,31352.0
2023-08-01 09:00:00,CISO,California Independent System Operator,Demand,29613.0
2023-08-01 10:00:00,CISO,California Independent System Operator,Demand,27909.0
2023-08-01 11:00:00,CISO,California Independent System Operator,Demand,27475.0
2023-08-01 12:00:00,CISO,California Independent System Operator,Demand,26592.0
2023-08-01 13:00:00,CISO,California Independent System Operator,Demand,26420.0
2023-08-01 14:00:00,CISO,California Independent System Operator,Demand,27085.0
2023-08-01 15:00:00,CISO,California Independent System Operator,Demand,27919.0
2023-08-01 16:00:00,CISO,California Independent System Operator,Demand,28893.0
2023-08-01 17:00:00,CISO,California Independent System Operator,Demand,29733.0
2023-08-01 18:00:00,CISO,California Independent System Operator,Demand,30316.0
2023-08-01 19:00:00,CISO,California Independent System Operator,Demand,30525.0
2023-08-01 20:00:00,CISO,California Independent System Operator,Demand,30718.0
2023-08-01 21:00:00,CISO,California Independent System Operator,Demand,31287.0
2023-08-01 22:00:00,CISO,California Independent System Operator,Demand,32823.0
2023-08-01 23:00:00,CISO,California Independent System Operator,Demand,34321.0
2023-08-02 00:00:00,CISO,California Independent System Operator,Demand,35951.0
2023-08-02 01:00:00,CISO,California Independent System Operator,Demand,37397.0
2023-08-02 02:00:00,CISO,California Independent System Operator,Demand,38686.0
2023-08-02 03:00:00,CISO,California Independent System Operator,Demand,38896.0
2023-08-02 04:00:00,CISO,California Independent System Operator,Demand,38173.0
2023-08-02 05:00:00,CISO,California Independent System Operator,Demand,37148.0
2023-08-02 06:00:00,CISO,California Independent System Operator,Demand,35711.0
2023-08-02 07:00:00,CISO,California Independent System Operator,Demand,33324.0
2023-08-02 08:00:00,CISO,California Independent System Operator,Demand,30843.0
2023-08-02 09:00:00,CISO,California Independent System Operator,Demand,28839.0
2023-08-02 10:00:00,CISO,California Independent System Operator,Demand,27301.0
2023-08-02 11:00:00,CISO,California Independent System Operator,Demand,26355.0
2023-08-02 12:00:00,CISO,California Independent System Operator,Demand,25873.0
2023-08-02 13:00:00,CISO,California Independent System Operator,Demand,25517.0
2023-08-02 14:00:00,CISO,California Independent System Operator,Demand,26278.0
2023-08-02 15:00:00,CISO,California Independent System Operator,Demand,26921.0
2023-08-02 16:00:00,CISO,California Independent System Operator,Demand,28569.0
2023-08-02 17:00:00,CISO,California Independent System Operator,Demand,29458.0
2023-08-02 18:00:00,CISO,California Independent System Operator,Demand,29345.0
2023-08-02 19:00:00,CISO,California Independent System Operator,Demand,29513.0
2023-08-02 20:00:00,CISO,California Independent System Operator,Demand,29898.0
2023-08-02 21:00:00,CISO,California Independent System Operator,Demand,29780.0
2023-08-02 22:00:00,CISO,California Independent System Operator,Demand,30656.0
2023-08-02 23:00:00,CISO,California Independent System Operator,Demand,32150.0
2023-08-03 00:00:00,CISO,California Independent System Operator,Demand,33876.0
2023-08-03 01:00:00,CISO,California Independent System Operator,Demand,35232.0
2023-08-03 02:00:00,CISO,California Independent System Operator,Demand,36837.0
2023-08-03 03:00:00,CISO,California Independent System Operator,Demand,37166.0
2023-08-03 04:00:00,CISO,California Independent System Operator,Demand,36618.0
2023-08-03 05:00:00,CISO,California Independent System Operator,Demand,35619.0
2023-08-03 06:00:00,CISO,California Independent System Operator,Demand,34269.0
2023-08-03 07:00:00,CISO,California Independent System Operator,Demand,31991.0
2023-08-03 08:00:00,CISO,California Independent System Operator,Demand,29984.0
2023-08-03 09:00:00,CISO,California Independent System Operator,Demand,28262.0
2023-08-03 10:00:00,CISO,California Independent System Operator,Demand,26974.0
2023-08-03 11:00:00,CISO,California Independent System Operator,Demand,26046.0
2023-08-03 12:00:00,CISO,California Independent System Operator,Demand,25396.0
2023-08-03 13:00:00,CISO,California Independent System Operator,Demand,25296.0
2023-08-03 14:00:00,CISO,California Independent System Operator,Demand,25725.0
2023-08-03 15:00:00,CISO,California Independent System Operator,Demand,26379.0
2023-08-03 16:00:00,CISO,California Independent System Operator,Demand,27739.0
2023-08-03 17:00:00,CISO,California Independent System Operator,Demand,28371.0
2023-08-03 18:00:00,CISO,California Independent System Operator,Demand,27795.0
2023-08-03 19:00:00,CISO,California Independent System Operator,Demand,27580.0
2023-08-03 20:00:00,CISO,California Independent System Operator,Demand,27404.0
2023-08-03 21:00:00,CISO,California Independent System Operator,Demand,27422.0
2023-08-03 22:00:00,CISO,California Independent System Operator,Demand,28378.0
2023-08-03 23:00:00,CISO,California Independent System Operator,Demand,29388.0
2023-08-04 00:00:00,CISO,California Independent System Operator,Demand,30836.0
2023-08-04 01:00:00,CISO,California Independent System Operator,Demand,32478.0
2023-08-04 02:00:00,CISO,California Independent System Operator,Demand,34157.0
2023-08-04 03:00:00,CISO,California Independent System Operator,Demand,35098.0
2023-08-04 04:00:00,CISO,California Independent System Operator,Demand,34828.0
2023-08-04 05:00:00,CISO,California Independent System Operator,Demand,34292.0
2023-08-04 06:00:00,CISO,California Independent System Operator,Demand,32999.0
2023-08-04 07:00:00,CISO,California Independent System Operator,Demand,31198.0
2023-08-04 08:00:00,CISO,California Independent System Operator,Demand,29032.0
2023-08-04 09:00:00,CISO,California Independent System Operator,Demand,27193.0
2023-08-04 10:00:00,CISO,California Independent System Operator,Demand,25865.0
2023-08-04 11:00:00,CISO,California Independent System Operator,Demand,24893.0
2023-08-04 12:00:00,CISO,California Independent System Operator,Demand,24300.0
2023-08-04 13:00:00,CISO,California Independent System Operator,Demand,24074.0
2023-08-04 14:00:00,CISO,California Independent System Operator,Demand,24812.0
2023-08-04 15:00:00,CISO,California Independent System Operator,Demand,25757.0
2023-08-04 16:00:00,CISO,California Independent System Operator,Demand,27445.0
2023-08-04 17:00:00,CISO,California Independent System Operator,Demand,28261.0
2023-08-04 18:00:00,CISO,California Independent System Operator,Demand,27921.0
2023-08-04 19:00:00,CISO,California Independent System Operator,Demand,26843.0
2023-08-04 20:00:00,CISO,California Independent System Operator,Demand,26739.0
2023-08-04 21:00:00,CISO,California Independent System Operator,Demand,26939.0
2023-08-04 22:00:00,CISO,California Independent System Operator,Demand,28209.0
2023-08-04 23:00:00,CISO,California Independent System Operator,Demand,29676.0
2023-08-05 00:00:00,CISO,California Independent System Operator,Demand,31755.0
2023-08-05 01:00:00,CISO,California Independent System Operator,Demand,33922.0
2023-08-05 02:00:00,CISO,California Independent System Operator,Demand,35773.0
2023-08-05 03:00:00,CISO,California Independent System Operator,Demand,36571.0
2023-08-05 04:00:00,CISO,California Independent System Operator,Demand,36089.0
2023-08-05 05:00:00,CISO,California Independent System Operator,Demand,35212.0
2023-08-05 06:00:00,CISO,California Independent System Operator,Demand,33964.0
2023-08-05 07:00:00,CISO,California Independent System Operator,Demand,31869.0
2023-08-05 08:00:00,CISO,California Independent System Operator,Demand,29768.0
2023-08-05 09:00:00,CISO,California Independent System Operator,Demand,27932.0
2023-08-05 10:00:00,CISO,California Independent System Operator,Demand,26339.0
2023-08-05 11:00:00,CISO,California Independent System Operator,Demand,25291.0
2023-08-05 12:00:00,CISO,California Independent System Operator,Demand,24289.0
2023-08-05 13:00:00,CISO,California Independent System Operator,Demand,24046.0
2023-08-05 14:00:00,CISO,California Independent System Operator,Demand,24222.0
2023-08-05 15:00:00,CISO,California Independent System Operator,Demand,24174.0
2023-08-05 16:00:00,CISO,California Independent System Operator,Demand,25200.0
2023-08-05 17:00:00,CISO,California Independent System Operator,Demand,26764.0
2023-08-05 18:00:00,CISO,California Independent System Operator,Demand,26196.0
2023-08-05 19:00:00,CISO,California Independent System Operator,Demand,26037.0
2023-08-05 20:00:00,CISO,California Independent System Operator,Demand,26264.0
2023-08-05 21:00:00,CISO,California Independent System Operator,Demand,26896.0
2023-08-05 22:00:00,CISO,California Independent System Operator,Demand,28393.0
2023-08-05 23:00:00,CISO,California Independent System Operator,Demand,30241.0
2023-08-06 00:00:00,CISO,California Independent System Operator,Demand,32234.0
2023-08-06 01:00:00,CISO,California Independent System Operator,Demand,34448.0
2023-08-06 02:00:00,CISO,California Independent System Operator,Demand,36289.0
2023-08-06 03:00:00,CISO,California Independent System Operator,Demand,37457.0
2023-08-06 04:00:00,CISO,California Independent System Operator,Demand,36854.0
2023-08-06 05:00:00,CISO,California Independent System Operator,Demand,35698.0
2023-08-06 06:00:00,CISO,California Independent System Operator,Demand,34033.0
2023-08-06 07:00:00,CISO,California Independent System Operator,Demand,31885.0
2023-08-06 08:00:00,CISO,California Independent System Operator,Demand,29713.0
2023-08-06 09:00:00,CISO,California Independent System Operator,Demand,28243.0
2023-08-06 10:00:00,CISO,California Independent System Operator,Demand,26644.0
2023-08-06 11:00:00,CISO,California Independent System Operator,Demand,25339.0
2023-08-06 12:00:00,CISO,California Independent System Operator,Demand,24227.0
2023-08-06 13:00:00,CISO,California Independent System Operator,Demand,23590.0
2023-08-06 14:00:00,CISO,California Independent System Operator,Demand,23374.0
2023-08-06 15:00:00,CISO,California Independent System Operator,Demand,23451.0
2023-08-06 16:00:00,CISO,California Independent System Operator,Demand,25316.0
2023-08-06 17:00:00,CISO,California Independent System Operator,Demand,25933.0
2023-08-06 18:00:00,CISO,California Independent System Operator,Demand,25555.0
2023-08-06 19:00:00,CISO,California Independent System Operator,Demand,26061.0
2023-08-06 20:00:00,CISO,California Independent System Operator,Demand,26691.0
2023-08-06 21:00:00,CISO,California Independent System Operator,Demand,27533.0
2023-08-06 22:00:00,CISO,California Independent System Operator,Demand,29417.0
2023-08-06 23:00:00,CISO,California Independent System Operator,Demand,31471.0
2023-08-07 00:00:00,CISO,California Independent System Operator,Demand,33751.0
2023-08-07 01:00:00,CISO,California Independent System Operator,Demand,35532.0
2023-08-07 02:00:00,CISO,California Independent System Operator,Demand,37642.0
2023-08-07 03:00:00,CISO,California Independent System Operator,Demand,38973.0
2023-08-07 04:00:00,CISO,California Independent System Operator,Demand,38455.0
2023-08-07 05:00:00,CISO,California Independent System Operator,Demand,37242.0
2023-08-07 06:00:00,CISO,California Independent System Operator,Demand,35485.0
2023-08-07 07:00:00,CISO,California Independent System Operator,Demand,32736.0
2023-08-07 08:00:00,CISO,California Independent System Operator,Demand,30070.0
2023-08-07 09:00:00,CISO,California Independent System Operator,Demand,28182.0
2023-08-07 10:00:00,CISO,California Independent System Operator,Demand,26602.0
2023-08-07 11:00:00,CISO,California Independent System Operator,Demand,25354.0
2023-08-07 12:00:00,CISO,California Independent System Operator,Demand,24970.0
2023-08-07 13:00:00,CISO,California Independent System Operator,Demand,24803.0
2023-08-07 14:00:00,CISO,California Independent System Operator,Demand,25621.0
2023-08-07 15:00:00,CISO,California Independent System Operator,Demand,26778.0
2023-08-07 16:00:00,CISO,California Independent System Operator,Demand,28839.0
2023-08-07 17:00:00,CISO,California Independent System Operator,Demand,30407.0
2023-08-07 18:00:00,CISO,California Independent System Operator,Demand,30716.0
2023-08-07 19:00:00,CISO,California Independent System Operator,Demand,30575.0
2023-08-07 20:00:00,CISO,California Independent System Operator,Demand,31248.0
2023-08-07 21:00:00,CISO,California Independent System Operator,Demand,32042.0
2023-08-07 22:00:00,CISO,California Independent System Operator,Demand,33603.0
2023-08-07 23:00:00,CISO,California Independent System Operator,Demand,35579.0
2023-08-08 00:00:00,CISO,California Independent System Operator,Demand,37537.0
2023-08-08 01:00:00,CISO,California Independent System Operator,Demand,38997.0
2023-08-08 02:00:00,CISO,California Independent System Operator,Demand,40399.0
2023-08-08 03:00:00,CISO,California Independent System Operator,Demand,40460.0
2023-08-08 04:00:00,CISO,California Independent System Operator,Demand,39317.0
2023-08-08 05:00:00,CISO,California Independent System Operator,Demand,37986.0
2023-08-08 06:00:00,CISO,California Independent System Operator,Demand,35996.0
2023-08-08 07:00:00,CISO,California Independent System Operator,Demand,33075.0
2023-08-08 08:00:00,CISO,California Independent System Operator,Demand,30499.0
2023-08-08 09:00:00,CISO,California Independent System Operator,Demand,28808.0
2023-08-08 10:00:00,CISO,California Independent System Operator,Demand,27104.0
2023-08-08 11:00:00,CISO,California Independent System Operator,Demand,25872.0
2023-08-08 12:00:00,CISO,California Independent System Operator,Demand,25578.0
2023-08-08 13:00:00,CISO,California Independent System Operator,Demand,25189.0
2023-08-08 14:00:00,CISO,California Independent System Operator,Demand,25624.0
2023-08-08 15:00:00,CISO,California Independent System Operator,Demand,26552.0
2023-08-08 16:00:00,CISO,California Independent System Operator,Demand,28634.0
2023-08-08 17:00:00,CISO,California Independent System Operator,Demand,29919.0
2023-08-08 18:00:00,CISO,California Independent System Operator,Demand,29982.0
2023-08-08 19:00:00,CISO,California Independent System Operator,Demand,29384.0
2023-08-08 20:00:00,CISO,California Independent System Operator,Demand,29761.0
2023-08-08 21:00:00,CISO,California Independent System Operator,Demand,30088.0
2023-08-08 22:00:00,CISO,California Independent System Operator,Demand,31441.0
2023-08-08 23:00:00,CISO,California Independent System Operator,Demand,33563.0
2023-08-09 00:00:00,CISO,California Independent System Operator,Demand,34946.0
2023-08-09 01:00:00,CISO,California Independent System Operator,Demand,35595.0
2023-08-09 02:00:00,CISO,California Independent System Operator,Demand,36582.0
2023-08-09 03:00:00,CISO,California Independent System Operator,Demand,37115.0
2023-08-09 04:00:00,CISO,California Independent System Operator,Demand,36729.0
2023-08-09 05:00:00,CISO,California Independent System Operator,Demand,36022.0
2023-08-09 06:00:00,CISO,California Independent System Operator,Demand,34678.0
2023-08-09 07:00:00,CISO,California Independent System Operator,Demand,32326.0
2023-08-09 08:00:00,CISO,California Independent System Operator,Demand,30090.0
2023-08-09 09:00:00,CISO,California Independent System Operator,Demand,28602.0
2023-08-09 10:00:00,CISO,California Independent System Operator,Demand,26949.0
2023-08-09 11:00:00,CISO,California Independent System Operator,Demand,25758.0
2023-08-09 12:00:00,CISO,California Independent System Operator,Demand,25748.0
2023-08-09 13:00:00,CISO,California Independent System Operator,Demand,25257.0
2023-08-09 14:00:00,CISO,California Independent System Operator,Demand,26103.0
2023-08-09 15:00:00,CISO,California Independent System Operator,Demand,27066.0
2023-08-09 16:00:00,CISO,California Independent System Operator,Demand,28193.0
2023-08-09 17:00:00,CISO,California Independent System Operator,Demand,28814.0
2023-08-09 18:00:00,CISO,California Independent System Operator,Demand,29357.0
2023-08-09 19:00:00,CISO,California Independent System Operator,Demand,29571.0
2023-08-09 20:00:00,CISO,California Independent System Operator,Demand,29620.0
2023-08-09 21:00:00,CISO,California Independent System Operator,Demand,29594.0
2023-08-09 22:00:00,CISO,California Independent System Operator,Demand,30068.0
2023-08-09 23:00:00,CISO,California Independent System Operator,Demand,31820.0
2023-08-10 00:00:00,CISO,California Independent System Operator,Demand,33799.0
2023-08-10 01:00:00,CISO,California Independent System Operator,Demand,35188.0
2023-08-10 02:00:00,CISO,California Independent System Operator,Demand,35674.0
2023-08-10 03:00:00,CISO,California Independent System Operator,Demand,35806.0
2023-08-10 04:00:00,CISO,California Independent System Operator,Demand,35436.0
2023-08-10 05:00:00,CISO,California Independent System Operator,Demand,35014.0
2023-08-10 06:00:00,CISO,California Independent System Operator,Demand,33729.0
2023-08-10 07:00:00,CISO,California Independent System Operator,Demand,31798.0
2023-08-10 08:00:00,CISO,California Independent System Operator,Demand,29654.0
2023-08-10 09:00:00,CISO,California Independent System Operator,Demand,28110.0
2023-08-10 10:00:00,CISO,California Independent System Operator,Demand,26557.0
2023-08-10 11:00:00,CISO,California Independent System Operator,Demand,25581.0
2023-08-10 12:00:00,CISO,California Independent System Operator,Demand,25395.0
2023-08-10 13:00:00,CISO,California Independent System Operator,Demand,25088.0
2023-08-10 14:00:00,CISO,California Independent System Operator,Demand,25944.0
2023-08-10 15:00:00,CISO,California Independent System Operator,Demand,27209.0
2023-08-10 16:00:00,CISO,California Independent System Operator,Demand,28094.0
2023-08-10 17:00:00,CISO,California Independent System Operator,Demand,29098.0
2023-08-10 18:00:00,CISO,California Independent System Operator,Demand,29357.0
2023-08-10 19:00:00,CISO,California Independent System Operator,Demand,29103.0
2023-08-10 20:00:00,CISO,California Independent System Operator,Demand,28610.0
2023-08-10 21:00:00,CISO,California Independent System Operator,Demand,28638.0
2023-08-10 22:00:00,CISO,California Independent System Operator,Demand,29354.0
2023-08-10 23:00:00,CISO,California Independent System Operator,Demand,30175.0
2023-08-11 00:00:00,CISO,California Independent System Operator,Demand,31607.0
2023-08-11 01:00:00,CISO,California Independent System Operator,Demand,33056.0
2023-08-11 02:00:00,CISO,California Independent System Operator,Demand,34324.0
2023-08-11 03:00:00,CISO,California Independent System Operator,Demand,34543.0
2023-08-11 04:00:00,CISO,California Independent System Operator,Demand,34229.0
2023-08-11 05:00:00,CISO,California Independent System Operator,Demand,33942.0
2023-08-11 06:00:00,CISO,California Independent System Operator,Demand,32959.0
2023-08-11 07:00:00,CISO,California Independent System Operator,Demand,31232.0
2023-08-11 08:00:00,CISO,California Independent System Operator,Demand,29145.0
2023-08-11 09:00:00,CISO,California Independent System Operator,Demand,27750.0
2023-08-11 10:00:00,CISO,California Independent System Operator,Demand,26389.0
2023-08-11 11:00:00,CISO,California Independent System Operator,Demand,25193.0
2023-08-11 12:00:00,CISO,California Independent System Operator,Demand,24799.0
2023-08-11 13:00:00,CISO,California Independent System Operator,Demand,24851.0
2023-08-11 14:00:00,CISO,California Independent System Operator,Demand,25677.0
2023-08-11 15:00:00,CISO,California Independent System Operator,Demand,26783.0
2023-08-11 16:00:00,CISO,California Independent System Operator,Demand,28441.0
2023-08-11 17:00:00,CISO,California Independent System Operator,Demand,29338.0
2023-08-11 18:00:00,CISO,California Independent System Operator,Demand,29136.0
2023-08-11 19:00:00,CISO,California Independent System Operator,Demand,28627.0
2023-08-11 20:00:00,CISO,California Independent System Operator,Demand,28590.0
2023-08-11 21:00:00,CISO,California Independent System Operator,Demand,28171.0
2023-08-11 22:00:00,CISO,California Independent System Operator,Demand,28654.0
2023-08-11 23:00:00,CISO,California Independent System Operator,Demand,30181.0
2023-08-12 00:00:00,CISO,California Independent System Operator,Demand,31774.0
2023-08-12 01:00:00,CISO,California Independent System Operator,Demand,33271.0
2023-08-12 02:00:00,CISO,California Independent System Operator,Demand,34422.0
2023-08-12 03:00:00,CISO,California Independent System Operator,Demand,34887.0
2023-08-12 04:00:00,CISO,California Independent System Operator,Demand,34588.0
2023-08-12 05:00:00,CISO,California Independent System Operator,Demand,33974.0
2023-08-12 06:00:00,CISO,California Independent System Operator,Demand,32866.0
2023-08-12 07:00:00,CISO,California Independent System Operator,Demand,31015.0
2023-08-12 08:00:00,CISO,California Independent System Operator,Demand,28876.0
2023-08-12 09:00:00,CISO,California Independent System Operator,Demand,27528.0
2023-08-12 10:00:00,CISO,California Independent System Operator,Demand,26100.0
2023-08-12 11:00:00,CISO,California Independent System Operator,Demand,24908.0
2023-08-12 12:00:00,CISO,California Independent System Operator,Demand,24043.0
2023-08-12 13:00:00,CISO,California Independent System Operator,Demand,23637.0
2023-08-12 14:00:00,CISO,California Independent System Operator,Demand,23754.0
2023-08-12 15:00:00,CISO,California Independent System Operator,Demand,23883.0
2023-08-12 16:00:00,CISO,California Independent System Operator,Demand,25262.0
2023-08-12 17:00:00,CISO,California Independent System Operator,Demand,26251.0
2023-08-12 18:00:00,CISO,California Independent System Operator,Demand,26513.0
2023-08-12 19:00:00,CISO,California Independent System Operator,Demand,26012.0
2023-08-12 20:00:00,CISO,California Independent System Operator,Demand,25808.0
2023-08-12 21:00:00,CISO,California Independent System Operator,Demand,26028.0
2023-08-12 22:00:00,CISO,California Independent System Operator,Demand,26950.0
2023-08-12 23:00:00,CISO,California Independent System Operator,Demand,28345.0
2023-08-13 00:00:00,CISO,California Independent System Operator,Demand,30333.0
2023-08-13 01:00:00,CISO,California Independent System Operator,Demand,32162.0
2023-08-13 02:00:00,CISO,California Independent System Operator,Demand,33973.0
2023-08-13 03:00:00,CISO,California Independent System Operator,Demand,35169.0
2023-08-13 04:00:00,CISO,California Independent System Operator,Demand,34983.0
2023-08-13 05:00:00,CISO,California Independent System Operator,Demand,34164.0
2023-08-13 06:00:00,CISO,California Independent System Operator,Demand,32936.0
2023-08-13 07:00:00,CISO,California Independent System Operator,Demand,30984.0
2023-08-13 08:00:00,CISO,California Independent System Operator,Demand,29056.0
2023-08-13 09:00:00,CISO,California Independent System Operator,Demand,27378.0
2023-08-13 10:00:00,CISO,California Independent System Operator,Demand,26183.0
2023-08-13 11:00:00,CISO,California Independent System Operator,Demand,25017.0
2023-08-13 12:00:00,CISO,California Independent System Operator,Demand,24569.0
2023-08-13 13:00:00,CISO,California Independent System Operator,Demand,23796.0
2023-08-13 14:00:00,CISO,California Independent System Operator,Demand,23669.0
2023-08-13 15:00:00,CISO,California Independent System Operator,Demand,23119.0
2023-08-13 16:00:00,CISO,California Independent System Operator,Demand,23800.0
2023-08-13 17:00:00,CISO,California Independent System Operator,Demand,24905.0
2023-08-13 18:00:00,CISO,California Independent System Operator,Demand,24813.0
2023-08-13 19:00:00,CISO,California Independent System Operator,Demand,24695.0
2023-08-13 20:00:00,CISO,California Independent System Operator,Demand,25217.0
2023-08-13 21:00:00,CISO,California Independent System Operator,Demand,26024.0
2023-08-13 22:00:00,CISO,California Independent System Operator,Demand,27421.0
2023-08-13 23:00:00,CISO,California Independent System Operator,Demand,29348.0
2023-08-14 00:00:00,CISO,California Independent System Operator,Demand,31734.0
2023-08-14 01:00:00,CISO,California Independent System Operator,Demand,33628.0
2023-08-14 02:00:00,CISO,California Independent System Operator,Demand,35514.0
2023-08-14 03:00:00,CISO,California Independent System Operator,Demand,36284.0
2023-08-14 04:00:00,CISO,California Independent System Operator,Demand,35884.0
2023-08-14 05:00:00,CISO,California Independent System Operator,Demand,35171.0
2023-08-14 06:00:00,CISO,California Independent System Operator,Demand,33993.0
2023-08-14 07:00:00,CISO,California Independent System Operator,Demand,31564.0
2023-08-14 08:00:00,CISO,California Independent System Operator,Demand,29205.0
2023-08-14 09:00:00,CISO,California Independent System Operator,Demand,27495.0
2023-08-14 10:00:00,CISO,California Independent System Operator,Demand,26609.0
2023-08-14 11:00:00,CISO,California Independent System Operator,Demand,26373.0
2023-08-14 12:00:00,CISO,California Independent System Operator,Demand,25420.0
2023-08-14 13:00:00,CISO,California Independent System Operator,Demand,25269.0
2023-08-14 14:00:00,CISO,California Independent System Operator,Demand,25840.0
2023-08-14 15:00:00,CISO,California Independent System Operator,Demand,27491.0
2023-08-14 16:00:00,CISO,California Independent System Operator,Demand,29154.0
2023-08-14 17:00:00,CISO,California Independent System Operator,Demand,31132.0
2023-08-14 18:00:00,CISO,California Independent System Operator,Demand,31632.0
2023-08-14 19:00:00,CISO,California Independent System Operator,Demand,31705.0
2023-08-14 20:00:00,CISO,California Independent System Operator,Demand,32145.0
2023-08-14 21:00:00,CISO,California Independent System Operator,Demand,32945.0
2023-08-14 22:00:00,CISO,California Independent System Operator,Demand,34205.0
2023-08-14 23:00:00,CISO,California Independent System Operator,Demand,35946.0
2023-08-15 00:00:00,CISO,California Independent System Operator,Demand,37852.0
2023-08-15 01:00:00,CISO,California Independent System Operator,Demand,39492.0
2023-08-15 02:00:00,CISO,California Independent System Operator,Demand,40866.0
2023-08-15 03:00:00,CISO,California Independent System Operator,Demand,41273.0
2023-08-15 04:00:00,CISO,California Independent System Operator,Demand,40310.0
2023-08-15 05:00:00,CISO,California Independent System Operator,Demand,39010.0
2023-08-15 06:00:00,CISO,California Independent System Operator,Demand,37138.0
2023-08-15 07:00:00,CISO,California Independent System Operator,Demand,34526.0
2023-08-15 08:00:00,CISO,California Independent System Operator,Demand,31717.0
2023-08-15 09:00:00,CISO,California Independent System Operator,Demand,29532.0
2023-08-15 10:00:00,CISO,California Independent System Operator,Demand,27814.0
2023-08-15 11:00:00,CISO,California Independent System Operator,Demand,26965.0
2023-08-15 12:00:00,CISO,California Independent System Operator,Demand,26492.0
2023-08-15 13:00:00,CISO,California Independent System Operator,Demand,26509.0
2023-08-15 14:00:00,CISO,California Independent System Operator,Demand,26852.0
2023-08-15 15:00:00,CISO,California Independent System Operator,Demand,28575.0
2023-08-15 16:00:00,CISO,California Independent System Operator,Demand,30476.0
2023-08-15 17:00:00,CISO,California Independent System Operator,Demand,32093.0
2023-08-15 18:00:00,CISO,California Independent System Operator,Demand,32218.0
2023-08-15 19:00:00,CISO,California Independent System Operator,Demand,32095.0
2023-08-15 20:00:00,CISO,California Independent System Operator,Demand,32845.0
2023-08-15 21:00:00,CISO,California Independent System Operator,Demand,33989.0
2023-08-15 22:00:00,CISO,California Independent System Operator,Demand,35767.0
2023-08-15 23:00:00,CISO,California Independent System Operator,Demand,37913.0
2023-08-16 00:00:00,CISO,California Independent System Operator,Demand,40121.0
2023-08-16 01:00:00,CISO,California Independent System Operator,Demand,42080.0
2023-08-16 02:00:00,CISO,California Independent System Operator,Demand,43006.0
2023-08-16 03:00:00,CISO,California Independent System Operator,Demand,43056.0
2023-08-16 04:00:00,CISO,California Independent System Operator,Demand,42152.0
2023-08-16 05:00:00,CISO,California Independent System Operator,Demand,40893.0
2023-08-16 06:00:00,CISO,California Independent System Operator,Demand,38937.0
2023-08-16 07:00:00,CISO,California Independent System Operator,Demand,35881.0
2023-08-16 08:00:00,CISO,California Independent System Operator,Demand,33038.0
2023-08-16 09:00:00,CISO,California Independent System Operator,Demand,31607.0
2023-08-16 10:00:00,CISO,California Independent System Operator,Demand,30352.0
2023-08-16 11:00:00,CISO,California Independent System Operator,Demand,29168.0
2023-08-16 12:00:00,CISO,California Independent System Operator,Demand,28423.0
2023-08-16 13:00:00,CISO,California Independent System Operator,Demand,28190.0
2023-08-16 14:00:00,CISO,California Independent System Operator,Demand,27945.0
2023-08-16 15:00:00,CISO,California Independent System Operator,Demand,28834.0
2023-08-16 16:00:00,CISO,California Independent System Operator,Demand,30808.0
2023-08-16 17:00:00,CISO,California Independent System Operator,Demand,32612.0
2023-08-16 18:00:00,CISO,California Independent System Operator,Demand,33142.0
2023-08-16 19:00:00,CISO,California Independent System Operator,Demand,33132.0
2023-08-16 20:00:00,CISO,California Independent System Operator,Demand,34596.0
2023-08-16 21:00:00,CISO,California Independent System Operator,Demand,35914.0
2023-08-16 22:00:00,CISO,California Independent System Operator,Demand,37478.0
2023-08-16 23:00:00,CISO,California Independent System Operator,Demand,39656.0
2023-08-17 00:00:00,CISO,California Independent System Operator,Demand,41603.0
2023-08-17 01:00:00,CISO,California Independent System Operator,Demand,43016.0
2023-08-17 02:00:00,CISO,California Independent System Operator,Demand,44007.0
2023-08-17 03:00:00,CISO,California Independent System Operator,Demand,43515.0
2023-08-17 04:00:00,CISO,California Independent System Operator,Demand,42110.0
2023-08-17 05:00:00,CISO,California Independent System Operator,Demand,41016.0
2023-08-17 06:00:00,CISO,California Independent System Operator,Demand,39299.0
2023-08-17 07:00:00,CISO,California Independent System Operator,Demand,36215.0
2023-08-17 08:00:00,CISO,California Independent System Operator,Demand,33162.0
2023-08-17 09:00:00,CISO,California Independent System Operator,Demand,30940.0
2023-08-17 10:00:00,CISO,California Independent System Operator,Demand,29389.0
2023-08-17 11:00:00,CISO,California Independent System Operator,Demand,28169.0
2023-08-17 12:00:00,CISO,California Independent System Operator,Demand,27257.0
2023-08-17 13:00:00,CISO,California Independent System Operator,Demand,26941.0
2023-08-17 14:00:00,CISO,California Independent System Operator,Demand,27552.0
2023-08-17 15:00:00,CISO,California Independent System Operator,Demand,29154.0
2023-08-17 16:00:00,CISO,California Independent System Operator,Demand,31930.0
2023-08-17 17:00:00,CISO,California Independent System Operator,Demand,33359.0
2023-08-17 18:00:00,CISO,California Independent System Operator,Demand,33803.0
2023-08-17 19:00:00,CISO,California Independent System Operator,Demand,34050.0
2023-08-17 20:00:00,CISO,California Independent System Operator,Demand,33798.0
2023-08-17 21:00:00,CISO,California Independent System Operator,Demand,34835.0
2023-08-17 22:00:00,CISO,California Independent System Operator,Demand,36502.0
2023-08-17 23:00:00,CISO,California Independent System Operator,Demand,38131.0
2023-08-18 00:00:00,CISO,California Independent System Operator,Demand,40130.0
2023-08-18 01:00:00,CISO,California Independent System Operator,Demand,41315.0
2023-08-18 02:00:00,CISO,California Independent System Operator,Demand,42249.0
2023-08-18 03:00:00,CISO,California Independent System Operator,Demand,41997.0
2023-08-18 04:00:00,CISO,California Independent System Operator,Demand,40688.0
2023-08-18 05:00:00,CISO,California Independent System Operator,Demand,38981.0
2023-08-18 06:00:00,CISO,California Independent System Operator,Demand,36847.0
2023-08-18 07:00:00,CISO,California Independent System Operator,Demand,34157.0
2023-08-18 08:00:00,CISO,California Independent System Operator,Demand,31438.0
2023-08-18 09:00:00,CISO,California Independent System Operator,Demand,29887.0
2023-08-18 10:00:00,CISO,California Independent System Operator,Demand,28347.0
2023-08-18 11:00:00,CISO,California Independent System Operator,Demand,27013.0
2023-08-18 12:00:00,CISO,California Independent System Operator,Demand,26239.0
2023-08-18 13:00:00,CISO,California Independent System Operator,Demand,26278.0
2023-08-18 14:00:00,CISO,California Independent System Operator,Demand,26665.0
2023-08-18 15:00:00,CISO,California Independent System Operator,Demand,27581.0
2023-08-18 16:00:00,CISO,California Independent System Operator,Demand,29469.0
2023-08-18 17:00:00,CISO,California Independent System Operator,Demand,31251.0
2023-08-18 18:00:00,CISO,California Independent System Operator,Demand,31196.0
2023-08-18 19:00:00,CISO,California Independent System Operator,Demand,30479.0
2023-08-18 20:00:00,CISO,California Independent System Operator,Demand,30520.0
2023-08-18 21:00:00,CISO,California Independent System Operator,Demand,31058.0
2023-08-18 22:00:00,CISO,California Independent System Operator,Demand,32036.0
2023-08-18 23:00:00,CISO,California Independent System Operator,Demand,33722.0
2023-08-19 00:00:00,CISO,California Independent System Operator,Demand,35532.0
2023-08-19 01:00:00,CISO,California Independent System Operator,Demand,37244.0
2023-08-19 02:00:00,CISO,California Independent System Operator,Demand,38495.0
2023-08-19 03:00:00,CISO,California Independent System Operator,Demand,38596.0
2023-08-19 04:00:00,CISO,California Independent System Operator,Demand,37526.0
2023-08-19 05:00:00,CISO,California Independent System Operator,Demand,36188.0
2023-08-19 06:00:00,CISO,California Independent System Operator,Demand,34574.0
2023-08-19 07:00:00,CISO,California Independent System Operator,Demand,32277.0
2023-08-19 08:00:00,CISO,California Independent System Operator,Demand,30152.0
2023-08-19 09:00:00,CISO,California Independent System Operator,Demand,28576.0
2023-08-19 10:00:00,CISO,California Independent System Operator,Demand,26923.0
2023-08-19 11:00:00,CISO,California Independent System Operator,Demand,25675.0
2023-08-19 12:00:00,CISO,California Independent System Operator,Demand,24623.0
2023-08-19 13:00:00,CISO,California Independent System Operator,Demand,24372.0
2023-08-19 14:00:00,CISO,California Independent System Operator,Demand,24426.0
2023-08-19 15:00:00,CISO,California Independent System Operator,Demand,24323.0
2023-08-19 16:00:00,CISO,California Independent System Operator,Demand,25249.0
2023-08-19 17:00:00,CISO,California Independent System Operator,Demand,26158.0
2023-08-19 18:00:00,CISO,California Independent System Operator,Demand,25516.0
2023-08-19 19:00:00,CISO,California Independent System Operator,Demand,25691.0
2023-08-19 20:00:00,CISO,California Independent System Operator,Demand,25779.0
2023-08-19 21:00:00,CISO,California Independent System Operator,Demand,25961.0
2023-08-19 22:00:00,CISO,California Independent System Operator,Demand,26997.0
2023-08-19 23:00:00,CISO,California Independent System Operator,Demand,28312.0
2023-08-20 00:00:00,CISO,California Independent System Operator,Demand,29986.0
2023-08-20 01:00:00,CISO,California Independent System Operator,Demand,31367.0
2023-08-20 02:00:00,CISO,California Independent System Operator,Demand,32270.0
2023-08-20 03:00:00,CISO,California Independent System Operator,Demand,32681.0
2023-08-20 04:00:00,CISO,California Independent System Operator,Demand,32543.0
2023-08-20 05:00:00,CISO,California Independent System Operator,Demand,32170.0
2023-08-20 06:00:00,CISO,California Independent System Operator,Demand,31433.0
2023-08-20 07:00:00,CISO,California Independent System Operator,Demand,29884.0
2023-08-20 08:00:00,CISO,California Independent System Operator,Demand,28359.0
2023-08-20 09:00:00,CISO,California Independent System Operator,Demand,27314.0
2023-08-20 10:00:00,CISO,California Independent System Operator,Demand,26110.0
2023-08-20 11:00:00,CISO,California Independent System Operator,Demand,25313.0
2023-08-20 12:00:00,CISO,California Independent System Operator,Demand,24926.0
2023-08-20 13:00:00,CISO,California Independent System Operator,Demand,24149.0
2023-08-20 14:00:00,CISO,California Independent System Operator,Demand,23752.0
2023-08-20 15:00:00,CISO,California Independent System Operator,Demand,23832.0
2023-08-20 16:00:00,CISO,California Independent System Operator,Demand,24231.0
2023-08-20 17:00:00,CISO,California Independent System Operator,Demand,25070.0
2023-08-20 18:00:00,CISO,California Independent System Operator,Demand,25210.0
2023-08-20 19:00:00,CISO,California Independent System Operator,Demand,25880.0
2023-08-20 20:00:00,CISO,California Independent System Operator,Demand,26664.0
2023-08-20 21:00:00,CISO,California Independent System Operator,Demand,27428.0
2023-08-20 22:00:00,CISO,California Independent System Operator,Demand,27790.0
2023-08-20 23:00:00,CISO,California Independent System Operator,Demand,28521.0
2023-08-21 00:00:00,CISO,California Independent System Operator,Demand,29478.0
2023-08-21 01:00:00,CISO,California Independent System Operator,Demand,29582.0
2023-08-21 02:00:00,CISO,California Independent System Operator,Demand,30084.0
2023-08-21 03:00:00,CISO,California Independent System Operator,Demand,30574.0
2023-08-21 04:00:00,CISO,California Independent System Operator,Demand,30574.0
2023-08-21 05:00:00,CISO,California Independent System Operator,Demand,30439.0
2023-08-21 06:00:00,CISO,California Independent System Operator,Demand,29528.0
2023-08-21 07:00:00,CISO,California Independent System Operator,Demand,28090.0
2023-08-21 08:00:00,CISO,California Independent System Operator,Demand,26460.0
2023-08-21 09:00:00,CISO,California Independent System Operator,Demand,24673.0
2023-08-21 10:00:00,CISO,California Independent System Operator,Demand,23430.0
2023-08-21 11:00:00,CISO,California Independent System Operator,Demand,23050.0
2023-08-21 12:00:00,CISO,California Independent System Operator,Demand,22762.0
2023-08-21 13:00:00,CISO,California Independent System Operator,Demand,23066.0
2023-08-21 14:00:00,CISO,California Independent System Operator,Demand,24227.0
2023-08-21 15:00:00,CISO,California Independent System Operator,Demand,25678.0
2023-08-21 16:00:00,CISO,California Independent System Operator,Demand,26913.0
2023-08-21 17:00:00,CISO,California Independent System Operator,Demand,27747.0
2023-08-21 18:00:00,CISO,California Independent System Operator,Demand,27724.0
2023-08-21 19:00:00,CISO,California Independent System Operator,Demand,27264.0
2023-08-21 20:00:00,CISO,California Independent System Operator,Demand,26649.0
2023-08-21 21:00:00,CISO,California Independent System Operator,Demand,26921.0
2023-08-21 22:00:00,CISO,California Independent System Operator,Demand,28067.0
2023-08-21 23:00:00,CISO,California Independent System Operator,Demand,29228.0
2023-08-22 00:00:00,CISO,California Independent System Operator,Demand,29661.0
2023-08-22 01:00:00,CISO,California Independent System Operator,Demand,29907.0
2023-08-22 02:00:00,CISO,California Independent System Operator,Demand,31516.0
2023-08-22 03:00:00,CISO,California Independent System Operator,Demand,32117.0
2023-08-22 04:00:00,CISO,California Independent System Operator,Demand,32205.0
2023-08-22 05:00:00,CISO,California Independent System Operator,Demand,31875.0
2023-08-22 06:00:00,CISO,California Independent System Operator,Demand,30886.0
2023-08-22 07:00:00,CISO,California Independent System Operator,Demand,29176.0
2023-08-22 08:00:00,CISO,California Independent System Operator,Demand,26987.0
2023-08-22 09:00:00,CISO,California Independent System Operator,Demand,26099.0
2023-08-22 10:00:00,CISO,California Independent System Operator,Demand,25052.0
2023-08-22 11:00:00,CISO,California Independent System Operator,Demand,24106.0
2023-08-22 12:00:00,CISO,California Independent System Operator,Demand,23419.0
2023-08-22 13:00:00,CISO,California Independent System Operator,Demand,23475.0
2023-08-22 14:00:00,CISO,California Independent System Operator,Demand,24155.0
2023-08-22 15:00:00,CISO,California Independent System Operator,Demand,25668.0
2023-08-22 16:00:00,CISO,California Independent System Operator,Demand,26352.0
2023-08-22 17:00:00,CISO,California Independent System Operator,Demand,26779.0
2023-08-22 18:00:00,CISO,California Independent System Operator,Demand,26681.0
2023-08-22 19:00:00,CISO,California Independent System Operator,Demand,26556.0
2023-08-22 20:00:00,CISO,California Independent System Operator,Demand,26464.0
2023-08-22 21:00:00,CISO,California Independent System Operator,Demand,27185.0
2023-08-22 22:00:00,CISO,California Independent System Operator,Demand,28177.0
2023-08-22 23:00:00,CISO,California Independent System Operator,Demand,29153.0
2023-08-23 00:00:00,CISO,California Independent System Operator,Demand,31205.0
2023-08-23 01:00:00,CISO,California Independent System Operator,Demand,33658.0
2023-08-23 02:00:00,CISO,California Independent System Operator,Demand,35244.0
2023-08-23 03:00:00,CISO,California Independent System Operator,Demand,36136.0
2023-08-23 04:00:00,CISO,California Independent System Operator,Demand,35996.0
2023-08-23 05:00:00,CISO,California Independent System Operator,Demand,34632.0
2023-08-23 06:00:00,CISO,California Independent System Operator,Demand,33044.0
2023-08-23 07:00:00,CISO,California Independent System Operator,Demand,30837.0
2023-08-23 08:00:00,CISO,California Independent System Operator,Demand,28659.0
2023-08-23 09:00:00,CISO,California Independent System Operator,Demand,27136.0
2023-08-23 10:00:00,CISO,California Independent System Operator,Demand,25772.0
2023-08-23 11:00:00,CISO,California Independent System Operator,Demand,24940.0
2023-08-23 12:00:00,CISO,California Independent System Operator,Demand,24733.0
2023-08-23 13:00:00,CISO,California Independent System Operator,Demand,24598.0
2023-08-23 14:00:00,CISO,California Independent System Operator,Demand,24980.0
2023-08-23 15:00:00,CISO,California Independent System Operator,Demand,26092.0
2023-08-23 16:00:00,CISO,California Independent System Operator,Demand,26738.0
2023-08-23 17:00:00,CISO,California Independent System Operator,Demand,27829.0
2023-08-23 18:00:00,CISO,California Independent System Operator,Demand,28728.0
2023-08-23 19:00:00,CISO,California Independent System Operator,Demand,28608.0
2023-08-23 20:00:00,CISO,California Independent System Operator,Demand,28946.0
2023-08-23 21:00:00,CISO,California Independent System Operator,Demand,30221.0
2023-08-23 22:00:00,CISO,California Independent System Operator,Demand,31374.0
2023-08-23 23:00:00,CISO,California Independent System Operator,Demand,33463.0
2023-08-24 00:00:00,CISO,California Independent System Operator,Demand,35795.0
2023-08-24 01:00:00,CISO,California Independent System Operator,Demand,37593.0
2023-08-24 02:00:00,CISO,California Independent System Operator,Demand,39531.0
2023-08-24 03:00:00,CISO,California Independent System Operator,Demand,40090.0
2023-08-24 04:00:00,CISO,California Independent System Operator,Demand,38859.0
2023-08-24 05:00:00,CISO,California Independent System Operator,Demand,37357.0
2023-08-24 06:00:00,CISO,California Independent System Operator,Demand,35433.0
2023-08-24 07:00:00,CISO,California Independent System Operator,Demand,32605.0
2023-08-24 08:00:00,CISO,California Independent System Operator,Demand,30287.0
2023-08-24 09:00:00,CISO,California Independent System Operator,Demand,28543.0
2023-08-24 10:00:00,CISO,California Independent System Operator,Demand,27031.0
2023-08-24 11:00:00,CISO,California Independent System Operator,Demand,25807.0
2023-08-24 12:00:00,CISO,California Independent System Operator,Demand,25261.0
2023-08-24 13:00:00,CISO,California Independent System Operator,Demand,25322.0
2023-08-24 14:00:00,CISO,California Independent System Operator,Demand,25827.0
2023-08-24 15:00:00,CISO,California Independent System Operator,Demand,27217.0
2023-08-24 16:00:00,CISO,California Independent System Operator,Demand,28489.0
2023-08-24 17:00:00,CISO,California Independent System Operator,Demand,29409.0
2023-08-24 18:00:00,CISO,California Independent System Operator,Demand,30170.0
2023-08-24 19:00:00,CISO,California Independent System Operator,Demand,30871.0
2023-08-24 20:00:00,CISO,California Independent System Operator,Demand,31083.0
2023-08-24 21:00:00,CISO,California Independent System Operator,Demand,30962.0
2023-08-24 22:00:00,CISO,California Independent System Operator,Demand,31707.0
2023-08-24 23:00:00,CISO,California Independent System Operator,Demand,32940.0
2023-08-25 00:00:00,CISO,California Independent System Operator,Demand,34477.0
2023-08-25 01:00:00,CISO,California Independent System Operator,Demand,36295.0
2023-08-25 02:00:00,CISO,California Independent System Operator,Demand,37368.0
2023-08-25 03:00:00,CISO,California Independent System Operator,Demand,37623.0
2023-08-25 04:00:00,CISO,California Independent System Operator,Demand,36706.0
2023-08-25 05:00:00,CISO,California Independent System Operator,Demand,35426.0
2023-08-25 06:00:00,CISO,California Independent System Operator,Demand,33573.0
2023-08-25 07:00:00,CISO,California Independent System Operator,Demand,30984.0
2023-08-25 08:00:00,CISO,California Independent System Operator,Demand,28677.0
2023-08-25 09:00:00,CISO,California Independent System Operator,Demand,27024.0
2023-08-25 10:00:00,CISO,California Independent System Operator,Demand,25628.0
2023-08-25 11:00:00,CISO,California Independent System Operator,Demand,24548.0
2023-08-25 12:00:00,CISO,California Independent System Operator,Demand,23956.0
2023-08-25 13:00:00,CISO,California Independent System Operator,Demand,23942.0
2023-08-25 14:00:00,CISO,California Independent System Operator,Demand,24872.0
2023-08-25 15:00:00,CISO,California Independent System Operator,Demand,26112.0
2023-08-25 16:00:00,CISO,California Independent System Operator,Demand,26960.0
2023-08-25 17:00:00,CISO,California Independent System Operator,Demand,28720.0
2023-08-25 18:00:00,CISO,California Independent System Operator,Demand,29530.0
2023-08-25 19:00:00,CISO,California Independent System Operator,Demand,28632.0
2023-08-25 20:00:00,CISO,California Independent System Operator,Demand,27433.0
2023-08-25 21:00:00,CISO,California Independent System Operator,Demand,27883.0
2023-08-25 22:00:00,CISO,California Independent System Operator,Demand,28559.0
2023-08-25 23:00:00,CISO,California Independent System Operator,Demand,29746.0
2023-08-26 00:00:00,CISO,California Independent System Operator,Demand,31674.0
2023-08-26 01:00:00,CISO,California Independent System Operator,Demand,33661.0
2023-08-26 02:00:00,CISO,California Independent System Operator,Demand,35066.0
2023-08-26 03:00:00,CISO,California Independent System Operator,Demand,35841.0
2023-08-26 04:00:00,CISO,California Independent System Operator,Demand,34768.0
2023-08-26 05:00:00,CISO,California Independent System Operator,Demand,33701.0
2023-08-26 06:00:00,CISO,California Independent System Operator,Demand,32269.0
2023-08-26 07:00:00,CISO,California Independent System Operator,Demand,30079.0
2023-08-26 08:00:00,CISO,California Independent System Operator,Demand,27890.0
2023-08-26 09:00:00,CISO,California Independent System Operator,Demand,26464.0
2023-08-26 10:00:00,CISO,California Independent System Operator,Demand,25215.0
2023-08-26 11:00:00,CISO,California Independent System Operator,Demand,23764.0
2023-08-26 12:00:00,CISO,California Independent System Operator,Demand,23092.0
2023-08-26 13:00:00,CISO,California Independent System Operator,Demand,22706.0
2023-08-26 14:00:00,CISO,California Independent System Operator,Demand,22706.0
2023-08-26 15:00:00,CISO,California Independent System Operator,Demand,23126.0
2023-08-26 16:00:00,CISO,California Independent System Operator,Demand,23508.0
2023-08-26 17:00:00,CISO,California Independent System Operator,Demand,25303.0
2023-08-26 18:00:00,CISO,California Independent System Operator,Demand,24843.0
2023-08-26 19:00:00,CISO,California Independent System Operator,Demand,24499.0
2023-08-26 20:00:00,CISO,California Independent System Operator,Demand,23916.0
2023-08-26 21:00:00,CISO,California Independent System Operator,Demand,24422.0
2023-08-26 22:00:00,CISO,California Independent System Operator,Demand,24687.0
2023-08-26 23:00:00,CISO,California Independent System Operator,Demand,26269.0
2023-08-27 00:00:00,CISO,California Independent System Operator,Demand,28755.0
2023-08-27 01:00:00,CISO,California Independent System Operator,Demand,30769.0
2023-08-27 02:00:00,CISO,California Independent System Operator,Demand,32906.0
2023-08-27 03:00:00,CISO,California Independent System Operator,Demand,34435.0
2023-08-27 04:00:00,CISO,California Independent System Operator,Demand,33837.0
2023-08-27 05:00:00,CISO,California Independent System Operator,Demand,32690.0
2023-08-27 06:00:00,CISO,California Independent System Operator,Demand,31298.0
2023-08-27 07:00:00,CISO,California Independent System Operator,Demand,29171.0
2023-08-27 08:00:00,CISO,California Independent System Operator,Demand,27162.0
2023-08-27 09:00:00,CISO,California Independent System Operator,Demand,25673.0
2023-08-27 10:00:00,CISO,California Independent System Operator,Demand,24216.0
2023-08-27 11:00:00,CISO,California Independent System Operator,Demand,23157.0
2023-08-27 12:00:00,CISO,California Independent System Operator,Demand,22403.0
2023-08-27 13:00:00,CISO,California Independent System Operator,Demand,21876.0
2023-08-27 14:00:00,CISO,California Independent System Operator,Demand,21679.0
2023-08-27 15:00:00,CISO,California Independent System Operator,Demand,21761.0
2023-08-27 16:00:00,CISO,California Independent System Operator,Demand,22708.0
2023-08-27 17:00:00,CISO,California Independent System Operator,Demand,23771.0
2023-08-27 18:00:00,CISO,California Independent System Operator,Demand,23483.0
2023-08-27 19:00:00,CISO,California Independent System Operator,Demand,23268.0
2023-08-27 20:00:00,CISO,California Independent System Operator,Demand,23454.0
2023-08-27 21:00:00,CISO,California Independent System Operator,Demand,24387.0
2023-08-27 22:00:00,CISO,California Independent System Operator,Demand,25430.0
2023-08-27 23:00:00,CISO,California Independent System Operator,Demand,27920.0
2023-08-28 00:00:00,CISO,California Independent System Operator,Demand,30612.0
2023-08-28 01:00:00,CISO,California Independent System Operator,Demand,33075.0
2023-08-28 02:00:00,CISO,California Independent System Operator,Demand,35523.0
2023-08-28 03:00:00,CISO,California Independent System Operator,Demand,36943.0
2023-08-28 04:00:00,CISO,California Independent System Operator,Demand,36251.0
2023-08-28 05:00:00,CISO,California Independent System Operator,Demand,35099.0
2023-08-28 06:00:00,CISO,California Independent System Operator,Demand,33157.0
2023-08-28 07:00:00,CISO,California Independent System Operator,Demand,30546.0
2023-08-28 08:00:00,CISO,California Independent System Operator,Demand,28152.0
2023-08-28 09:00:00,CISO,California Independent System Operator,Demand,26578.0
2023-08-28 10:00:00,CISO,California Independent System Operator,Demand,25409.0
2023-08-28 11:00:00,CISO,California Independent System Operator,Demand,24835.0
2023-08-28 12:00:00,CISO,California Independent System Operator,Demand,24170.0
2023-08-28 13:00:00,CISO,California Independent System Operator,Demand,23999.0
2023-08-28 14:00:00,CISO,California Independent System Operator,Demand,24494.0
2023-08-28 15:00:00,CISO,California Independent System Operator,Demand,25964.0
2023-08-28 16:00:00,CISO,California Independent System Operator,Demand,27592.0
2023-08-28 17:00:00,CISO,California Independent System Operator,Demand,29454.0
2023-08-28 18:00:00,CISO,California Independent System Operator,Demand,29958.0
2023-08-28 19:00:00,CISO,California Independent System Operator,Demand,29969.0
2023-08-28 20:00:00,CISO,California Independent System Operator,Demand,31261.0
2023-08-28 21:00:00,CISO,California Independent System Operator,Demand,32466.0
2023-08-28 22:00:00,CISO,California Independent System Operator,Demand,34016.0
2023-08-28 23:00:00,CISO,California Independent System Operator,Demand,36346.0
2023-08-29 00:00:00,CISO,California Independent System Operator,Demand,38610.0
2023-08-29 01:00:00,CISO,California Independent System Operator,Demand,40662.0
2023-08-29 02:00:00,CISO,California Independent System Operator,Demand,42327.0
2023-08-29 03:00:00,CISO,California Independent System Operator,Demand,42579.0
2023-08-29 04:00:00,CISO,California Independent System Operator,Demand,41198.0
2023-08-29 05:00:00,CISO,California Independent System Operator,Demand,39422.0
2023-08-29 06:00:00,CISO,California Independent System Operator,Demand,37066.0
2023-08-29 07:00:00,CISO,California Independent System Operator,Demand,33965.0
2023-08-29 08:00:00,CISO,California Independent System Operator,Demand,30746.0
2023-08-29 09:00:00,CISO,California Independent System Operator,Demand,28861.0
2023-08-29 10:00:00,CISO,California Independent System Operator,Demand,27094.0
2023-08-29 11:00:00,CISO,California Independent System Operator,Demand,25862.0
2023-08-29 12:00:00,CISO,California Independent System Operator,Demand,25155.0
2023-08-29 13:00:00,CISO,California Independent System Operator,Demand,24879.0
2023-08-29 14:00:00,CISO,California Independent System Operator,Demand,25528.0
2023-08-29 15:00:00,CISO,California Independent System Operator,Demand,26959.0
2023-08-29 16:00:00,CISO,California Independent System Operator,Demand,28216.0
2023-08-29 17:00:00,CISO,California Independent System Operator,Demand,29778.0
2023-08-29 18:00:00,CISO,California Independent System Operator,Demand,30117.0
2023-08-29 19:00:00,CISO,California Independent System Operator,Demand,30093.0
2023-08-29 20:00:00,CISO,California Independent System Operator,Demand,31030.0
2023-08-29 21:00:00,CISO,California Independent System Operator,Demand,32076.0
2023-08-29 22:00:00,CISO,California Independent System Operator,Demand,33886.0
2023-08-29 23:00:00,CISO,California Independent System Operator,Demand,36736.0
2023-08-30 00:00:00,CISO,California Independent System Operator,Demand,38795.0
2023-08-30 01:00:00,CISO,California Independent System Operator,Demand,40540.0
2023-08-30 02:00:00,CISO,California Independent System Operator,Demand,42097.0
2023-08-30 03:00:00,CISO,California Independent System Operator,Demand,42504.0
2023-08-30 04:00:00,CISO,California Independent System Operator,Demand,41580.0
2023-08-30 05:00:00,CISO,California Independent System Operator,Demand,39774.0
2023-08-30 06:00:00,CISO,California Independent System Operator,Demand,37481.0
2023-08-30 07:00:00,CISO,California Independent System Operator,Demand,34364.0
2023-08-30 08:00:00,CISO,California Independent System Operator,Demand,31436.0
2023-08-30 09:00:00,CISO,California Independent System Operator,Demand,29385.0
2023-08-30 10:00:00,CISO,California Independent System Operator,Demand,27824.0
2023-08-30 11:00:00,CISO,California Independent System Operator,Demand,26424.0
2023-08-30 12:00:00,CISO,California Independent System Operator,Demand,25587.0
2023-08-30 13:00:00,CISO,California Independent System Operator,Demand,25398.0
2023-08-30 14:00:00,CISO,California Independent System Operator,Demand,26175.0
2023-08-30 15:00:00,CISO,California Independent System Operator,Demand,27521.0
2023-08-30 16:00:00,CISO,California Independent System Operator,Demand,28695.0
2023-08-30 17:00:00,CISO,California Independent System Operator,Demand,30833.0
2023-08-30 18:00:00,CISO,California Independent System Operator,Demand,31429.0
2023-08-30 19:00:00,CISO,California Independent System Operator,Demand,31345.0
2023-08-30 20:00:00,CISO,California Independent System Operator,Demand,32236.0
2023-08-30 21:00:00,CISO,California Independent System Operator,Demand,33014.0
2023-08-30 22:00:00,CISO,California Independent System Operator,Demand,34578.0
2023-08-30 23:00:00,CISO,California Independent System Operator,Demand,36232.0
2023-08-31 00:00:00,CISO,California Independent System Operator,Demand,38356.0
2023-08-31 01:00:00,CISO,California Independent System Operator,Demand,40165.0
2023-08-31 02:00:00,CISO,California Independent System Operator,Demand,41695.0
2023-08-31 03:00:00,CISO,California Independent System Operator,Demand,42021.0
2023-08-31 04:00:00,CISO,California Independent System Operator,Demand,40977.0
2023-08-31 05:00:00,CISO,California Independent System Operator,Demand,39063.0
2023-08-31 06:00:00,CISO,California Independent System Operator,Demand,36842.0
2023-08-31 07:00:00,CISO,California Independent System Operator,Demand,34046.0
2023-08-31 08:00:00,CISO,California Independent System Operator,Demand,30960.0
2023-08-31 09:00:00,CISO,California Independent System Operator,Demand,29054.0
2023-08-31 10:00:00,CISO,California Independent System Operator,Demand,27243.0
2023-08-31 11:00:00,CISO,California Independent System Operator,Demand,25952.0
2023-08-31 12:00:00,CISO,California Independent System Operator,Demand,25525.0
2023-08-31 13:00:00,CISO,California Independent System Operator,Demand,25468.0
2023-08-31 14:00:00,CISO,California Independent System Operator,Demand,26082.0
2023-08-31 15:00:00,CISO,California Independent System Operator,Demand,27702.0
2023-08-31 16:00:00,CISO,California Independent System Operator,Demand,28640.0
2023-08-31 17:00:00,CISO,California Independent System Operator,Demand,30176.0
2023-08-31 18:00:00,CISO,California Independent System Operator,Demand,30389.0
2023-08-31 19:00:00,CISO,California Independent System Operator,Demand,29802.0
2023-08-31 20:00:00,CISO,California Independent System Operator,Demand,29618.0
2023-08-31 21:00:00,CISO,California Independent System Operator,Demand,30056.0
2023-08-31 22:00:00,CISO,California Independent System Operator,Demand,31101.0
2023-08-31 23:00:00,CISO,California Independent System Operator,Demand,33162.0
2023-09-01 00:00:00,CISO,California Independent System Operator,Demand,35601.0
2023-09-01 01:00:00,CISO,California Independent System Operator,Demand,37029.0
2023-09-01 02:00:00,CISO,California Independent System Operator,Demand,37824.0
2023-09-01 03:00:00,CISO,California Independent System Operator,Demand,37628.0
2023-09-01 04:00:00,CISO,California Independent System Operator,Demand,36634.0
2023-09-01 05:00:00,CISO,California Independent System Operator,Demand,35429.0
2023-09-01 06:00:00,CISO,California Independent System Operator,Demand,33869.0
2023-09-01 07:00:00,CISO,California Independent System Operator,Demand,31707.0
2023-09-01 08:00:00,CISO,California Independent System Operator,Demand,29163.0
2023-09-01 09:00:00,CISO,California Independent System Operator,Demand,27727.0
2023-09-01 10:00:00,CISO,California Independent System Operator,Demand,26562.0
2023-09-01 11:00:00,CISO,California Independent System Operator,Demand,25402.0
2023-09-01 12:00:00,CISO,California Independent System Operator,Demand,24766.0
2023-09-01 13:00:00,CISO,California Independent System Operator,Demand,24733.0
2023-09-01 14:00:00,CISO,California Independent System Operator,Demand,25674.0
2023-09-01 15:00:00,CISO,California Independent System Operator,Demand,26859.0
2023-09-01 16:00:00,CISO,California Independent System Operator,Demand,27669.0
2023-09-01 17:00:00,CISO,California Independent System Operator,Demand,28723.0
2023-09-01 18:00:00,CISO,California Independent System Operator,Demand,28874.0
2023-09-01 19:00:00,CISO,California Independent System Operator,Demand,29226.0
2023-09-01 20:00:00,CISO,California Independent System Operator,Demand,29414.0
2023-09-01 21:00:00,CISO,California Independent System Operator,Demand,29643.0
2023-09-01 22:00:00,CISO,California Independent System Operator,Demand,30029.0
2023-09-01 23:00:00,CISO,California Independent System Operator,Demand,31259.0
2023-09-02 00:00:00,CISO,California Independent System Operator,Demand,32090.0
2023-09-02 01:00:00,CISO,California Independent System Operator,Demand,32491.0
2023-09-02 02:00:00,CISO,California Independent System Operator,Demand,32295.0
2023-09-02 03:00:00,CISO,California Independent System Operator,Demand,31818.0
2023-09-02 04:00:00,CISO,California Independent System Operator,Demand,31742.0
2023-09-02 05:00:00,CISO,California Independent System Operator,Demand,31444.0
2023-09-02 06:00:00,CISO,California Independent System Operator,Demand,30736.0
2023-09-02 07:00:00,CISO,California Independent System Operator,Demand,29427.0
2023-09-02 08:00:00,CISO,California Independent System Operator,Demand,27479.0
2023-09-02 09:00:00,CISO,California Independent System Operator,Demand,26423.0
2023-09-02 10:00:00,CISO,California Independent System Operator,Demand,25389.0
2023-09-02 11:00:00,CISO,California Independent System Operator,Demand,24302.0
2023-09-02 12:00:00,CISO,California Independent System Operator,Demand,23741.0
2023-09-02 13:00:00,CISO,California Independent System Operator,Demand,23610.0
2023-09-02 14:00:00,CISO,California Independent System Operator,Demand,23664.0
2023-09-02 15:00:00,CISO,California Independent System Operator,Demand,23987.0
2023-09-02 16:00:00,CISO,California Independent System Operator,Demand,24236.0
2023-09-02 17:00:00,CISO,California Independent System Operator,Demand,25149.0
2023-09-02 18:00:00,CISO,California Independent System Operator,Demand,25571.0
2023-09-02 19:00:00,CISO,California Independent System Operator,Demand,25978.0
2023-09-02 20:00:00,CISO,California Independent System Operator,Demand,26249.0
2023-09-02 21:00:00,CISO,California Independent System Operator,Demand,26063.0
2023-09-02 22:00:00,CISO,California Independent System Operator,Demand,26034.0
2023-09-02 23:00:00,CISO,California Independent System Operator,Demand,26048.0
2023-09-03 00:00:00,CISO,California Independent System Operator,Demand,26665.0
2023-09-03 01:00:00,CISO,California Independent System Operator,Demand,27497.0
2023-09-03 02:00:00,CISO,California Independent System Operator,Demand,28736.0
2023-09-03 03:00:00,CISO,California Independent System Operator,Demand,29717.0
2023-09-03 04:00:00,CISO,California Independent System Operator,Demand,30130.0
2023-09-03 05:00:00,CISO,California Independent System Operator,Demand,29956.0
2023-09-03 06:00:00,CISO,California Independent System Operator,Demand,29339.0
2023-09-03 07:00:00,CISO,California Independent System Operator,Demand,27916.0
2023-09-03 08:00:00,CISO,California Independent System Operator,Demand,26372.0
2023-09-03 09:00:00,CISO,California Independent System Operator,Demand,25330.0
2023-09-03 10:00:00,CISO,California Independent System Operator,Demand,24232.0
2023-09-03 11:00:00,CISO,California Independent System Operator,Demand,23504.0
2023-09-03 12:00:00,CISO,California Independent System Operator,Demand,22811.0
2023-09-03 13:00:00,CISO,California Independent System Operator,Demand,22473.0
2023-09-03 14:00:00,CISO,California Independent System Operator,Demand,22554.0
2023-09-03 15:00:00,CISO,California Independent System Operator,Demand,22609.0
2023-09-03 16:00:00,CISO,California Independent System Operator,Demand,22725.0
2023-09-03 17:00:00,CISO,California Independent System Operator,Demand,23387.0
2023-09-03 18:00:00,CISO,California Independent System Operator,Demand,23489.0
2023-09-03 19:00:00,CISO,California Independent System Operator,Demand,22853.0
2023-09-03 20:00:00,CISO,California Independent System Operator,Demand,22490.0
2023-09-03 21:00:00,CISO,California Independent System Operator,Demand,22431.0
2023-09-03 22:00:00,CISO,California Independent System Operator,Demand,22060.0
2023-09-03 23:00:00,CISO,California Independent System Operator,Demand,22339.0
2023-09-04 00:00:00,CISO,California Independent System Operator,Demand,23294.0
2023-09-04 01:00:00,CISO,California Independent System Operator,Demand,24611.0
2023-09-04 02:00:00,CISO,California Independent System Operator,Demand,26452.0
2023-09-04 03:00:00,CISO,California Independent System Operator,Demand,28154.0
2023-09-04 04:00:00,CISO,California Independent System Operator,Demand,28419.0
2023-09-04 05:00:00,CISO,California Independent System Operator,Demand,28308.0
2023-09-04 06:00:00,CISO,California Independent System Operator,Demand,27497.0
2023-09-04 07:00:00,CISO,California Independent System Operator,Demand,26265.0
2023-09-04 08:00:00,CISO,California Independent System Operator,Demand,25037.0
2023-09-04 09:00:00,CISO,California Independent System Operator,Demand,23892.0
2023-09-04 10:00:00,CISO,California Independent System Operator,Demand,22759.0
2023-09-04 11:00:00,CISO,California Independent System Operator,Demand,22114.0
2023-09-04 12:00:00,CISO,California Independent System Operator,Demand,21400.0
2023-09-04 13:00:00,CISO,California Independent System Operator,Demand,21303.0
2023-09-04 14:00:00,CISO,California Independent System Operator,Demand,21583.0
2023-09-04 15:00:00,CISO,California Independent System Operator,Demand,22001.0
2023-09-04 16:00:00,CISO,California Independent System Operator,Demand,22833.0
2023-09-04 17:00:00,CISO,California Independent System Operator,Demand,23862.0
2023-09-04 18:00:00,CISO,California Independent System Operator,Demand,22975.0
2023-09-04 19:00:00,CISO,California Independent System Operator,Demand,22249.0
2023-09-04 20:00:00,CISO,California Independent System Operator,Demand,21095.0
2023-09-04 21:00:00,CISO,California Independent System Operator,Demand,20956.0
2023-09-04 22:00:00,CISO,California Independent System Operator,Demand,20685.0
2023-09-04 23:00:00,CISO,California Independent System Operator,Demand,21878.0
2023-09-05 00:00:00,CISO,California Independent System Operator,Demand,23924.0
2023-09-05 01:00:00,CISO,California Independent System Operator,Demand,26242.0
2023-09-05 02:00:00,CISO,California Independent System Operator,Demand,28633.0
2023-09-05 03:00:00,CISO,California Independent System Operator,Demand,30638.0
2023-09-05 04:00:00,CISO,California Independent System Operator,Demand,30867.0
2023-09-05 05:00:00,CISO,California Independent System Operator,Demand,30363.0
2023-09-05 06:00:00,CISO,California Independent System Operator,Demand,29235.0
2023-09-05 07:00:00,CISO,California Independent System Operator,Demand,27324.0
2023-09-05 08:00:00,CISO,California Independent System Operator,Demand,25590.0
2023-09-05 09:00:00,CISO,California Independent System Operator,Demand,24062.0
2023-09-05 10:00:00,CISO,California Independent System Operator,Demand,22983.0
2023-09-05 11:00:00,CISO,California Independent System Operator,Demand,22705.0
2023-09-05 12:00:00,CISO,California Independent System Operator,Demand,22191.0
2023-09-05 13:00:00,CISO,California Independent System Operator,Demand,22356.0
2023-09-05 14:00:00,CISO,California Independent System Operator,Demand,23443.0
2023-09-05 15:00:00,CISO,California Independent System Operator,Demand,25185.0
2023-09-05 16:00:00,CISO,California Independent System Operator,Demand,26314.0
2023-09-05 17:00:00,CISO,California Independent System Operator,Demand,26714.0
2023-09-05 18:00:00,CISO,California Independent System Operator,Demand,27011.0
2023-09-05 19:00:00,CISO,California Independent System Operator,Demand,26867.0
2023-09-05 20:00:00,CISO,California Independent System Operator,Demand,26672.0
2023-09-05 21:00:00,CISO,California Independent System Operator,Demand,26038.0
2023-09-05 22:00:00,CISO,California Independent System Operator,Demand,25920.0
2023-09-05 23:00:00,CISO,California Independent System Operator,Demand,26778.0
2023-09-06 00:00:00,CISO,California Independent System Operator,Demand,28228.0
2023-09-06 01:00:00,CISO,California Independent System Operator,Demand,29971.0
2023-09-06 02:00:00,CISO,California Independent System Operator,Demand,31922.0
2023-09-06 03:00:00,CISO,California Independent System Operator,Demand,33043.0
2023-09-06 04:00:00,CISO,California Independent System Operator,Demand,32737.0
2023-09-06 05:00:00,CISO,California Independent System Operator,Demand,31919.0
2023-09-06 06:00:00,CISO,California Independent System Operator,Demand,30681.0
2023-09-06 07:00:00,CISO,California Independent System Operator,Demand,28818.0
2023-09-06 08:00:00,CISO,California Independent System Operator,Demand,26924.0
2023-09-06 09:00:00,CISO,California Independent System Operator,Demand,25508.0
2023-09-06 10:00:00,CISO,California Independent System Operator,Demand,24329.0
2023-09-06 11:00:00,CISO,California Independent System Operator,Demand,23642.0
2023-09-06 12:00:00,CISO,California Independent System Operator,Demand,23161.0
2023-09-06 13:00:00,CISO,California Independent System Operator,Demand,23273.0
2023-09-06 14:00:00,CISO,California Independent System Operator,Demand,24372.0
2023-09-06 15:00:00,CISO,California Independent System Operator,Demand,25950.0
2023-09-06 16:00:00,CISO,California Independent System Operator,Demand,26936.0
2023-09-06 17:00:00,CISO,California Independent System Operator,Demand,27315.0
2023-09-06 18:00:00,CISO,California Independent System Operator,Demand,27108.0
2023-09-06 19:00:00,CISO,California Independent System Operator,Demand,26564.0
2023-09-06 20:00:00,CISO,California Independent System Operator,Demand,26003.0
2023-09-06 21:00:00,CISO,California Independent System Operator,Demand,25920.0
2023-09-06 22:00:00,CISO,California Independent System Operator,Demand,26131.0
2023-09-06 23:00:00,CISO,California Independent System Operator,Demand,27403.0
2023-09-07 00:00:00,CISO,California Independent System Operator,Demand,29649.0
2023-09-07 01:00:00,CISO,California Independent System Operator,Demand,31753.0
2023-09-07 02:00:00,CISO,California Independent System Operator,Demand,33474.0
2023-09-07 03:00:00,CISO,California Independent System Operator,Demand,34320.0
2023-09-07 04:00:00,CISO,California Independent System Operator,Demand,33658.0
2023-09-07 05:00:00,CISO,California Independent System Operator,Demand,32666.0
2023-09-07 06:00:00,CISO,California Independent System Operator,Demand,31236.0
2023-09-07 07:00:00,CISO,California Independent System Operator,Demand,29035.0
2023-09-07 08:00:00,CISO,California Independent System Operator,Demand,27201.0
2023-09-07 09:00:00,CISO,California Independent System Operator,Demand,25502.0
2023-09-07 10:00:00,CISO,California Independent System Operator,Demand,24526.0
2023-09-07 11:00:00,CISO,California Independent System Operator,Demand,23791.0
2023-09-07 12:00:00,CISO,California Independent System Operator,Demand,23652.0
2023-09-07 13:00:00,CISO,California Independent System Operator,Demand,23420.0
2023-09-07 14:00:00,CISO,California Independent System Operator,Demand,23851.0
2023-09-07 15:00:00,CISO,California Independent System Operator,Demand,25342.0
2023-09-07 16:00:00,CISO,California Independent System Operator,Demand,26318.0
2023-09-07 17:00:00,CISO,California Independent System Operator,Demand,27527.0
2023-09-07 18:00:00,CISO,California Independent System Operator,Demand,27507.0
2023-09-07 19:00:00,CISO,California Independent System Operator,Demand,26500.0
2023-09-07 20:00:00,CISO,California Independent System Operator,Demand,26332.0
2023-09-07 21:00:00,CISO,California Independent System Operator,Demand,26057.0
2023-09-07 22:00:00,CISO,California Independent System Operator,Demand,26314.0
2023-09-07 23:00:00,CISO,California Independent System Operator,Demand,28394.0
2023-09-08 00:00:00,CISO,California Independent System Operator,Demand,30665.0
2023-09-08 01:00:00,CISO,California Independent System Operator,Demand,32934.0
2023-09-08 02:00:00,CISO,California Independent System Operator,Demand,35016.0
2023-09-08 03:00:00,CISO,California Independent System Operator,Demand,35802.0
2023-09-08 04:00:00,CISO,California Independent System Operator,Demand,35144.0
2023-09-08 05:00:00,CISO,California Independent System Operator,Demand,33935.0
2023-09-08 06:00:00,CISO,California Independent System Operator,Demand,32315.0
2023-09-08 07:00:00,CISO,California Independent System Operator,Demand,29974.0
2023-09-08 08:00:00,CISO,California Independent System Operator,Demand,27641.0
2023-09-08 09:00:00,CISO,California Independent System Operator,Demand,26089.0
2023-09-08 10:00:00,CISO,California Independent System Operator,Demand,24890.0
2023-09-08 11:00:00,CISO,California Independent System Operator,Demand,24296.0
2023-09-08 12:00:00,CISO,California Independent System Operator,Demand,23941.0
2023-09-08 13:00:00,CISO,California Independent System Operator,Demand,23866.0
2023-09-08 14:00:00,CISO,California Independent System Operator,Demand,24169.0
2023-09-08 15:00:00,CISO,California Independent System Operator,Demand,25538.0
2023-09-08 16:00:00,CISO,California Independent System Operator,Demand,26252.0
2023-09-08 17:00:00,CISO,California Independent System Operator,Demand,27422.0
2023-09-08 18:00:00,CISO,California Independent System Operator,Demand,27746.0
2023-09-08 19:00:00,CISO,California Independent System Operator,Demand,27959.0
2023-09-08 20:00:00,CISO,California Independent System Operator,Demand,28190.0
2023-09-08 21:00:00,CISO,California Independent System Operator,Demand,28690.0
2023-09-08 22:00:00,CISO,California Independent System Operator,Demand,30003.0
2023-09-08 23:00:00,CISO,California Independent System Operator,Demand,32171.0
2023-09-09 00:00:00,CISO,California Independent System Operator,Demand,34595.0
2023-09-09 01:00:00,CISO,California Independent System Operator,Demand,36744.0
2023-09-09 02:00:00,CISO,California Independent System Operator,Demand,38368.0
2023-09-09 03:00:00,CISO,California Independent System Operator,Demand,38454.0
2023-09-09 04:00:00,CISO,California Independent System Operator,Demand,36994.0
2023-09-09 05:00:00,CISO,California Independent System Operator,Demand,35526.0
2023-09-09 06:00:00,CISO,California Independent System Operator,Demand,33943.0
2023-09-09 07:00:00,CISO,California Independent System Operator,Demand,31775.0
2023-09-09 08:00:00,CISO,California Independent System Operator,Demand,29476.0
2023-09-09 09:00:00,CISO,California Independent System Operator,Demand,27648.0
2023-09-09 10:00:00,CISO,California Independent System Operator,Demand,25953.0
2023-09-09 11:00:00,CISO,California Independent System Operator,Demand,24832.0
2023-09-09 12:00:00,CISO,California Independent System Operator,Demand,24113.0
2023-09-09 13:00:00,CISO,California Independent System Operator,Demand,23758.0
2023-09-09 14:00:00,CISO,California Independent System Operator,Demand,23744.0
2023-09-09 15:00:00,CISO,California Independent System Operator,Demand,23936.0
2023-09-09 16:00:00,CISO,California Independent System Operator,Demand,24499.0
2023-09-09 17:00:00,CISO,California Independent System Operator,Demand,26478.0
2023-09-09 18:00:00,CISO,California Independent System Operator,Demand,27093.0
2023-09-09 19:00:00,CISO,California Independent System Operator,Demand,26708.0
2023-09-09 20:00:00,CISO,California Independent System Operator,Demand,27159.0
2023-09-09 21:00:00,CISO,California Independent System Operator,Demand,27903.0
2023-09-09 22:00:00,CISO,California Independent System Operator,Demand,28990.0
2023-09-09 23:00:00,CISO,California Independent System Operator,Demand,31075.0
2023-09-10 00:00:00,CISO,California Independent System Operator,Demand,33146.0
2023-09-10 01:00:00,CISO,California Independent System Operator,Demand,34936.0
2023-09-10 02:00:00,CISO,California Independent System Operator,Demand,36063.0
2023-09-10 03:00:00,CISO,California Independent System Operator,Demand,36290.0
2023-09-10 04:00:00,CISO,California Independent System Operator,Demand,35456.0
2023-09-10 05:00:00,CISO,California Independent System Operator,Demand,34185.0
2023-09-10 06:00:00,CISO,California Independent System Operator,Demand,32719.0
2023-09-10 07:00:00,CISO,California Independent System Operator,Demand,30795.0
2023-09-10 08:00:00,CISO,California Independent System Operator,Demand,28951.0
2023-09-10 09:00:00,CISO,California Independent System Operator,Demand,27337.0
2023-09-10 10:00:00,CISO,California Independent System Operator,Demand,26000.0
2023-09-10 11:00:00,CISO,California Independent System Operator,Demand,24804.0
2023-09-10 12:00:00,CISO,California Independent System Operator,Demand,24033.0
2023-09-10 13:00:00,CISO,California Independent System Operator,Demand,23723.0
2023-09-10 14:00:00,CISO,California Independent System Operator,Demand,23616.0
2023-09-10 15:00:00,CISO,California Independent System Operator,Demand,23863.0
2023-09-10 16:00:00,CISO,California Independent System Operator,Demand,23988.0
2023-09-10 17:00:00,CISO,California Independent System Operator,Demand,25210.0
2023-09-10 18:00:00,CISO,California Independent System Operator,Demand,25518.0
2023-09-10 19:00:00,CISO,California Independent System Operator,Demand,25448.0
2023-09-10 20:00:00,CISO,California Independent System Operator,Demand,25152.0
2023-09-10 21:00:00,CISO,California Independent System Operator,Demand,25276.0
2023-09-10 22:00:00,CISO,California Independent System Operator,Demand,26525.0
2023-09-10 23:00:00,CISO,California Independent System Operator,Demand,28394.0
2023-09-11 00:00:00,CISO,California Independent System Operator,Demand,30724.0
2023-09-11 01:00:00,CISO,California Independent System Operator,Demand,33046.0
2023-09-11 02:00:00,CISO,California Independent System Operator,Demand,35251.0
2023-09-11 03:00:00,CISO,California Independent System Operator,Demand,36274.0
2023-09-11 04:00:00,CISO,California Independent System Operator,Demand,35792.0
2023-09-11 05:00:00,CISO,California Independent System Operator,Demand,34581.0
2023-09-11 06:00:00,CISO,California Independent System Operator,Demand,32742.0
2023-09-11 07:00:00,CISO,California Independent System Operator,Demand,30534.0
2023-09-11 08:00:00,CISO,California Independent System Operator,Demand,28388.0
2023-09-11 09:00:00,CISO,California Independent System Operator,Demand,26711.0
2023-09-11 10:00:00,CISO,California Independent System Operator,Demand,25279.0
2023-09-11 11:00:00,CISO,California Independent System Operator,Demand,25221.0
2023-09-11 12:00:00,CISO,California Independent System Operator,Demand,24646.0
2023-09-11 13:00:00,CISO,California Independent System Operator,Demand,24270.0
2023-09-11 14:00:00,CISO,California Independent System Operator,Demand,24799.0
2023-09-11 15:00:00,CISO,California Independent System Operator,Demand,26543.0
2023-09-11 16:00:00,CISO,California Independent System Operator,Demand,27883.0
2023-09-11 17:00:00,CISO,California Independent System Operator,Demand,30113.0
2023-09-11 18:00:00,CISO,California Independent System Operator,Demand,30845.0
2023-09-11 19:00:00,CISO,California Independent System Operator,Demand,30893.0
2023-09-11 20:00:00,CISO,California Independent System Operator,Demand,31319.0
2023-09-11 21:00:00,CISO,California Independent System Operator,Demand,31393.0
2023-09-11 22:00:00,CISO,California Independent System Operator,Demand,31779.0
2023-09-11 23:00:00,CISO,California Independent System Operator,Demand,32904.0
2023-09-12 00:00:00,CISO,California Independent System Operator,Demand,34332.0
2023-09-12 01:00:00,CISO,California Independent System Operator,Demand,35493.0
2023-09-12 02:00:00,CISO,California Independent System Operator,Demand,36417.0
2023-09-12 03:00:00,CISO,California Independent System Operator,Demand,36163.0
2023-09-12 04:00:00,CISO,California Independent System Operator,Demand,35806.0
2023-09-12 05:00:00,CISO,California Independent System Operator,Demand,34735.0
2023-09-12 06:00:00,CISO,California Independent System Operator,Demand,33171.0
2023-09-12 07:00:00,CISO,California Independent System Operator,Demand,30724.0
2023-09-12 08:00:00,CISO,California Independent System Operator,Demand,28523.0
2023-09-12 09:00:00,CISO,California Independent System Operator,Demand,27022.0
2023-09-12 10:00:00,CISO,California Independent System Operator,Demand,25857.0
2023-09-12 11:00:00,CISO,California Independent System Operator,Demand,24805.0
2023-09-12 12:00:00,CISO,California Independent System Operator,Demand,24663.0
2023-09-12 13:00:00,CISO,California Independent System Operator,Demand,24148.0
2023-09-12 14:00:00,CISO,California Independent System Operator,Demand,24773.0
2023-09-12 15:00:00,CISO,California Independent System Operator,Demand,26336.0
2023-09-12 16:00:00,CISO,California Independent System Operator,Demand,27769.0
2023-09-12 17:00:00,CISO,California Independent System Operator,Demand,29174.0
2023-09-12 18:00:00,CISO,California Independent System Operator,Demand,29181.0
2023-09-12 19:00:00,CISO,California Independent System Operator,Demand,28483.0
2023-09-12 20:00:00,CISO,California Independent System Operator,Demand,28513.0
2023-09-12 21:00:00,CISO,California Independent System Operator,Demand,28804.0
2023-09-12 22:00:00,CISO,California Independent System Operator,Demand,29476.0
2023-09-12 23:00:00,CISO,California Independent System Operator,Demand,30772.0
2023-09-13 00:00:00,CISO,California Independent System Operator,Demand,32516.0
2023-09-13 01:00:00,CISO,California Independent System Operator,Demand,34173.0
2023-09-13 02:00:00,CISO,California Independent System Operator,Demand,35268.0
2023-09-13 03:00:00,CISO,California Independent System Operator,Demand,35498.0
2023-09-13 04:00:00,CISO,California Independent System Operator,Demand,34809.0
2023-09-13 05:00:00,CISO,California Independent System Operator,Demand,33415.0
2023-09-13 06:00:00,CISO,California Independent System Operator,Demand,31714.0
2023-09-13 07:00:00,CISO,California Independent System Operator,Demand,29517.0
2023-09-13 08:00:00,CISO,California Independent System Operator,Demand,27510.0
2023-09-13 09:00:00,CISO,California Independent System Operator,Demand,25981.0
2023-09-13 10:00:00,CISO,California Independent System Operator,Demand,25022.0
2023-09-13 11:00:00,CISO,California Independent System Operator,Demand,24319.0
2023-09-13 12:00:00,CISO,California Independent System Operator,Demand,23901.0
2023-09-13 13:00:00,CISO,California Independent System Operator,Demand,24142.0
2023-09-13 14:00:00,CISO,California Independent System Operator,Demand,24652.0
2023-09-13 15:00:00,CISO,California Independent System Operator,Demand,26303.0
2023-09-13 16:00:00,CISO,California Independent System Operator,Demand,27354.0
2023-09-13 17:00:00,CISO,California Independent System Operator,Demand,27878.0
2023-09-13 18:00:00,CISO,California Independent System Operator,Demand,27225.0
2023-09-13 19:00:00,CISO,California Independent System Operator,Demand,26846.0
2023-09-13 20:00:00,CISO,California Independent System Operator,Demand,26465.0
2023-09-13 21:00:00,CISO,California Independent System Operator,Demand,26915.0
2023-09-13 22:00:00,CISO,California Independent System Operator,Demand,27453.0
2023-09-13 23:00:00,CISO,California Independent System Operator,Demand,28696.0
2023-09-14 00:00:00,CISO,California Independent System Operator,Demand,30033.0
2023-09-14 01:00:00,CISO,California Independent System Operator,Demand,32036.0
2023-09-14 02:00:00,CISO,California Independent System Operator,Demand,33748.0
2023-09-14 03:00:00,CISO,California Independent System Operator,Demand,34471.0
2023-09-14 04:00:00,CISO,California Independent System Operator,Demand,34030.0
2023-09-14 05:00:00,CISO,California Independent System Operator,Demand,32749.0
2023-09-14 06:00:00,CISO,California Independent System Operator,Demand,31125.0
2023-09-14 07:00:00,CISO,California Independent System Operator,Demand,28924.0
2023-09-14 08:00:00,CISO,California Independent System Operator,Demand,26901.0
2023-09-14 09:00:00,CISO,California Independent System Operator,Demand,25288.0
2023-09-14 10:00:00,CISO,California Independent System Operator,Demand,24235.0
2023-09-14 11:00:00,CISO,California Independent System Operator,Demand,24096.0
2023-09-14 12:00:00,CISO,California Independent System Operator,Demand,23475.0
2023-09-14 13:00:00,CISO,California Independent System Operator,Demand,23169.0
2023-09-14 14:00:00,CISO,California Independent System Operator,Demand,24143.0
2023-09-14 15:00:00,CISO,California Independent System Operator,Demand,25752.0
2023-09-14 16:00:00,CISO,California Independent System Operator,Demand,26712.0
2023-09-14 17:00:00,CISO,California Independent System Operator,Demand,27415.0
2023-09-14 18:00:00,CISO,California Independent System Operator,Demand,27403.0
2023-09-14 19:00:00,CISO,California Independent System Operator,Demand,27331.0
2023-09-14 20:00:00,CISO,California Independent System Operator,Demand,26224.0
2023-09-14 21:00:00,CISO,California Independent System Operator,Demand,25966.0
2023-09-14 22:00:00,CISO,California Independent System Operator,Demand,26313.0
2023-09-14 23:00:00,CISO,California Independent System Operator,Demand,27829.0
2023-09-15 00:00:00,CISO,California Independent System Operator,Demand,30217.0
2023-09-15 01:00:00,CISO,California Independent System Operator,Demand,32154.0
2023-09-15 02:00:00,CISO,California Independent System Operator,Demand,33796.0
2023-09-15 03:00:00,CISO,California Independent System Operator,Demand,33977.0
2023-09-15 04:00:00,CISO,California Independent System Operator,Demand,33805.0
2023-09-15 05:00:00,CISO,California Independent System Operator,Demand,32670.0
2023-09-15 06:00:00,CISO,California Independent System Operator,Demand,31130.0
2023-09-15 07:00:00,CISO,California Independent System Operator,Demand,28890.0
2023-09-15 08:00:00,CISO,California Independent System Operator,Demand,27054.0
2023-09-15 09:00:00,CISO,California Independent System Operator,Demand,25560.0
2023-09-15 10:00:00,CISO,California Independent System Operator,Demand,24872.0
2023-09-15 11:00:00,CISO,California Independent System Operator,Demand,24438.0
2023-09-15 12:00:00,CISO,California Independent System Operator,Demand,24081.0
2023-09-15 13:00:00,CISO,California Independent System Operator,Demand,23938.0
2023-09-15 14:00:00,CISO,California Independent System Operator,Demand,24274.0
2023-09-15 15:00:00,CISO,California Independent System Operator,Demand,25687.0
2023-09-15 16:00:00,CISO,California Independent System Operator,Demand,26990.0
2023-09-15 17:00:00,CISO,California Independent System Operator,Demand,27876.0
2023-09-15 18:00:00,CISO,California Independent System Operator,Demand,28142.0
2023-09-15 19:00:00,CISO,California Independent System Operator,Demand,27841.0
2023-09-15 20:00:00,CISO,California Independent System Operator,Demand,27069.0
2023-09-15 21:00:00,CISO,California Independent System Operator,Demand,26683.0
2023-09-15 22:00:00,CISO,California Independent System Operator,Demand,26087.0
2023-09-15 23:00:00,CISO,California Independent System Operator,Demand,27011.0
2023-09-16 00:00:00,CISO,California Independent System Operator,Demand,28895.0
2023-09-16 01:00:00,CISO,California Independent System Operator,Demand,30776.0
2023-09-16 02:00:00,CISO,California Independent System Operator,Demand,32435.0
2023-09-16 03:00:00,CISO,California Independent System Operator,Demand,32668.0
2023-09-16 04:00:00,CISO,California Independent System Operator,Demand,32384.0
2023-09-16 05:00:00,CISO,California Independent System Operator,Demand,31229.0
2023-09-16 06:00:00,CISO,California Independent System Operator,Demand,30085.0
2023-09-16 07:00:00,CISO,California Independent System Operator,Demand,28399.0
2023-09-16 08:00:00,CISO,California Independent System Operator,Demand,26945.0
2023-09-16 09:00:00,CISO,California Independent System Operator,Demand,25832.0
2023-09-16 10:00:00,CISO,California Independent System Operator,Demand,24618.0
2023-09-16 11:00:00,CISO,California Independent System Operator,Demand,23684.0
2023-09-16 12:00:00,CISO,California Independent System Operator,Demand,22867.0
2023-09-16 13:00:00,CISO,California Independent System Operator,Demand,22750.0
2023-09-16 14:00:00,CISO,California Independent System Operator,Demand,22886.0
2023-09-16 15:00:00,CISO,California Independent System Operator,Demand,23146.0
2023-09-16 16:00:00,CISO,California Independent System Operator,Demand,24089.0
2023-09-16 17:00:00,CISO,California Independent System Operator,Demand,26084.0
2023-09-16 18:00:00,CISO,California Independent System Operator,Demand,26359.0
2023-09-16 19:00:00,CISO,California Independent System Operator,Demand,26510.0
2023-09-16 20:00:00,CISO,California Independent System Operator,Demand,25995.0
2023-09-16 21:00:00,CISO,California Independent System Operator,Demand,25429.0
2023-09-16 22:00:00,CISO,California Independent System Operator,Demand,24574.0
2023-09-16 23:00:00,CISO,California Independent System Operator,Demand,24452.0
2023-09-17 00:00:00,CISO,California Independent System Operator,Demand,25237.0
2023-09-17 01:00:00,CISO,California Independent System Operator,Demand,26459.0
2023-09-17 02:00:00,CISO,California Independent System Operator,Demand,27882.0
2023-09-17 03:00:00,CISO,California Independent System Operator,Demand,29053.0
2023-09-17 04:00:00,CISO,California Independent System Operator,Demand,29103.0
2023-09-17 05:00:00,CISO,California Independent System Operator,Demand,28507.0
2023-09-17 06:00:00,CISO,California Independent System Operator,Demand,27640.0
2023-09-17 07:00:00,CISO,California Independent System Operator,Demand,26318.0
2023-09-17 08:00:00,CISO,California Independent System Operator,Demand,24940.0
2023-09-17 09:00:00,CISO,California Independent System Operator,Demand,23853.0
2023-09-17 10:00:00,CISO,California Independent System Operator,Demand,23095.0
2023-09-17 11:00:00,CISO,California Independent System Operator,Demand,22244.0
2023-09-17 12:00:00,CISO,California Independent System Operator,Demand,21520.0
2023-09-17 13:00:00,CISO,California Independent System Operator,Demand,21345.0
2023-09-17 14:00:00,CISO,California Independent System Operator,Demand,21425.0
2023-09-17 15:00:00,CISO,California Independent System Operator,Demand,21831.0
2023-09-17 16:00:00,CISO,California Independent System Operator,Demand,22499.0
2023-09-17 17:00:00,CISO,California Independent System Operator,Demand,23467.0
2023-09-17 18:00:00,CISO,California Independent System Operator,Demand,23895.0
2023-09-17 19:00:00,CISO,California Independent System Operator,Demand,23527.0
2023-09-17 20:00:00,CISO,California Independent System Operator,Demand,22870.0
2023-09-17 21:00:00,CISO,California Independent System Operator,Demand,22808.0
2023-09-17 22:00:00,CISO,California Independent System Operator,Demand,22509.0
2023-09-17 23:00:00,CISO,California Independent System Operator,Demand,22685.0
2023-09-18 00:00:00,CISO,California Independent System Operator,Demand,23728.0
2023-09-18 01:00:00,CISO,California Independent System Operator,Demand,25817.0
2023-09-18 02:00:00,CISO,California Independent System Operator,Demand,26895.0
2023-09-18 03:00:00,CISO,California Independent System Operator,Demand,28031.0
2023-09-18 04:00:00,CISO,California Independent System Operator,Demand,28709.0
2023-09-18 05:00:00,CISO,California Independent System Operator,Demand,28126.0
2023-09-18 06:00:00,CISO,California Independent System Operator,Demand,27265.0
2023-09-18 07:00:00,CISO,California Independent System Operator,Demand,25722.0
2023-09-18 08:00:00,CISO,California Independent System Operator,Demand,24119.0
2023-09-18 09:00:00,CISO,California Independent System Operator,Demand,23281.0
2023-09-18 10:00:00,CISO,California Independent System Operator,Demand,22694.0
2023-09-18 11:00:00,CISO,California Independent System Operator,Demand,22243.0
2023-09-18 12:00:00,CISO,California Independent System Operator,Demand,22195.0
2023-09-18 13:00:00,CISO,California Independent System Operator,Demand,22220.0
2023-09-18 14:00:00,CISO,California Independent System Operator,Demand,23459.0
2023-09-18 15:00:00,CISO,California Independent System Operator,Demand,24865.0
2023-09-18 16:00:00,CISO,California Independent System Operator,Demand,26137.0
2023-09-18 17:00:00,CISO,California Independent System Operator,Demand,27102.0
2023-09-18 18:00:00,CISO,California Independent System Operator,Demand,27441.0
2023-09-18 19:00:00,CISO,California Independent System Operator,Demand,26655.0
2023-09-18 20:00:00,CISO,California Independent System Operator,Demand,26159.0
2023-09-18 21:00:00,CISO,California Independent System Operator,Demand,25445.0
2023-09-18 22:00:00,CISO,California Independent System Operator,Demand,25028.0
2023-09-18 23:00:00,CISO,California Independent System Operator,Demand,26081.0
2023-09-19 00:00:00,CISO,California Independent System Operator,Demand,27260.0
2023-09-19 01:00:00,CISO,California Independent System Operator,Demand,28762.0
2023-09-19 02:00:00,CISO,California Independent System Operator,Demand,30229.0
2023-09-19 03:00:00,CISO,California Independent System Operator,Demand,30851.0
2023-09-19 04:00:00,CISO,California Independent System Operator,Demand,30961.0
2023-09-19 05:00:00,CISO,California Independent System Operator,Demand,30171.0
2023-09-19 06:00:00,CISO,California Independent System Operator,Demand,29048.0
2023-09-19 07:00:00,CISO,California Independent System Operator,Demand,27102.0
2023-09-19 08:00:00,CISO,California Independent System Operator,Demand,25251.0
2023-09-19 09:00:00,CISO,California Independent System Operator,Demand,24182.0
2023-09-19 10:00:00,CISO,California Independent System Operator,Demand,22898.0
2023-09-19 11:00:00,CISO,California Independent System Operator,Demand,22386.0
2023-09-19 12:00:00,CISO,California Independent System Operator,Demand,22051.0
2023-09-19 13:00:00,CISO,California Independent System Operator,Demand,22047.0
2023-09-19 14:00:00,CISO,California Independent System Operator,Demand,22991.0
2023-09-19 15:00:00,CISO,California Independent System Operator,Demand,24686.0
2023-09-19 16:00:00,CISO,California Independent System Operator,Demand,25777.0
2023-09-19 17:00:00,CISO,California Independent System Operator,Demand,26547.0
2023-09-19 18:00:00,CISO,California Independent System Operator,Demand,26636.0
2023-09-19 19:00:00,CISO,California Independent System Operator,Demand,26273.0
2023-09-19 20:00:00,CISO,California Independent System Operator,Demand,25425.0
2023-09-19 21:00:00,CISO,California Independent System Operator,Demand,24658.0
2023-09-19 22:00:00,CISO,California Independent System Operator,Demand,24460.0
2023-09-19 23:00:00,CISO,California Independent System Operator,Demand,25148.0
2023-09-20 00:00:00,CISO,California Independent System Operator,Demand,26510.0
2023-09-20 01:00:00,CISO,California Independent System Operator,Demand,28439.0
2023-09-20 02:00:00,CISO,California Independent System Operator,Demand,30179.0
2023-09-20 03:00:00,CISO,California Independent System Operator,Demand,30961.0
2023-09-20 04:00:00,CISO,California Independent System Operator,Demand,31065.0
2023-09-20 05:00:00,CISO,California Independent System Operator,Demand,30139.0
2023-09-20 06:00:00,CISO,California Independent System Operator,Demand,29051.0
2023-09-20 07:00:00,CISO,California Independent System Operator,Demand,27208.0
2023-09-20 08:00:00,CISO,California Independent System Operator,Demand,25314.0
2023-09-20 09:00:00,CISO,California Independent System Operator,Demand,24298.0
2023-09-20 10:00:00,CISO,California Independent System Operator,Demand,23237.0
2023-09-20 11:00:00,CISO,California Independent System Operator,Demand,22664.0
2023-09-20 12:00:00,CISO,California Independent System Operator,Demand,22436.0
2023-09-20 13:00:00,CISO,California Independent System Operator,Demand,22505.0
2023-09-20 14:00:00,CISO,California Independent System Operator,Demand,23342.0
2023-09-20 15:00:00,CISO,California Independent System Operator,Demand,25072.0
2023-09-20 16:00:00,CISO,California Independent System Operator,Demand,26016.0
2023-09-20 17:00:00,CISO,California Independent System Operator,Demand,26965.0
2023-09-20 18:00:00,CISO,California Independent System Operator,Demand,26634.0
2023-09-20 19:00:00,CISO,California Independent System Operator,Demand,26005.0
2023-09-20 20:00:00,CISO,California Independent System Operator,Demand,25262.0
2023-09-20 21:00:00,CISO,California Independent System Operator,Demand,24922.0
2023-09-20 22:00:00,CISO,California Independent System Operator,Demand,24641.0
2023-09-20 23:00:00,CISO,California Independent System Operator,Demand,25119.0
2023-09-21 00:00:00,CISO,California Independent System Operator,Demand,26258.0
2023-09-21 01:00:00,CISO,California Independent System Operator,Demand,27892.0
2023-09-21 02:00:00,CISO,California Independent System Operator,Demand,29389.0
2023-09-21 03:00:00,CISO,California Independent System Operator,Demand,30333.0
2023-09-21 04:00:00,CISO,California Independent System Operator,Demand,30412.0
2023-09-21 05:00:00,CISO,California Independent System Operator,Demand,29648.0
2023-09-21 06:00:00,CISO,California Independent System Operator,Demand,28475.0
2023-09-21 07:00:00,CISO,California Independent System Operator,Demand,26770.0
2023-09-21 08:00:00,CISO,California Independent System Operator,Demand,25246.0
2023-09-21 09:00:00,CISO,California Independent System Operator,Demand,24129.0
2023-09-21 10:00:00,CISO,California Independent System Operator,Demand,23053.0
2023-09-21 11:00:00,CISO,California Independent System Operator,Demand,22426.0
2023-09-21 12:00:00,CISO,California Independent System Operator,Demand,22293.0
2023-09-21 13:00:00,CISO,California Independent System Operator,Demand,22400.0
2023-09-21 14:00:00,CISO,California Independent System Operator,Demand,23244.0
2023-09-21 15:00:00,CISO,California Independent System Operator,Demand,24931.0
2023-09-21 16:00:00,CISO,California Independent System Operator,Demand,25849.0
2023-09-21 17:00:00,CISO,California Independent System Operator,Demand,26691.0
2023-09-21 18:00:00,CISO,California Independent System Operator,Demand,26258.0
2023-09-21 19:00:00,CISO,California Independent System Operator,Demand,26116.0
2023-09-21 20:00:00,CISO,California Independent System Operator,Demand,25790.0
2023-09-21 21:00:00,CISO,California Independent System Operator,Demand,24999.0
2023-09-21 22:00:00,CISO,California Independent System Operator,Demand,24478.0
2023-09-21 23:00:00,CISO,California Independent System Operator,Demand,24473.0
2023-09-22 00:00:00,CISO,California Independent System Operator,Demand,24656.0
2023-09-22 01:00:00,CISO,California Independent System Operator,Demand,26075.0
2023-09-22 02:00:00,CISO,California Independent System Operator,Demand,27708.0
2023-09-22 03:00:00,CISO,California Independent System Operator,Demand,28993.0
2023-09-22 04:00:00,CISO,California Independent System Operator,Demand,29097.0
2023-09-22 05:00:00,CISO,California Independent System Operator,Demand,28522.0
2023-09-22 06:00:00,CISO,California Independent System Operator,Demand,27670.0
2023-09-22 07:00:00,CISO,California Independent System Operator,Demand,26126.0
2023-09-22 08:00:00,CISO,California Independent System Operator,Demand,24757.0
2023-09-22 09:00:00,CISO,California Independent System Operator,Demand,23850.0
2023-09-22 10:00:00,CISO,California Independent System Operator,Demand,22957.0
2023-09-22 11:00:00,CISO,California Independent System Operator,Demand,22510.0
2023-09-22 12:00:00,CISO,California Independent System Operator,Demand,22372.0
2023-09-22 13:00:00,CISO,California Independent System Operator,Demand,22250.0
2023-09-22 14:00:00,CISO,California Independent System Operator,Demand,23266.0
2023-09-22 15:00:00,CISO,California Independent System Operator,Demand,24246.0
2023-09-22 16:00:00,CISO,California Independent System Operator,Demand,25249.0
2023-09-22 17:00:00,CISO,California Independent System Operator,Demand,26125.0
2023-09-22 18:00:00,CISO,California Independent System Operator,Demand,25422.0
2023-09-22 19:00:00,CISO,California Independent System Operator,Demand,25094.0
2023-09-22 20:00:00,CISO,California Independent System Operator,Demand,24672.0
2023-09-22 21:00:00,CISO,California Independent System Operator,Demand,23892.0
2023-09-22 22:00:00,CISO,California Independent System Operator,Demand,24759.0
2023-09-22 23:00:00,CISO,California Independent System Operator,Demand,25189.0
2023-09-23 00:00:00,CISO,California Independent System Operator,Demand,25239.0
2023-09-23 01:00:00,CISO,California Independent System Operator,Demand,25831.0
2023-09-23 02:00:00,CISO,California Independent System Operator,Demand,27109.0
2023-09-23 03:00:00,CISO,California Independent System Operator,Demand,27852.0
2023-09-23 04:00:00,CISO,California Independent System Operator,Demand,28225.0
2023-09-23 05:00:00,CISO,California Independent System Operator,Demand,27670.0
2023-09-23 06:00:00,CISO,California Independent System Operator,Demand,26990.0
2023-09-23 07:00:00,CISO,California Independent System Operator,Demand,25678.0
2023-09-23 08:00:00,CISO,California Independent System Operator,Demand,24497.0
2023-09-23 09:00:00,CISO,California Independent System Operator,Demand,23422.0
2023-09-23 10:00:00,CISO,California Independent System Operator,Demand,22466.0
2023-09-23 11:00:00,CISO,California Independent System Operator,Demand,21701.0
2023-09-23 12:00:00,CISO,California Independent System Operator,Demand,21336.0
2023-09-23 13:00:00,CISO,California Independent System Operator,Demand,21221.0
2023-09-23 14:00:00,CISO,California Independent System Operator,Demand,21540.0
2023-09-23 15:00:00,CISO,California Independent System Operator,Demand,22147.0
2023-09-23 16:00:00,CISO,California Independent System Operator,Demand,22238.0
2023-09-23 17:00:00,CISO,California Independent System Operator,Demand,22259.0
2023-09-23 18:00:00,CISO,California Independent System Operator,Demand,22401.0
2023-09-23 19:00:00,CISO,California Independent System Operator,Demand,21745.0
2023-09-23 20:00:00,CISO,California Independent System Operator,Demand,21802.0
2023-09-23 21:00:00,CISO,California Independent System Operator,Demand,21774.0
2023-09-23 22:00:00,CISO,California Independent System Operator,Demand,21889.0
2023-09-23 23:00:00,CISO,California Independent System Operator,Demand,22340.0
2023-09-24 00:00:00,CISO,California Independent System Operator,Demand,22914.0
2023-09-24 01:00:00,CISO,California Independent System Operator,Demand,24899.0
2023-09-24 02:00:00,CISO,California Independent System Operator,Demand,26407.0
2023-09-24 03:00:00,CISO,California Independent System Operator,Demand,27704.0
2023-09-24 04:00:00,CISO,California Independent System Operator,Demand,27979.0
2023-09-24 05:00:00,CISO,California Independent System Operator,Demand,27279.0
2023-09-24 06:00:00,CISO,California Independent System Operator,Demand,26428.0
2023-09-24 07:00:00,CISO,California Independent System Operator,Demand,25252.0
2023-09-24 08:00:00,CISO,California Independent System Operator,Demand,24023.0
2023-09-24 09:00:00,CISO,California Independent System Operator,Demand,23213.0
2023-09-24 10:00:00,CISO,California Independent System Operator,Demand,22406.0
2023-09-24 11:00:00,CISO,California Independent System Operator,Demand,21935.0
2023-09-24 12:00:00,CISO,California Independent System Operator,Demand,21512.0
2023-09-24 13:00:00,CISO,California Independent System Operator,Demand,21267.0
2023-09-24 14:00:00,CISO,California Independent System Operator,Demand,21286.0
2023-09-24 15:00:00,CISO,California Independent System Operator,Demand,21510.0
2023-09-24 16:00:00,CISO,California Independent System Operator,Demand,21638.0
2023-09-24 17:00:00,CISO,California Independent System Operator,Demand,22618.0
2023-09-24 18:00:00,CISO,California Independent System Operator,Demand,21760.0
2023-09-24 19:00:00,CISO,California Independent System Operator,Demand,20226.0
2023-09-24 20:00:00,CISO,California Independent System Operator,Demand,19030.0
2023-09-24 21:00:00,CISO,California Independent System Operator,Demand,19097.0
2023-09-24 22:00:00,CISO,California Independent System Operator,Demand,19383.0
2023-09-24 23:00:00,CISO,California Independent System Operator,Demand,20955.0
2023-09-25 00:00:00,CISO,California Independent System Operator,Demand,22684.0
2023-09-25 01:00:00,CISO,California Independent System Operator,Demand,24962.0
2023-09-25 02:00:00,CISO,California Independent System Operator,Demand,27020.0
2023-09-25 03:00:00,CISO,California Independent System Operator,Demand,28527.0
2023-09-25 04:00:00,CISO,California Independent System Operator,Demand,28782.0
2023-09-25 05:00:00,CISO,California Independent System Operator,Demand,27818.0
2023-09-25 06:00:00,CISO,California Independent System Operator,Demand,26804.0
2023-09-25 07:00:00,CISO,California Independent System Operator,Demand,25214.0
2023-09-25 08:00:00,CISO,California Independent System Operator,Demand,23631.0
2023-09-25 09:00:00,CISO,California Independent System Operator,Demand,22700.0
2023-09-25 10:00:00,CISO,California Independent System Operator,Demand,21823.0
2023-09-25 11:00:00,CISO,California Independent System Operator,Demand,21518.0
2023-09-25 12:00:00,CISO,California Independent System Operator,Demand,21391.0
2023-09-25 13:00:00,CISO,California Independent System Operator,Demand,21782.0
2023-09-25 14:00:00,CISO,California Independent System Operator,Demand,22685.0
2023-09-25 15:00:00,CISO,California Independent System Operator,Demand,24109.0
2023-09-25 16:00:00,CISO,California Independent System Operator,Demand,25275.0
2023-09-25 17:00:00,CISO,California Independent System Operator,Demand,25628.0
2023-09-25 18:00:00,CISO,California Independent System Operator,Demand,25554.0
2023-09-25 19:00:00,CISO,California Independent System Operator,Demand,25338.0
2023-09-25 20:00:00,CISO,California Independent System Operator,Demand,24412.0
2023-09-25 21:00:00,CISO,California Independent System Operator,Demand,23777.0
2023-09-25 22:00:00,CISO,California Independent System Operator,Demand,23536.0
2023-09-25 23:00:00,CISO,California Independent System Operator,Demand,24616.0
2023-09-26 00:00:00,CISO,California Independent System Operator,Demand,26361.0
2023-09-26 01:00:00,CISO,California Independent System Operator,Demand,28438.0
2023-09-26 02:00:00,CISO,California Independent System Operator,Demand,29709.0
2023-09-26 03:00:00,CISO,California Independent System Operator,Demand,30603.0
2023-09-26 04:00:00,CISO,California Independent System Operator,Demand,30729.0
2023-09-26 05:00:00,CISO,California Independent System Operator,Demand,29321.0
2023-09-26 06:00:00,CISO,California Independent System Operator,Demand,28022.0
2023-09-26 07:00:00,CISO,California Independent System Operator,Demand,26177.0
2023-09-26 08:00:00,CISO,California Independent System Operator,Demand,24523.0
2023-09-26 09:00:00,CISO,California Independent System Operator,Demand,23535.0
2023-09-26 10:00:00,CISO,California Independent System Operator,Demand,22749.0
2023-09-26 11:00:00,CISO,California Independent System Operator,Demand,22170.0
2023-09-26 12:00:00,CISO,California Independent System Operator,Demand,21756.0
2023-09-26 13:00:00,CISO,California Independent System Operator,Demand,21897.0
2023-09-26 14:00:00,CISO,California Independent System Operator,Demand,22773.0
2023-09-26 15:00:00,CISO,California Independent System Operator,Demand,24596.0
2023-09-26 16:00:00,CISO,California Independent System Operator,Demand,25634.0
2023-09-26 17:00:00,CISO,California Independent System Operator,Demand,26885.0
2023-09-26 18:00:00,CISO,California Independent System Operator,Demand,25937.0
2023-09-26 19:00:00,CISO,California Independent System Operator,Demand,25477.0
2023-09-26 20:00:00,CISO,California Independent System Operator,Demand,24959.0
2023-09-26 21:00:00,CISO,California Independent System Operator,Demand,25036.0
2023-09-26 22:00:00,CISO,California Independent System Operator,Demand,24642.0
2023-09-26 23:00:00,CISO,California Independent System Operator,Demand,25525.0
2023-09-27 00:00:00,CISO,California Independent System Operator,Demand,27348.0
2023-09-27 01:00:00,CISO,California Independent System Operator,Demand,29569.0
2023-09-27 02:00:00,CISO,California Independent System Operator,Demand,31069.0
2023-09-27 03:00:00,CISO,California Independent System Operator,Demand,31656.0
2023-09-27 04:00:00,CISO,California Independent System Operator,Demand,31185.0
2023-09-27 05:00:00,CISO,California Independent System Operator,Demand,30030.0
2023-09-27 06:00:00,CISO,California Independent System Operator,Demand,28727.0
2023-09-27 07:00:00,CISO,California Independent System Operator,Demand,26934.0
2023-09-27 08:00:00,CISO,California Independent System Operator,Demand,25232.0
2023-09-27 09:00:00,CISO,California Independent System Operator,Demand,24018.0
2023-09-27 10:00:00,CISO,California Independent System Operator,Demand,22955.0
2023-09-27 11:00:00,CISO,California Independent System Operator,Demand,22194.0
2023-09-27 12:00:00,CISO,California Independent System Operator,Demand,22084.0
2023-09-27 13:00:00,CISO,California Independent System Operator,Demand,22013.0
2023-09-27 14:00:00,CISO,California Independent System Operator,Demand,22836.0
2023-09-27 15:00:00,CISO,California Independent System Operator,Demand,24362.0
2023-09-27 16:00:00,CISO,California Independent System Operator,Demand,25389.0
2023-09-27 17:00:00,CISO,California Independent System Operator,Demand,26608.0
2023-09-27 18:00:00,CISO,California Independent System Operator,Demand,26441.0
2023-09-27 19:00:00,CISO,California Independent System Operator,Demand,26174.0
2023-09-27 20:00:00,CISO,California Independent System Operator,Demand,25105.0
2023-09-27 21:00:00,CISO,California Independent System Operator,Demand,24946.0
2023-09-27 22:00:00,CISO,California Independent System Operator,Demand,24560.0
2023-09-27 23:00:00,CISO,California Independent System Operator,Demand,25432.0
2023-09-28 00:00:00,CISO,California Independent System Operator,Demand,27211.0
2023-09-28 01:00:00,CISO,California Independent System Operator,Demand,28952.0
2023-09-28 02:00:00,CISO,California Independent System Operator,Demand,30612.0
2023-09-28 03:00:00,CISO,California Independent System Operator,Demand,31184.0
2023-09-28 04:00:00,CISO,California Independent System Operator,Demand,31121.0
2023-09-28 05:00:00,CISO,California Independent System Operator,Demand,30090.0
2023-09-28 06:00:00,CISO,California Independent System Operator,Demand,28776.0
2023-09-28 07:00:00,CISO,California Independent System Operator,Demand,26802.0
2023-09-28 08:00:00,CISO,California Independent System Operator,Demand,25057.0
2023-09-28 09:00:00,CISO,California Independent System Operator,Demand,23827.0
2023-09-28 10:00:00,CISO,California Independent System Operator,Demand,23080.0
2023-09-28 11:00:00,CISO,California Independent System Operator,Demand,22346.0
2023-09-28 12:00:00,CISO,California Independent System Operator,Demand,21966.0
2023-09-28 13:00:00,CISO,California Independent System Operator,Demand,22159.0
2023-09-28 14:00:00,CISO,California Independent System Operator,Demand,23136.0
2023-09-28 15:00:00,CISO,California Independent System Operator,Demand,24871.0
2023-09-28 16:00:00,CISO,California Independent System Operator,Demand,25947.0
2023-09-28 17:00:00,CISO,California Independent System Operator,Demand,26421.0
2023-09-28 18:00:00,CISO,California Independent System Operator,Demand,26216.0
2023-09-28 19:00:00,CISO,California Independent System Operator,Demand,25338.0
2023-09-28 20:00:00,CISO,California Independent System Operator,Demand,24567.0
2023-09-28 21:00:00,CISO,California Independent System Operator,Demand,24337.0
2023-09-28 22:00:00,CISO,California Independent System Operator,Demand,24782.0
2023-09-28 23:00:00,CISO,California Independent System Operator,Demand,25437.0
2023-09-29 00:00:00,CISO,California Independent System Operator,Demand,26578.0
2023-09-29 01:00:00,CISO,California Independent System Operator,Demand,28328.0
2023-09-29 02:00:00,CISO,California Independent System Operator,Demand,29851.0
2023-09-29 03:00:00,CISO,California Independent System Operator,Demand,30492.0
2023-09-29 04:00:00,CISO,California Independent System Operator,Demand,30473.0
2023-09-29 05:00:00,CISO,California Independent System Operator,Demand,29446.0
2023-09-29 06:00:00,CISO,California Independent System Operator,Demand,28375.0
2023-09-29 07:00:00,CISO,California Independent System Operator,Demand,26599.0
2023-09-29 08:00:00,CISO,California Independent System Operator,Demand,25007.0
2023-09-29 09:00:00,CISO,California Independent System Operator,Demand,24125.0
2023-09-29 10:00:00,CISO,California Independent System Operator,Demand,23132.0
2023-09-29 11:00:00,CISO,California Independent System Operator,Demand,22599.0
2023-09-29 12:00:00,CISO,California Independent System Operator,Demand,22102.0
2023-09-29 13:00:00,CISO,California Independent System Operator,Demand,22189.0
2023-09-29 14:00:00,CISO,California Independent System Operator,Demand,23133.0
2023-09-29 15:00:00,CISO,California Independent System Operator,Demand,24823.0
2023-09-29 16:00:00,CISO,California Independent System Operator,Demand,25750.0
2023-09-29 17:00:00,CISO,California Independent System Operator,Demand,26481.0
2023-09-29 18:00:00,CISO,California Independent System Operator,Demand,26419.0
2023-09-29 19:00:00,CISO,California Independent System Operator,Demand,25937.0
2023-09-29 20:00:00,CISO,California Independent System Operator,Demand,25389.0
2023-09-29 21:00:00,CISO,California Independent System Operator,Demand,25179.0
2023-09-29 22:00:00,CISO,California Independent System Operator,Demand,25204.0
2023-09-29 23:00:00,CISO,California Independent System Operator,Demand,25539.0
2023-09-30 00:00:00,CISO,California Independent System Operator,Demand,26038.0
2023-09-30 01:00:00,CISO,California Independent System Operator,Demand,27244.0
2023-09-30 02:00:00,CISO,California Independent System Operator,Demand,27550.0
2023-09-30 03:00:00,CISO,California Independent System Operator,Demand,28178.0
2023-09-30 04:00:00,CISO,California Independent System Operator,Demand,28376.0
2023-09-30 05:00:00,CISO,California Independent System Operator,Demand,27579.0
2023-09-30 06:00:00,CISO,California Independent System Operator,Demand,26969.0
2023-09-30 07:00:00,CISO,California Independent System Operator,Demand,25745.0
2023-09-30 08:00:00,CISO,California Independent System Operator,Demand,24379.0
2023-09-30 09:00:00,CISO,California Independent System Operator,Demand,23817.0
2023-09-30 10:00:00,CISO,California Independent System Operator,Demand,22908.0
2023-09-30 11:00:00,CISO,California Independent System Operator,Demand,22308.0
2023-09-30 12:00:00,CISO,California Independent System Operator,Demand,21482.0
2023-09-30 13:00:00,CISO,California Independent System Operator,Demand,21229.0
2023-09-30 14:00:00,CISO,California Independent System Operator,Demand,21543.0
2023-09-30 15:00:00,CISO,California Independent System Operator,Demand,22011.0
2023-09-30 16:00:00,CISO,California Independent System Operator,Demand,22286.0
2023-09-30 17:00:00,CISO,California Independent System Operator,Demand,23062.0
2023-09-30 18:00:00,CISO,California Independent System Operator,Demand,23299.0
2023-09-30 19:00:00,CISO,California Independent System Operator,Demand,22800.0
2023-09-30 20:00:00,CISO,California Independent System Operator,Demand,22597.0
2023-09-30 21:00:00,CISO,California Independent System Operator,Demand,22768.0
2023-09-30 22:00:00,CISO,California Independent System Operator,Demand,22311.0
2023-09-30 23:00:00,CISO,California Independent System Operator,Demand,22450.0
2023-10-01 00:00:00,CISO,California Independent System Operator,Demand,21773.0
2023-10-01 01:00:00,CISO,California Independent System Operator,Demand,22758.0
2023-10-01 02:00:00,CISO,California Independent System Operator,Demand,23455.0
2023-10-01 03:00:00,CISO,California Independent System Operator,Demand,24600.0
2023-10-01 04:00:00,CISO,California Independent System Operator,Demand,25350.0
2023-10-01 05:00:00,CISO,California Independent System Operator,Demand,24822.0
2023-10-01 06:00:00,CISO,California Independent System Operator,Demand,24358.0
2023-10-01 07:00:00,CISO,California Independent System Operator,Demand,23698.0
2023-10-01 08:00:00,CISO,California Independent System Operator,Demand,22813.0
2023-10-01 09:00:00,CISO,California Independent System Operator,Demand,22294.0
2023-10-01 10:00:00,CISO,California Independent System Operator,Demand,21676.0
2023-10-01 11:00:00,CISO,California Independent System Operator,Demand,21051.0
2023-10-01 12:00:00,CISO,California Independent System Operator,Demand,20637.0
2023-10-01 13:00:00,CISO,California Independent System Operator,Demand,20321.0
2023-10-01 14:00:00,CISO,California Independent System Operator,Demand,20405.0
2023-10-01 15:00:00,CISO,California Independent System Operator,Demand,20794.0
2023-10-01 16:00:00,CISO,California Independent System Operator,Demand,21051.0
2023-10-01 17:00:00,CISO,California Independent System Operator,Demand,22056.0
2023-10-01 18:00:00,CISO,California Independent System Operator,Demand,21410.0
2023-10-01 19:00:00,CISO,California Independent System Operator,Demand,20127.0
2023-10-01 20:00:00,CISO,California Independent System Operator,Demand,18920.0
2023-10-01 21:00:00,CISO,California Independent System Operator,Demand,18561.0
2023-10-01 22:00:00,CISO,California Independent System Operator,Demand,18188.0
2023-10-01 23:00:00,CISO,California Independent System Operator,Demand,18526.0
2023-10-02 00:00:00,CISO,California Independent System Operator,Demand,19390.0
2023-10-02 01:00:00,CISO,California Independent System Operator,Demand,20870.0
2023-10-02 02:00:00,CISO,California Independent System Operator,Demand,22962.0
2023-10-02 03:00:00,CISO,California Independent System Operator,Demand,24734.0
2023-10-02 04:00:00,CISO,California Independent System Operator,Demand,25599.0
2023-10-02 05:00:00,CISO,California Independent System Operator,Demand,25000.0
2023-10-02 06:00:00,CISO,California Independent System Operator,Demand,24687.0
2023-10-02 07:00:00,CISO,California Independent System Operator,Demand,23751.0
2023-10-02 08:00:00,CISO,California Independent System Operator,Demand,22327.0
2023-10-02 09:00:00,CISO,California Independent System Operator,Demand,21582.0
2023-10-02 10:00:00,CISO,California Independent System Operator,Demand,20993.0
2023-10-02 11:00:00,CISO,California Independent System Operator,Demand,20419.0
2023-10-02 12:00:00,CISO,California Independent System Operator,Demand,20219.0
2023-10-02 13:00:00,CISO,California Independent System Operator,Demand,20349.0
2023-10-02 14:00:00,CISO,California Independent System Operator,Demand,21350.0
2023-10-02 15:00:00,CISO,California Independent System Operator,Demand,23103.0
2023-10-02 16:00:00,CISO,California Independent System Operator,Demand,23841.0
2023-10-02 17:00:00,CISO,California Independent System Operator,Demand,24510.0
2023-10-02 18:00:00,CISO,California Independent System Operator,Demand,24520.0
2023-10-02 19:00:00,CISO,California Independent System Operator,Demand,23231.0
2023-10-02 20:00:00,CISO,California Independent System Operator,Demand,22719.0
2023-10-02 21:00:00,CISO,California Independent System Operator,Demand,22254.0
2023-10-02 22:00:00,CISO,California Independent System Operator,Demand,21714.0
2023-10-02 23:00:00,CISO,California Independent System Operator,Demand,21867.0
2023-10-03 00:00:00,CISO,California Independent System Operator,Demand,22796.0
2023-10-03 01:00:00,CISO,California Independent System Operator,Demand,24075.0
2023-10-03 02:00:00,CISO,California Independent System Operator,Demand,26135.0
2023-10-03 03:00:00,CISO,California Independent System Operator,Demand,27608.0
2023-10-03 04:00:00,CISO,California Independent System Operator,Demand,28068.0
2023-10-03 05:00:00,CISO,California Independent System Operator,Demand,27259.0
2023-10-03 06:00:00,CISO,California Independent System Operator,Demand,26380.0
2023-10-03 07:00:00,CISO,California Independent System Operator,Demand,24814.0
2023-10-03 08:00:00,CISO,California Independent System Operator,Demand,23570.0
2023-10-03 09:00:00,CISO,California Independent System Operator,Demand,23129.0
2023-10-03 10:00:00,CISO,California Independent System Operator,Demand,22132.0
2023-10-03 11:00:00,CISO,California Independent System Operator,Demand,21768.0
2023-10-03 12:00:00,CISO,California Independent System Operator,Demand,21123.0
2023-10-03 13:00:00,CISO,California Independent System Operator,Demand,21150.0
2023-10-03 14:00:00,CISO,California Independent System Operator,Demand,22136.0
2023-10-03 15:00:00,CISO,California Independent System Operator,Demand,23905.0
2023-10-03 16:00:00,CISO,California Independent System Operator,Demand,24392.0
2023-10-03 17:00:00,CISO,California Independent System Operator,Demand,24525.0
2023-10-03 18:00:00,CISO,California Independent System Operator,Demand,24082.0
2023-10-03 19:00:00,CISO,California Independent System Operator,Demand,23186.0
2023-10-03 20:00:00,CISO,California Independent System Operator,Demand,22542.0
2023-10-03 21:00:00,CISO,California Independent System Operator,Demand,22629.0
2023-10-03 22:00:00,CISO,California Independent System Operator,Demand,22891.0
2023-10-03 23:00:00,CISO,California Independent System Operator,Demand,23673.0
2023-10-04 00:00:00,CISO,California Independent System Operator,Demand,24896.0
2023-10-04 01:00:00,CISO,California Independent System Operator,Demand,26755.0
2023-10-04 02:00:00,CISO,California Independent System Operator,Demand,28248.0
2023-10-04 03:00:00,CISO,California Independent System Operator,Demand,29491.0
2023-10-04 04:00:00,CISO,California Independent System Operator,Demand,29550.0
2023-10-04 05:00:00,CISO,California Independent System Operator,Demand,28705.0
2023-10-04 06:00:00,CISO,California Independent System Operator,Demand,27846.0
2023-10-04 07:00:00,CISO,California Independent System Operator,Demand,26032.0
2023-10-04 08:00:00,CISO,California Independent System Operator,Demand,24234.0
2023-10-04 09:00:00,CISO,California Independent System Operator,Demand,23366.0
2023-10-04 10:00:00,CISO,California Independent System Operator,Demand,22429.0
2023-10-04 11:00:00,CISO,California Independent System Operator,Demand,21834.0
2023-10-04 12:00:00,CISO,California Independent System Operator,Demand,21718.0
2023-10-04 13:00:00,CISO,California Independent System Operator,Demand,21632.0
2023-10-04 14:00:00,CISO,California Independent System Operator,Demand,22428.0
2023-10-04 15:00:00,CISO,California Independent System Operator,Demand,24043.0
2023-10-04 16:00:00,CISO,California Independent System Operator,Demand,24548.0
2023-10-04 17:00:00,CISO,California Independent System Operator,Demand,25564.0
2023-10-04 18:00:00,CISO,California Independent System Operator,Demand,25442.0
2023-10-04 19:00:00,CISO,California Independent System Operator,Demand,24404.0
2023-10-04 20:00:00,CISO,California Independent System Operator,Demand,23818.0
2023-10-04 21:00:00,CISO,California Independent System Operator,Demand,24239.0
2023-10-04 22:00:00,CISO,California Independent System Operator,Demand,24998.0
2023-10-04 23:00:00,CISO,California Independent System Operator,Demand,26657.0
2023-10-05 00:00:00,CISO,California Independent System Operator,Demand,28874.0
2023-10-05 01:00:00,CISO,California Independent System Operator,Demand,31246.0
2023-10-05 02:00:00,CISO,California Independent System Operator,Demand,32874.0
2023-10-05 03:00:00,CISO,California Independent System Operator,Demand,33144.0
2023-10-05 04:00:00,CISO,California Independent System Operator,Demand,32533.0
2023-10-05 05:00:00,CISO,California Independent System Operator,Demand,31176.0
2023-10-05 06:00:00,CISO,California Independent System Operator,Demand,29846.0
2023-10-05 07:00:00,CISO,California Independent System Operator,Demand,27856.0
2023-10-05 08:00:00,CISO,California Independent System Operator,Demand,25863.0
2023-10-05 09:00:00,CISO,California Independent System Operator,Demand,24737.0
2023-10-05 10:00:00,CISO,California Independent System Operator,Demand,23610.0
2023-10-05 11:00:00,CISO,California Independent System Operator,Demand,22807.0
2023-10-05 12:00:00,CISO,California Independent System Operator,Demand,22284.0
2023-10-05 13:00:00,CISO,California Independent System Operator,Demand,22412.0
2023-10-05 14:00:00,CISO,California Independent System Operator,Demand,23308.0
2023-10-05 15:00:00,CISO,California Independent System Operator,Demand,24947.0
2023-10-05 16:00:00,CISO,California Independent System Operator,Demand,25691.0
2023-10-05 17:00:00,CISO,California Independent System Operator,Demand,26714.0
2023-10-05 18:00:00,CISO,California Independent System Operator,Demand,26842.0
2023-10-05 19:00:00,CISO,California Independent System Operator,Demand,26927.0
2023-10-05 20:00:00,CISO,California Independent System Operator,Demand,27406.0
2023-10-05 21:00:00,CISO,California Independent System Operator,Demand,27750.0
2023-10-05 22:00:00,CISO,California Independent System Operator,Demand,28677.0
2023-10-05 23:00:00,CISO,California Independent System Operator,Demand,30662.0
2023-10-06 00:00:00,CISO,California Independent System Operator,Demand,33135.0
2023-10-06 01:00:00,CISO,California Independent System Operator,Demand,35249.0
2023-10-06 02:00:00,CISO,California Independent System Operator,Demand,36239.0
2023-10-06 03:00:00,CISO,California Independent System Operator,Demand,35662.0
2023-10-06 04:00:00,CISO,California Independent System Operator,Demand,34592.0
2023-10-06 05:00:00,CISO,California Independent System Operator,Demand,32907.0
2023-10-06 06:00:00,CISO,California Independent System Operator,Demand,31350.0
2023-10-06 07:00:00,CISO,California Independent System Operator,Demand,29021.0
2023-10-06 08:00:00,CISO,California Independent System Operator,Demand,26988.0
2023-10-06 09:00:00,CISO,California Independent System Operator,Demand,25338.0
2023-10-06 10:00:00,CISO,California Independent System Operator,Demand,24122.0
2023-10-06 11:00:00,CISO,California Independent System Operator,Demand,23743.0
2023-10-06 12:00:00,CISO,California Independent System Operator,Demand,23345.0
2023-10-06 13:00:00,CISO,California Independent System Operator,Demand,23708.0
2023-10-06 14:00:00,CISO,California Independent System Operator,Demand,23919.0
2023-10-06 15:00:00,CISO,California Independent System Operator,Demand,25334.0
2023-10-06 16:00:00,CISO,California Independent System Operator,Demand,25951.0
2023-10-06 17:00:00,CISO,California Independent System Operator,Demand,27691.0
2023-10-06 18:00:00,CISO,California Independent System Operator,Demand,27598.0
2023-10-06 19:00:00,CISO,California Independent System Operator,Demand,27228.0
2023-10-06 20:00:00,CISO,California Independent System Operator,Demand,27541.0
2023-10-06 21:00:00,CISO,California Independent System Operator,Demand,27879.0
2023-10-06 22:00:00,CISO,California Independent System Operator,Demand,29114.0
2023-10-06 23:00:00,CISO,California Independent System Operator,Demand,31340.0
2023-10-07 00:00:00,CISO,California Independent System Operator,Demand,33929.0
2023-10-07 01:00:00,CISO,California Independent System Operator,Demand,36081.0
2023-10-07 02:00:00,CISO,California Independent System Operator,Demand,36823.0
2023-10-07 03:00:00,CISO,California Independent System Operator,Demand,36033.0
2023-10-07 04:00:00,CISO,California Independent System Operator,Demand,34491.0
2023-10-07 05:00:00,CISO,California Independent System Operator,Demand,32634.0
2023-10-07 06:00:00,CISO,California Independent System Operator,Demand,31079.0
2023-10-07 07:00:00,CISO,California Independent System Operator,Demand,28905.0
2023-10-07 08:00:00,CISO,California Independent System Operator,Demand,26867.0
2023-10-07 09:00:00,CISO,California Independent System Operator,Demand,25179.0
2023-10-07 10:00:00,CISO,California Independent System Operator,Demand,23929.0
2023-10-07 11:00:00,CISO,California Independent System Operator,Demand,22896.0
2023-10-07 12:00:00,CISO,California Independent System Operator,Demand,22276.0
2023-10-07 13:00:00,CISO,California Independent System Operator,Demand,22018.0
2023-10-07 14:00:00,CISO,California Independent System Operator,Demand,22206.0
2023-10-07 15:00:00,CISO,California Independent System Operator,Demand,22676.0
2023-10-07 16:00:00,CISO,California Independent System Operator,Demand,22793.0
2023-10-07 17:00:00,CISO,California Independent System Operator,Demand,24806.0
2023-10-07 18:00:00,CISO,California Independent System Operator,Demand,24233.0
2023-10-07 19:00:00,CISO,California Independent System Operator,Demand,24049.0
2023-10-07 20:00:00,CISO,California Independent System Operator,Demand,24010.0
2023-10-07 21:00:00,CISO,California Independent System Operator,Demand,24597.0
2023-10-07 22:00:00,CISO,California Independent System Operator,Demand,25891.0
2023-10-07 23:00:00,CISO,California Independent System Operator,Demand,27867.0
2023-10-08 00:00:00,CISO,California Independent System Operator,Demand,30538.0
2023-10-08 01:00:00,CISO,California Independent System Operator,Demand,32716.0
2023-10-08 02:00:00,CISO,California Independent System Operator,Demand,34202.0
2023-10-08 03:00:00,CISO,California Independent System Operator,Demand,33902.0
2023-10-08 04:00:00,CISO,California Independent System Operator,Demand,32442.0
2023-10-08 05:00:00,CISO,California Independent System Operator,Demand,30831.0
2023-10-08 06:00:00,CISO,California Independent System Operator,Demand,29394.0
2023-10-08 07:00:00,CISO,California Independent System Operator,Demand,27611.0
2023-10-08 08:00:00,CISO,California Independent System Operator,Demand,25806.0
2023-10-08 09:00:00,CISO,California Independent System Operator,Demand,24828.0
2023-10-08 10:00:00,CISO,California Independent System Operator,Demand,23990.0
2023-10-08 11:00:00,CISO,California Independent System Operator,Demand,23076.0
2023-10-08 12:00:00,CISO,California Independent System Operator,Demand,22120.0
2023-10-08 13:00:00,CISO,California Independent System Operator,Demand,21889.0
2023-10-08 14:00:00,CISO,California Independent System Operator,Demand,21818.0
2023-10-08 15:00:00,CISO,California Independent System Operator,Demand,22043.0
2023-10-08 16:00:00,CISO,California Independent System Operator,Demand,21929.0
2023-10-08 17:00:00,CISO,California Independent System Operator,Demand,23748.0
2023-10-08 18:00:00,CISO,California Independent System Operator,Demand,23943.0
2023-10-08 19:00:00,CISO,California Independent System Operator,Demand,23051.0
2023-10-08 20:00:00,CISO,California Independent System Operator,Demand,22842.0
2023-10-08 21:00:00,CISO,California Independent System Operator,Demand,23318.0
2023-10-08 22:00:00,CISO,California Independent System Operator,Demand,24530.0
2023-10-08 23:00:00,CISO,California Independent System Operator,Demand,26222.0
2023-10-09 00:00:00,CISO,California Independent System Operator,Demand,28232.0
2023-10-09 01:00:00,CISO,California Independent System Operator,Demand,30436.0
2023-10-09 02:00:00,CISO,California Independent System Operator,Demand,32364.0
2023-10-09 03:00:00,CISO,California Independent System Operator,Demand,32322.0
2023-10-09 04:00:00,CISO,California Independent System Operator,Demand,31320.0
2023-10-09 05:00:00,CISO,California Independent System Operator,Demand,29649.0
2023-10-09 06:00:00,CISO,California Independent System Operator,Demand,28202.0
2023-10-09 07:00:00,CISO,California Independent System Operator,Demand,26375.0
2023-10-09 08:00:00,CISO,California Independent System Operator,Demand,24582.0
2023-10-09 09:00:00,CISO,California Independent System Operator,Demand,23331.0
2023-10-09 10:00:00,CISO,California Independent System Operator,Demand,22358.0
2023-10-09 11:00:00,CISO,California Independent System Operator,Demand,21637.0
2023-10-09 12:00:00,CISO,California Independent System Operator,Demand,21092.0
2023-10-09 13:00:00,CISO,California Independent System Operator,Demand,21373.0
2023-10-09 14:00:00,CISO,California Independent System Operator,Demand,22272.0
2023-10-09 15:00:00,CISO,California Independent System Operator,Demand,23855.0
2023-10-09 16:00:00,CISO,California Independent System Operator,Demand,25085.0
2023-10-09 17:00:00,CISO,California Independent System Operator,Demand,26817.0
2023-10-09 18:00:00,CISO,California Independent System Operator,Demand,26781.0
2023-10-09 19:00:00,CISO,California Independent System Operator,Demand,25738.0
2023-10-09 20:00:00,CISO,California Independent System Operator,Demand,26089.0
2023-10-09 21:00:00,CISO,California Independent System Operator,Demand,26363.0
2023-10-09 22:00:00,CISO,California Independent System Operator,Demand,26757.0
2023-10-09 23:00:00,CISO,California Independent System Operator,Demand,27679.0
2023-10-10 00:00:00,CISO,California Independent System Operator,Demand,28484.0
2023-10-10 01:00:00,CISO,California Independent System Operator,Demand,29523.0
2023-10-10 02:00:00,CISO,California Independent System Operator,Demand,30314.0
2023-10-10 03:00:00,CISO,California Independent System Operator,Demand,30665.0
2023-10-10 04:00:00,CISO,California Independent System Operator,Demand,30293.0
2023-10-10 05:00:00,CISO,California Independent System Operator,Demand,29104.0
2023-10-10 06:00:00,CISO,California Independent System Operator,Demand,27905.0
2023-10-10 07:00:00,CISO,California Independent System Operator,Demand,26535.0
2023-10-10 08:00:00,CISO,California Independent System Operator,Demand,24716.0
2023-10-10 09:00:00,CISO,California Independent System Operator,Demand,23453.0
2023-10-10 10:00:00,CISO,California Independent System Operator,Demand,22538.0
2023-10-10 11:00:00,CISO,California Independent System Operator,Demand,21941.0
2023-10-10 12:00:00,CISO,California Independent System Operator,Demand,21554.0
2023-10-10 13:00:00,CISO,California Independent System Operator,Demand,21433.0
2023-10-10 14:00:00,CISO,California Independent System Operator,Demand,22312.0
2023-10-10 15:00:00,CISO,California Independent System Operator,Demand,24199.0
2023-10-10 16:00:00,CISO,California Independent System Operator,Demand,25612.0
2023-10-10 17:00:00,CISO,California Independent System Operator,Demand,25945.0
2023-10-10 18:00:00,CISO,California Independent System Operator,Demand,26032.0
2023-10-10 19:00:00,CISO,California Independent System Operator,Demand,24734.0
2023-10-10 20:00:00,CISO,California Independent System Operator,Demand,23716.0
2023-10-10 21:00:00,CISO,California Independent System Operator,Demand,23323.0
2023-10-10 22:00:00,CISO,California Independent System Operator,Demand,23704.0
2023-10-10 23:00:00,CISO,California Independent System Operator,Demand,24517.0
2023-10-11 00:00:00,CISO,California Independent System Operator,Demand,25818.0
2023-10-11 01:00:00,CISO,California Independent System Operator,Demand,27319.0
2023-10-11 02:00:00,CISO,California Independent System Operator,Demand,28602.0
2023-10-11 03:00:00,CISO,California Independent System Operator,Demand,29220.0
2023-10-11 04:00:00,CISO,California Independent System Operator,Demand,29038.0
2023-10-11 05:00:00,CISO,California Independent System Operator,Demand,28207.0
2023-10-11 06:00:00,CISO,California Independent System Operator,Demand,27316.0
2023-10-11 07:00:00,CISO,California Independent System Operator,Demand,25700.0
2023-10-11 08:00:00,CISO,California Independent System Operator,Demand,24333.0
2023-10-11 09:00:00,CISO,California Independent System Operator,Demand,23264.0
2023-10-11 10:00:00,CISO,California Independent System Operator,Demand,22513.0
2023-10-11 11:00:00,CISO,California Independent System Operator,Demand,22281.0
2023-10-11 12:00:00,CISO,California Independent System Operator,Demand,21877.0
2023-10-11 13:00:00,CISO,California Independent System Operator,Demand,21635.0
2023-10-11 14:00:00,CISO,California Independent System Operator,Demand,22312.0
2023-10-11 15:00:00,CISO,California Independent System Operator,Demand,24160.0
2023-10-11 16:00:00,CISO,California Independent System Operator,Demand,25362.0
2023-10-11 17:00:00,CISO,California Independent System Operator,Demand,25622.0
2023-10-11 18:00:00,CISO,California Independent System Operator,Demand,25226.0
2023-10-11 19:00:00,CISO,California Independent System Operator,Demand,24166.0
2023-10-11 20:00:00,CISO,California Independent System Operator,Demand,23272.0
2023-10-11 21:00:00,CISO,California Independent System Operator,Demand,22828.0
2023-10-11 22:00:00,CISO,California Independent System Operator,Demand,22907.0
2023-10-11 23:00:00,CISO,California Independent System Operator,Demand,23193.0
2023-10-12 00:00:00,CISO,California Independent System Operator,Demand,23945.0
2023-10-12 01:00:00,CISO,California Independent System Operator,Demand,25271.0
2023-10-12 02:00:00,CISO,California Independent System Operator,Demand,26858.0
2023-10-12 03:00:00,CISO,California Independent System Operator,Demand,28028.0
2023-10-12 04:00:00,CISO,California Independent System Operator,Demand,28052.0
2023-10-12 05:00:00,CISO,California Independent System Operator,Demand,27244.0
2023-10-12 06:00:00,CISO,California Independent System Operator,Demand,26606.0
2023-10-12 07:00:00,CISO,California Independent System Operator,Demand,25454.0
2023-10-12 08:00:00,CISO,California Independent System Operator,Demand,23695.0
2023-10-12 09:00:00,CISO,California Independent System Operator,Demand,23177.0
2023-10-12 10:00:00,CISO,California Independent System Operator,Demand,22310.0
2023-10-12 11:00:00,CISO,California Independent System Operator,Demand,21522.0
2023-10-12 12:00:00,CISO,California Independent System Operator,Demand,21408.0
2023-10-12 13:00:00,CISO,California Independent System Operator,Demand,21560.0
2023-10-12 14:00:00,CISO,California Independent System Operator,Demand,22306.0
2023-10-12 15:00:00,CISO,California Independent System Operator,Demand,23724.0
2023-10-12 16:00:00,CISO,California Independent System Operator,Demand,25018.0
2023-10-12 17:00:00,CISO,California Independent System Operator,Demand,25463.0
2023-10-12 18:00:00,CISO,California Independent System Operator,Demand,25086.0
2023-10-12 19:00:00,CISO,California Independent System Operator,Demand,23637.0
2023-10-12 20:00:00,CISO,California Independent System Operator,Demand,22736.0
2023-10-12 21:00:00,CISO,California Independent System Operator,Demand,22457.0
2023-10-12 22:00:00,CISO,California Independent System Operator,Demand,22568.0
2023-10-12 23:00:00,CISO,California Independent System Operator,Demand,23124.0
2023-10-13 00:00:00,CISO,California Independent System Operator,Demand,24409.0
2023-10-13 01:00:00,CISO,California Independent System Operator,Demand,26368.0
2023-10-13 02:00:00,CISO,California Independent System Operator,Demand,28008.0
2023-10-13 03:00:00,CISO,California Independent System Operator,Demand,28815.0
2023-10-13 04:00:00,CISO,California Independent System Operator,Demand,28546.0
2023-10-13 05:00:00,CISO,California Independent System Operator,Demand,27815.0
2023-10-13 06:00:00,CISO,California Independent System Operator,Demand,27011.0
2023-10-13 07:00:00,CISO,California Independent System Operator,Demand,25472.0
2023-10-13 08:00:00,CISO,California Independent System Operator,Demand,23983.0
2023-10-13 09:00:00,CISO,California Independent System Operator,Demand,23179.0
2023-10-13 10:00:00,CISO,California Independent System Operator,Demand,22455.0
2023-10-13 11:00:00,CISO,California Independent System Operator,Demand,21998.0
2023-10-13 12:00:00,CISO,California Independent System Operator,Demand,21914.0
2023-10-13 13:00:00,CISO,California Independent System Operator,Demand,21922.0
2023-10-13 14:00:00,CISO,California Independent System Operator,Demand,22490.0
2023-10-13 15:00:00,CISO,California Independent System Operator,Demand,23966.0
2023-10-13 16:00:00,CISO,California Independent System Operator,Demand,24573.0
2023-10-13 17:00:00,CISO,California Independent System Operator,Demand,25116.0
2023-10-13 18:00:00,CISO,California Independent System Operator,Demand,25212.0
2023-10-13 19:00:00,CISO,California Independent System Operator,Demand,25069.0
2023-10-13 20:00:00,CISO,California Independent System Operator,Demand,24517.0
2023-10-13 21:00:00,CISO,California Independent System Operator,Demand,24168.0
2023-10-13 22:00:00,CISO,California Independent System Operator,Demand,24579.0
2023-10-13 23:00:00,CISO,California Independent System Operator,Demand,25371.0
2023-10-14 00:00:00,CISO,California Independent System Operator,Demand,25691.0
2023-10-14 01:00:00,CISO,California Independent System Operator,Demand,26488.0
2023-10-14 02:00:00,CISO,California Independent System Operator,Demand,27784.0
2023-10-14 03:00:00,CISO,California Independent System Operator,Demand,28377.0
2023-10-14 04:00:00,CISO,California Independent System Operator,Demand,27968.0
2023-10-14 05:00:00,CISO,California Independent System Operator,Demand,27369.0
2023-10-14 06:00:00,CISO,California Independent System Operator,Demand,26735.0
2023-10-14 07:00:00,CISO,California Independent System Operator,Demand,25545.0
2023-10-14 08:00:00,CISO,California Independent System Operator,Demand,24061.0
2023-10-14 09:00:00,CISO,California Independent System Operator,Demand,23038.0
2023-10-14 10:00:00,CISO,California Independent System Operator,Demand,22606.0
2023-10-14 11:00:00,CISO,California Independent System Operator,Demand,22475.0
2023-10-14 12:00:00,CISO,California Independent System Operator,Demand,22472.0
2023-10-14 13:00:00,CISO,California Independent System Operator,Demand,22573.0
2023-10-14 14:00:00,CISO,California Independent System Operator,Demand,22358.0
2023-10-14 15:00:00,CISO,California Independent System Operator,Demand,22406.0
2023-10-14 16:00:00,CISO,California Independent System Operator,Demand,22293.0
2023-10-14 17:00:00,CISO,California Independent System Operator,Demand,22427.0
2023-10-14 18:00:00,CISO,California Independent System Operator,Demand,23216.0
2023-10-14 19:00:00,CISO,California Independent System Operator,Demand,20773.0
2023-10-14 20:00:00,CISO,California Independent System Operator,Demand,20030.0
2023-10-14 21:00:00,CISO,California Independent System Operator,Demand,19929.0
2023-10-14 22:00:00,CISO,California Independent System Operator,Demand,19676.0
2023-10-14 23:00:00,CISO,California Independent System Operator,Demand,20537.0
2023-10-15 00:00:00,CISO,California Independent System Operator,Demand,22154.0
2023-10-15 01:00:00,CISO,California Independent System Operator,Demand,24217.0
2023-10-15 02:00:00,CISO,California Independent System Operator,Demand,26510.0
2023-10-15 03:00:00,CISO,California Independent System Operator,Demand,27280.0
2023-10-15 04:00:00,CISO,California Independent System Operator,Demand,26975.0
2023-10-15 05:00:00,CISO,California Independent System Operator,Demand,26051.0
2023-10-15 06:00:00,CISO,California Independent System Operator,Demand,25288.0
2023-10-15 07:00:00,CISO,California Independent System Operator,Demand,24334.0
2023-10-15 08:00:00,CISO,California Independent System Operator,Demand,23198.0
2023-10-15 09:00:00,CISO,California Independent System Operator,Demand,22467.0
2023-10-15 10:00:00,CISO,California Independent System Operator,Demand,21624.0
2023-10-15 11:00:00,CISO,California Independent System Operator,Demand,20910.0
2023-10-15 12:00:00,CISO,California Independent System Operator,Demand,20659.0
2023-10-15 13:00:00,CISO,California Independent System Operator,Demand,20608.0
2023-10-15 14:00:00,CISO,California Independent System Operator,Demand,20534.0
2023-10-15 15:00:00,CISO,California Independent System Operator,Demand,20826.0
2023-10-15 16:00:00,CISO,California Independent System Operator,Demand,20791.0
2023-10-15 17:00:00,CISO,California Independent System Operator,Demand,21308.0
2023-10-15 18:00:00,CISO,California Independent System Operator,Demand,21180.0
2023-10-15 19:00:00,CISO,California Independent System Operator,Demand,20715.0
2023-10-15 20:00:00,CISO,California Independent System Operator,Demand,19925.0
2023-10-15 21:00:00,CISO,California Independent System Operator,Demand,19879.0
2023-10-15 22:00:00,CISO,California Independent System Operator,Demand,19929.0
2023-10-15 23:00:00,CISO,California Independent System Operator,Demand,21871.0
2023-10-16 00:00:00,CISO,California Independent System Operator,Demand,24271.0
2023-10-16 01:00:00,CISO,California Independent System Operator,Demand,26766.0
2023-10-16 02:00:00,CISO,California Independent System Operator,Demand,28576.0
2023-10-16 03:00:00,CISO,California Independent System Operator,Demand,29420.0
2023-10-16 04:00:00,CISO,California Independent System Operator,Demand,29015.0
2023-10-16 05:00:00,CISO,California Independent System Operator,Demand,27835.0
2023-10-16 06:00:00,CISO,California Independent System Operator,Demand,26849.0
2023-10-16 07:00:00,CISO,California Independent System Operator,Demand,25253.0
2023-10-16 08:00:00,CISO,California Independent System Operator,Demand,23502.0
2023-10-16 09:00:00,CISO,California Independent System Operator,Demand,22785.0
2023-10-16 10:00:00,CISO,California Independent System Operator,Demand,22118.0
2023-10-16 11:00:00,CISO,California Independent System Operator,Demand,21922.0
2023-10-16 12:00:00,CISO,California Independent System Operator,Demand,21854.0
2023-10-16 13:00:00,CISO,California Independent System Operator,Demand,21808.0
2023-10-16 14:00:00,CISO,California Independent System Operator,Demand,22640.0
2023-10-16 15:00:00,CISO,California Independent System Operator,Demand,24159.0
2023-10-16 16:00:00,CISO,California Independent System Operator,Demand,24820.0
2023-10-16 17:00:00,CISO,California Independent System Operator,Demand,25600.0
2023-10-16 18:00:00,CISO,California Independent System Operator,Demand,25600.0
2023-10-16 19:00:00,CISO,California Independent System Operator,Demand,25560.0
2023-10-16 20:00:00,CISO,California Independent System Operator,Demand,25280.0
2023-10-16 21:00:00,CISO,California Independent System Operator,Demand,25629.0
2023-10-16 22:00:00,CISO,California Independent System Operator,Demand,26352.0
2023-10-16 23:00:00,CISO,California Independent System Operator,Demand,27921.0
2023-10-17 00:00:00,CISO,California Independent System Operator,Demand,28950.0
2023-10-17 01:00:00,CISO,California Independent System Operator,Demand,30540.0
2023-10-17 02:00:00,CISO,California Independent System Operator,Demand,31703.0
2023-10-17 03:00:00,CISO,California Independent System Operator,Demand,32036.0
2023-10-17 04:00:00,CISO,California Independent System Operator,Demand,31056.0
2023-10-17 05:00:00,CISO,California Independent System Operator,Demand,29750.0
2023-10-17 06:00:00,CISO,California Independent System Operator,Demand,28435.0
2023-10-17 07:00:00,CISO,California Independent System Operator,Demand,26593.0
2023-10-17 08:00:00,CISO,California Independent System Operator,Demand,25355.0
2023-10-17 09:00:00,CISO,California Independent System Operator,Demand,23884.0
2023-10-17 10:00:00,CISO,California Independent System Operator,Demand,23163.0
2023-10-17 11:00:00,CISO,California Independent System Operator,Demand,22883.0
2023-10-17 12:00:00,CISO,California Independent System Operator,Demand,22502.0
2023-10-17 13:00:00,CISO,California Independent System Operator,Demand,22046.0
2023-10-17 14:00:00,CISO,California Independent System Operator,Demand,22893.0
2023-10-17 15:00:00,CISO,California Independent System Operator,Demand,24697.0
2023-10-17 16:00:00,CISO,California Independent System Operator,Demand,25980.0
2023-10-17 17:00:00,CISO,California Independent System Operator,Demand,26387.0
2023-10-17 18:00:00,CISO,California Independent System Operator,Demand,26187.0
2023-10-17 19:00:00,CISO,California Independent System Operator,Demand,25954.0
2023-10-17 20:00:00,CISO,California Independent System Operator,Demand,25545.0
2023-10-17 21:00:00,CISO,California Independent System Operator,Demand,25889.0
2023-10-17 22:00:00,CISO,California Independent System Operator,Demand,26495.0
2023-10-17 23:00:00,CISO,California Independent System Operator,Demand,28024.0
2023-10-18 00:00:00,CISO,California Independent System Operator,Demand,29348.0
2023-10-18 01:00:00,CISO,California Independent System Operator,Demand,30441.0
2023-10-18 02:00:00,CISO,California Independent System Operator,Demand,31444.0
2023-10-18 03:00:00,CISO,California Independent System Operator,Demand,31695.0
2023-10-18 04:00:00,CISO,California Independent System Operator,Demand,31016.0
2023-10-18 05:00:00,CISO,California Independent System Operator,Demand,29646.0
2023-10-18 06:00:00,CISO,California Independent System Operator,Demand,28500.0
2023-10-18 07:00:00,CISO,California Independent System Operator,Demand,26676.0
2023-10-18 08:00:00,CISO,California Independent System Operator,Demand,24972.0
2023-10-18 09:00:00,CISO,California Independent System Operator,Demand,23863.0
2023-10-18 10:00:00,CISO,California Independent System Operator,Demand,23153.0
2023-10-18 11:00:00,CISO,California Independent System Operator,Demand,22954.0
2023-10-18 12:00:00,CISO,California Independent System Operator,Demand,22575.0
2023-10-18 13:00:00,CISO,California Independent System Operator,Demand,22391.0
2023-10-18 14:00:00,CISO,California Independent System Operator,Demand,23190.0
2023-10-18 15:00:00,CISO,California Independent System Operator,Demand,24955.0
2023-10-18 16:00:00,CISO,California Independent System Operator,Demand,26041.0
2023-10-18 17:00:00,CISO,California Independent System Operator,Demand,27131.0
2023-10-18 18:00:00,CISO,California Independent System Operator,Demand,27365.0
2023-10-18 19:00:00,CISO,California Independent System Operator,Demand,27087.0
2023-10-18 20:00:00,CISO,California Independent System Operator,Demand,26831.0
2023-10-18 21:00:00,CISO,California Independent System Operator,Demand,26847.0
2023-10-18 22:00:00,CISO,California Independent System Operator,Demand,27554.0
2023-10-18 23:00:00,CISO,California Independent System Operator,Demand,28915.0
2023-10-19 00:00:00,CISO,California Independent System Operator,Demand,30930.0
2023-10-19 01:00:00,CISO,California Independent System Operator,Demand,32364.0
2023-10-19 02:00:00,CISO,California Independent System Operator,Demand,33383.0
2023-10-19 03:00:00,CISO,California Independent System Operator,Demand,33152.0
2023-10-19 04:00:00,CISO,California Independent System Operator,Demand,32232.0
2023-10-19 05:00:00,CISO,California Independent System Operator,Demand,30682.0
2023-10-19 06:00:00,CISO,California Independent System Operator,Demand,29323.0
2023-10-19 07:00:00,CISO,California Independent System Operator,Demand,27380.0
2023-10-19 08:00:00,CISO,California Independent System Operator,Demand,25527.0
2023-10-19 09:00:00,CISO,California Independent System Operator,Demand,24127.0
2023-10-19 10:00:00,CISO,California Independent System Operator,Demand,23370.0
2023-10-19 11:00:00,CISO,California Independent System Operator,Demand,23298.0
2023-10-19 12:00:00,CISO,California Independent System Operator,Demand,23111.0
2023-10-19 13:00:00,CISO,California Independent System Operator,Demand,23061.0
2023-10-19 14:00:00,CISO,California Independent System Operator,Demand,23360.0
2023-10-19 15:00:00,CISO,California Independent System Operator,Demand,25335.0
2023-10-19 16:00:00,CISO,California Independent System Operator,Demand,26013.0
2023-10-19 17:00:00,CISO,California Independent System Operator,Demand,27471.0
2023-10-19 18:00:00,CISO,California Independent System Operator,Demand,28307.0
2023-10-19 19:00:00,CISO,California Independent System Operator,Demand,28378.0
2023-10-19 20:00:00,CISO,California Independent System Operator,Demand,28121.0
2023-10-19 21:00:00,CISO,California Independent System Operator,Demand,28324.0
2023-10-19 22:00:00,CISO,California Independent System Operator,Demand,29098.0
2023-10-19 23:00:00,CISO,California Independent System Operator,Demand,30127.0
2023-10-20 00:00:00,CISO,California Independent System Operator,Demand,32021.0
2023-10-20 01:00:00,CISO,California Independent System Operator,Demand,33773.0
2023-10-20 02:00:00,CISO,California Independent System Operator,Demand,34658.0
2023-10-20 03:00:00,CISO,California Independent System Operator,Demand,34207.0
2023-10-20 04:00:00,CISO,California Independent System Operator,Demand,33053.0
2023-10-20 05:00:00,CISO,California Independent System Operator,Demand,31464.0
2023-10-20 06:00:00,CISO,California Independent System Operator,Demand,29983.0
2023-10-20 07:00:00,CISO,California Independent System Operator,Demand,27863.0
2023-10-20 08:00:00,CISO,California Independent System Operator,Demand,25934.0
2023-10-20 09:00:00,CISO,California Independent System Operator,Demand,24646.0
2023-10-20 10:00:00,CISO,California Independent System Operator,Demand,23777.0
2023-10-20 11:00:00,CISO,California Independent System Operator,Demand,23786.0
2023-10-20 12:00:00,CISO,California Independent System Operator,Demand,22800.0
2023-10-20 13:00:00,CISO,California Independent System Operator,Demand,22641.0
2023-10-20 14:00:00,CISO,California Independent System Operator,Demand,23269.0
2023-10-20 15:00:00,CISO,California Independent System Operator,Demand,24943.0
2023-10-20 16:00:00,CISO,California Independent System Operator,Demand,25882.0
2023-10-20 17:00:00,CISO,California Independent System Operator,Demand,27844.0
2023-10-20 18:00:00,CISO,California Independent System Operator,Demand,29039.0
2023-10-20 19:00:00,CISO,California Independent System Operator,Demand,28238.0
2023-10-20 20:00:00,CISO,California Independent System Operator,Demand,27867.0
2023-10-20 21:00:00,CISO,California Independent System Operator,Demand,27878.0
2023-10-20 22:00:00,CISO,California Independent System Operator,Demand,28526.0
2023-10-20 23:00:00,CISO,California Independent System Operator,Demand,29764.0
2023-10-21 00:00:00,CISO,California Independent System Operator,Demand,31400.0
2023-10-21 01:00:00,CISO,California Independent System Operator,Demand,32646.0
2023-10-21 02:00:00,CISO,California Independent System Operator,Demand,33252.0
2023-10-21 03:00:00,CISO,California Independent System Operator,Demand,32650.0
2023-10-21 04:00:00,CISO,California Independent System Operator,Demand,31516.0
2023-10-21 05:00:00,CISO,California Independent System Operator,Demand,29925.0
2023-10-21 06:00:00,CISO,California Independent System Operator,Demand,28828.0
2023-10-21 07:00:00,CISO,California Independent System Operator,Demand,27108.0
2023-10-21 08:00:00,CISO,California Independent System Operator,Demand,25489.0
2023-10-21 09:00:00,CISO,California Independent System Operator,Demand,24172.0
2023-10-21 10:00:00,CISO,California Independent System Operator,Demand,23338.0
2023-10-21 11:00:00,CISO,California Independent System Operator,Demand,22337.0
2023-10-21 12:00:00,CISO,California Independent System Operator,Demand,21667.0
2023-10-21 13:00:00,CISO,California Independent System Operator,Demand,21508.0
2023-10-21 14:00:00,CISO,California Independent System Operator,Demand,21622.0
2023-10-21 15:00:00,CISO,California Independent System Operator,Demand,22219.0
2023-10-21 16:00:00,CISO,California Independent System Operator,Demand,22625.0
2023-10-21 17:00:00,CISO,California Independent System Operator,Demand,23897.0
2023-10-21 18:00:00,CISO,California Independent System Operator,Demand,24255.0
2023-10-21 19:00:00,CISO,California Independent System Operator,Demand,23538.0
2023-10-21 20:00:00,CISO,California Independent System Operator,Demand,22750.0
2023-10-21 21:00:00,CISO,California Independent System Operator,Demand,22926.0
2023-10-21 22:00:00,CISO,California Independent System Operator,Demand,23102.0
2023-10-21 23:00:00,CISO,California Independent System Operator,Demand,23918.0
2023-10-22 00:00:00,CISO,California Independent System Operator,Demand,25578.0
2023-10-22 01:00:00,CISO,California Independent System Operator,Demand,27061.0
2023-10-22 02:00:00,CISO,California Independent System Operator,Demand,28145.0
2023-10-22 03:00:00,CISO,California Independent System Operator,Demand,28615.0
2023-10-22 04:00:00,CISO,California Independent System Operator,Demand,27989.0
2023-10-22 05:00:00,CISO,California Independent System Operator,Demand,27077.0
2023-10-22 06:00:00,CISO,California Independent System Operator,Demand,26125.0
2023-10-22 07:00:00,CISO,California Independent System Operator,Demand,24904.0
2023-10-22 08:00:00,CISO,California Independent System Operator,Demand,23560.0
2023-10-22 09:00:00,CISO,California Independent System Operator,Demand,22754.0
2023-10-22 10:00:00,CISO,California Independent System Operator,Demand,22046.0
2023-10-22 11:00:00,CISO,California Independent System Operator,Demand,21585.0
2023-10-22 12:00:00,CISO,California Independent System Operator,Demand,20911.0
2023-10-22 13:00:00,CISO,California Independent System Operator,Demand,20583.0
2023-10-22 14:00:00,CISO,California Independent System Operator,Demand,20566.0
2023-10-22 15:00:00,CISO,California Independent System Operator,Demand,20954.0
2023-10-22 16:00:00,CISO,California Independent System Operator,Demand,21140.0
2023-10-22 17:00:00,CISO,California Independent System Operator,Demand,22151.0
2023-10-22 18:00:00,CISO,California Independent System Operator,Demand,23155.0
2023-10-22 19:00:00,CISO,California Independent System Operator,Demand,22536.0
2023-10-22 20:00:00,CISO,California Independent System Operator,Demand,21576.0
2023-10-22 21:00:00,CISO,California Independent System Operator,Demand,20657.0
2023-10-22 22:00:00,CISO,California Independent System Operator,Demand,20466.0
2023-10-22 23:00:00,CISO,California Independent System Operator,Demand,21341.0
2023-10-23 00:00:00,CISO,California Independent System Operator,Demand,22426.0
2023-10-23 01:00:00,CISO,California Independent System Operator,Demand,23650.0
2023-10-23 02:00:00,CISO,California Independent System Operator,Demand,25510.0
2023-10-23 03:00:00,CISO,California Independent System Operator,Demand,26509.0
2023-10-23 04:00:00,CISO,California Independent System Operator,Demand,26446.0
2023-10-23 05:00:00,CISO,California Independent System Operator,Demand,25875.0
2023-10-23 06:00:00,CISO,California Independent System Operator,Demand,25261.0
2023-10-23 07:00:00,CISO,California Independent System Operator,Demand,24142.0
2023-10-23 08:00:00,CISO,California Independent System Operator,Demand,22980.0
2023-10-23 09:00:00,CISO,California Independent System Operator,Demand,22333.0
2023-10-23 10:00:00,CISO,California Independent System Operator,Demand,21670.0
2023-10-23 11:00:00,CISO,California Independent System Operator,Demand,21216.0
2023-10-23 12:00:00,CISO,California Independent System Operator,Demand,21123.0
2023-10-23 13:00:00,CISO,California Independent System Operator,Demand,21363.0
2023-10-23 14:00:00,CISO,California Independent System Operator,Demand,22152.0
2023-10-23 15:00:00,CISO,California Independent System Operator,Demand,24002.0
2023-10-23 16:00:00,CISO,California Independent System Operator,Demand,25343.0
2023-10-23 17:00:00,CISO,California Independent System Operator,Demand,26157.0
2023-10-23 18:00:00,CISO,California Independent System Operator,Demand,26281.0
2023-10-23 19:00:00,CISO,California Independent System Operator,Demand,25834.0
2023-10-23 20:00:00,CISO,California Independent System Operator,Demand,25091.0
2023-10-23 21:00:00,CISO,California Independent System Operator,Demand,24908.0
2023-10-23 22:00:00,CISO,California Independent System Operator,Demand,24764.0
2023-10-23 23:00:00,CISO,California Independent System Operator,Demand,24452.0
2023-10-24 00:00:00,CISO,California Independent System Operator,Demand,24973.0
2023-10-24 01:00:00,CISO,California Independent System Operator,Demand,26010.0
2023-10-24 02:00:00,CISO,California Independent System Operator,Demand,27250.0
2023-10-24 03:00:00,CISO,California Independent System Operator,Demand,28421.0
2023-10-24 04:00:00,CISO,California Independent System Operator,Demand,28086.0
2023-10-24 05:00:00,CISO,California Independent System Operator,Demand,27071.0
2023-10-24 06:00:00,CISO,California Independent System Operator,Demand,26098.0
2023-10-24 07:00:00,CISO,California Independent System Operator,Demand,24519.0
2023-10-24 08:00:00,CISO,California Independent System Operator,Demand,23153.0
2023-10-24 09:00:00,CISO,California Independent System Operator,Demand,22680.0
2023-10-24 10:00:00,CISO,California Independent System Operator,Demand,21761.0
2023-10-24 11:00:00,CISO,California Independent System Operator,Demand,21103.0
2023-10-24 12:00:00,CISO,California Independent System Operator,Demand,20894.0
2023-10-24 13:00:00,CISO,California Independent System Operator,Demand,20836.0
2023-10-24 14:00:00,CISO,California Independent System Operator,Demand,21817.0
2023-10-24 15:00:00,CISO,California Independent System Operator,Demand,23556.0
2023-10-24 16:00:00,CISO,California Independent System Operator,Demand,24973.0
2023-10-24 17:00:00,CISO,California Independent System Operator,Demand,25493.0
2023-10-24 18:00:00,CISO,California Independent System Operator,Demand,25091.0
2023-10-24 19:00:00,CISO,California Independent System Operator,Demand,23937.0
2023-10-24 20:00:00,CISO,California Independent System Operator,Demand,23050.0
2023-10-24 21:00:00,CISO,California Independent System Operator,Demand,22441.0
2023-10-24 22:00:00,CISO,California Independent System Operator,Demand,22839.0
2023-10-24 23:00:00,CISO,California Independent System Operator,Demand,23269.0
2023-10-25 00:00:00,CISO,California Independent System Operator,Demand,24751.0
2023-10-25 01:00:00,CISO,California Independent System Operator,Demand,26099.0
2023-10-25 02:00:00,CISO,California Independent System Operator,Demand,27630.0
2023-10-25 03:00:00,CISO,California Independent System Operator,Demand,28577.0
2023-10-25 04:00:00,CISO,California Independent System Operator,Demand,28093.0
2023-10-25 05:00:00,CISO,California Independent System Operator,Demand,27230.0
2023-10-25 06:00:00,CISO,California Independent System Operator,Demand,26462.0
2023-10-25 07:00:00,CISO,California Independent System Operator,Demand,25019.0
2023-10-25 08:00:00,CISO,California Independent System Operator,Demand,23699.0
2023-10-25 09:00:00,CISO,California Independent System Operator,Demand,22975.0
2023-10-25 10:00:00,CISO,California Independent System Operator,Demand,22325.0
2023-10-25 11:00:00,CISO,California Independent System Operator,Demand,21705.0
2023-10-25 12:00:00,CISO,California Independent System Operator,Demand,21298.0
2023-10-25 13:00:00,CISO,California Independent System Operator,Demand,21360.0
2023-10-25 14:00:00,CISO,California Independent System Operator,Demand,22246.0
2023-10-25 15:00:00,CISO,California Independent System Operator,Demand,24001.0
2023-10-25 16:00:00,CISO,California Independent System Operator,Demand,25514.0
2023-10-25 17:00:00,CISO,California Independent System Operator,Demand,26074.0
2023-10-25 18:00:00,CISO,California Independent System Operator,Demand,26788.0
2023-10-25 19:00:00,CISO,California Independent System Operator,Demand,26366.0
2023-10-25 20:00:00,CISO,California Independent System Operator,Demand,25928.0
2023-10-25 21:00:00,CISO,California Independent System Operator,Demand,25380.0
2023-10-25 22:00:00,CISO,California Independent System Operator,Demand,25309.0
2023-10-25 23:00:00,CISO,California Independent System Operator,Demand,25326.0
2023-10-26 00:00:00,CISO,California Independent System Operator,Demand,25534.0
2023-10-26 01:00:00,CISO,California Independent System Operator,Demand,25952.0
2023-10-26 02:00:00,CISO,California Independent System Operator,Demand,26804.0
2023-10-26 03:00:00,CISO,California Independent System Operator,Demand,27691.0
2023-10-26 04:00:00,CISO,California Independent System Operator,Demand,27497.0
2023-10-26 05:00:00,CISO,California Independent System Operator,Demand,26926.0
2023-10-26 06:00:00,CISO,California Independent System Operator,Demand,26114.0
2023-10-26 07:00:00,CISO,California Independent System Operator,Demand,24703.0
2023-10-26 08:00:00,CISO,California Independent System Operator,Demand,23781.0
2023-10-26 09:00:00,CISO,California Independent System Operator,Demand,22589.0
2023-10-26 10:00:00,CISO,California Independent System Operator,Demand,21694.0
2023-10-26 11:00:00,CISO,California Independent System Operator,Demand,21458.0
2023-10-26 12:00:00,CISO,California Independent System Operator,Demand,21150.0
2023-10-26 13:00:00,CISO,California Independent System Operator,Demand,21096.0
2023-10-26 14:00:00,CISO,California Independent System Operator,Demand,22111.0
2023-10-26 15:00:00,CISO,California Independent System Operator,Demand,24063.0
2023-10-26 16:00:00,CISO,California Independent System Operator,Demand,25286.0
2023-10-26 17:00:00,CISO,California Independent System Operator,Demand,25236.0
2023-10-26 18:00:00,CISO,California Independent System Operator,Demand,24739.0
2023-10-26 19:00:00,CISO,California Independent System Operator,Demand,23334.0
2023-10-26 20:00:00,CISO,California Independent System Operator,Demand,22553.0
2023-10-26 21:00:00,CISO,California Independent System Operator,Demand,22776.0
2023-10-26 22:00:00,CISO,California Independent System Operator,Demand,22610.0
2023-10-26 23:00:00,CISO,California Independent System Operator,Demand,23177.0
2023-10-27 00:00:00,CISO,California Independent System Operator,Demand,24305.0
2023-10-27 01:00:00,CISO,California Independent System Operator,Demand,24894.0
2023-10-27 02:00:00,CISO,California Independent System Operator,Demand,26280.0
2023-10-27 03:00:00,CISO,California Independent System Operator,Demand,27629.0
2023-10-27 04:00:00,CISO,California Independent System Operator,Demand,27701.0
2023-10-27 05:00:00,CISO,California Independent System Operator,Demand,26765.0
2023-10-27 06:00:00,CISO,California Independent System Operator,Demand,26064.0
2023-10-27 07:00:00,CISO,California Independent System Operator,Demand,24617.0
2023-10-27 08:00:00,CISO,California Independent System Operator,Demand,23161.0
2023-10-27 09:00:00,CISO,California Independent System Operator,Demand,22282.0
2023-10-27 10:00:00,CISO,California Independent System Operator,Demand,21496.0
2023-10-27 11:00:00,CISO,California Independent System Operator,Demand,20943.0
2023-10-27 12:00:00,CISO,California Independent System Operator,Demand,20789.0
2023-10-27 13:00:00,CISO,California Independent System Operator,Demand,21038.0
2023-10-27 14:00:00,CISO,California Independent System Operator,Demand,22090.0
2023-10-27 15:00:00,CISO,California Independent System Operator,Demand,23877.0
2023-10-27 16:00:00,CISO,California Independent System Operator,Demand,25353.0
2023-10-27 17:00:00,CISO,California Independent System Operator,Demand,25913.0
2023-10-27 18:00:00,CISO,California Independent System Operator,Demand,25678.0
2023-10-27 19:00:00,CISO,California Independent System Operator,Demand,24314.0
2023-10-27 20:00:00,CISO,California Independent System Operator,Demand,23290.0
2023-10-27 21:00:00,CISO,California Independent System Operator,Demand,22890.0
2023-10-27 22:00:00,CISO,California Independent System Operator,Demand,22485.0
2023-10-27 23:00:00,CISO,California Independent System Operator,Demand,22347.0
2023-10-28 00:00:00,CISO,California Independent System Operator,Demand,23113.0
2023-10-28 01:00:00,CISO,California Independent System Operator,Demand,24250.0
2023-10-28 02:00:00,CISO,California Independent System Operator,Demand,25954.0
2023-10-28 03:00:00,CISO,California Independent System Operator,Demand,27114.0
2023-10-28 04:00:00,CISO,California Independent System Operator,Demand,26509.0
2023-10-28 05:00:00,CISO,California Independent System Operator,Demand,25950.0
2023-10-28 06:00:00,CISO,California Independent System Operator,Demand,25282.0
2023-10-28 07:00:00,CISO,California Independent System Operator,Demand,24063.0
2023-10-28 08:00:00,CISO,California Independent System Operator,Demand,22805.0
2023-10-28 09:00:00,CISO,California Independent System Operator,Demand,22002.0
2023-10-28 10:00:00,CISO,California Independent System Operator,Demand,21340.0
2023-10-28 11:00:00,CISO,California Independent System Operator,Demand,20742.0
2023-10-28 12:00:00,CISO,California Independent System Operator,Demand,20160.0
2023-10-28 13:00:00,CISO,California Independent System Operator,Demand,20175.0
2023-10-28 14:00:00,CISO,California Independent System Operator,Demand,20441.0
2023-10-28 15:00:00,CISO,California Independent System Operator,Demand,21287.0
2023-10-28 16:00:00,CISO,California Independent System Operator,Demand,21797.0
2023-10-28 17:00:00,CISO,California Independent System Operator,Demand,22027.0
2023-10-28 18:00:00,CISO,California Independent System Operator,Demand,21188.0
2023-10-28 19:00:00,CISO,California Independent System Operator,Demand,20632.0
2023-10-28 20:00:00,CISO,California Independent System Operator,Demand,19562.0
2023-10-28 21:00:00,CISO,California Independent System Operator,Demand,18682.0
2023-10-28 22:00:00,CISO,California Independent System Operator,Demand,18484.0
2023-10-28 23:00:00,CISO,California Independent System Operator,Demand,18742.0
2023-10-29 00:00:00,CISO,California Independent System Operator,Demand,19834.0
2023-10-29 01:00:00,CISO,California Independent System Operator,Demand,21909.0
2023-10-29 02:00:00,CISO,California Independent System Operator,Demand,23850.0
2023-10-29 03:00:00,CISO,California Independent System Operator,Demand,25209.0
2023-10-29 04:00:00,CISO,California Independent System Operator,Demand,25142.0
2023-10-29 05:00:00,CISO,California Independent System Operator,Demand,24469.0
2023-10-29 06:00:00,CISO,California Independent System Operator,Demand,23941.0
2023-10-29 07:00:00,CISO,California Independent System Operator,Demand,23112.0
2023-10-29 08:00:00,CISO,California Independent System Operator,Demand,22075.0
2023-10-29 09:00:00,CISO,California Independent System Operator,Demand,21506.0
2023-10-29 10:00:00,CISO,California Independent System Operator,Demand,20851.0
2023-10-29 11:00:00,CISO,California Independent System Operator,Demand,20238.0
2023-10-29 12:00:00,CISO,California Independent System Operator,Demand,19862.0
2023-10-29 13:00:00,CISO,California Independent System Operator,Demand,19590.0
2023-10-29 14:00:00,CISO,California Independent System Operator,Demand,19759.0
2023-10-29 15:00:00,CISO,California Independent System Operator,Demand,20383.0
2023-10-29 16:00:00,CISO,California Independent System Operator,Demand,21017.0
2023-10-29 17:00:00,CISO,California Independent System Operator,Demand,20824.0
2023-10-29 18:00:00,CISO,California Independent System Operator,Demand,20379.0
2023-10-29 19:00:00,CISO,California Independent System Operator,Demand,19447.0
2023-10-29 20:00:00,CISO,California Independent System Operator,Demand,18367.0
2023-10-29 21:00:00,CISO,California Independent System Operator,Demand,17930.0
2023-10-29 22:00:00,CISO,California Independent System Operator,Demand,17632.0
2023-10-29 23:00:00,CISO,California Independent System Operator,Demand,17898.0
2023-10-30 00:00:00,CISO,California Independent System Operator,Demand,19013.0
2023-10-30 01:00:00,CISO,California Independent System Operator,Demand,21066.0
2023-10-30 02:00:00,CISO,California Independent System Operator,Demand,23422.0
2023-10-30 03:00:00,CISO,California Independent System Operator,Demand,24926.0
2023-10-30 04:00:00,CISO,California Independent System Operator,Demand,24854.0
2023-10-30 05:00:00,CISO,California Independent System Operator,Demand,24391.0
2023-10-30 06:00:00,CISO,California Independent System Operator,Demand,23704.0
2023-10-30 07:00:00,CISO,California Independent System Operator,Demand,22423.0
2023-10-30 08:00:00,CISO,California Independent System Operator,Demand,21171.0
2023-10-30 09:00:00,CISO,California Independent System Operator,Demand,20842.0
2023-10-30 10:00:00,CISO,California Independent System Operator,Demand,20339.0
2023-10-30 11:00:00,CISO,California Independent System Operator,Demand,19988.0
2023-10-30 12:00:00,CISO,California Independent System Operator,Demand,20160.0
2023-10-30 13:00:00,CISO,California Independent System Operator,Demand,20627.0
2023-10-30 14:00:00,CISO,California Independent System Operator,Demand,21653.0
2023-10-30 15:00:00,CISO,California Independent System Operator,Demand,23843.0
2023-10-30 16:00:00,CISO,California Independent System Operator,Demand,25140.0
2023-10-30 17:00:00,CISO,California Independent System Operator,Demand,25152.0
2023-10-30 18:00:00,CISO,California Independent System Operator,Demand,25030.0
2023-10-30 19:00:00,CISO,California Independent System Operator,Demand,24136.0
2023-10-30 20:00:00,CISO,California Independent System Operator,Demand,23327.0
2023-10-30 21:00:00,CISO,California Independent System Operator,Demand,22959.0
2023-10-30 22:00:00,CISO,California Independent System Operator,Demand,22932.0
2023-10-30 23:00:00,CISO,California Independent System Operator,Demand,22929.0
2023-10-31 00:00:00,CISO,California Independent System Operator,Demand,23391.0
2023-10-31 01:00:00,CISO,California Independent System Operator,Demand,24720.0
2023-10-31 02:00:00,CISO,California Independent System Operator,Demand,26488.0
2023-10-31 03:00:00,CISO,California Independent System Operator,Demand,27453.0
2023-10-31 04:00:00,CISO,California Independent System Operator,Demand,27048.0
2023-10-31 05:00:00,CISO,California Independent System Operator,Demand,26284.0
2023-10-31 06:00:00,CISO,California Independent System Operator,Demand,25481.0
2023-10-31 07:00:00,CISO,California Independent System Operator,Demand,24037.0
2023-10-31 08:00:00,CISO,California Independent System Operator,Demand,22604.0
2023-10-31 09:00:00,CISO,California Independent System Operator,Demand,21867.0
2023-10-31 10:00:00,CISO,California Independent System Operator,Demand,21138.0
2023-10-31 11:00:00,CISO,California Independent System Operator,Demand,20803.0
2023-10-31 12:00:00,CISO,California Independent System Operator,Demand,20804.0
2023-10-31 13:00:00,CISO,California Independent System Operator,Demand,21111.0
2023-10-31 14:00:00,CISO,California Independent System Operator,Demand,21857.0
2023-10-31 15:00:00,CISO,California Independent System Operator,Demand,24021.0
2023-10-31 16:00:00,CISO,California Independent System Operator,Demand,25521.0
2023-10-31 17:00:00,CISO,California Independent System Operator,Demand,25678.0
2023-10-31 18:00:00,CISO,California Independent System Operator,Demand,25352.0
2023-10-31 19:00:00,CISO,California Independent System Operator,Demand,24337.0
2023-10-31 20:00:00,CISO,California Independent System Operator,Demand,23590.0
2023-10-31 21:00:00,CISO,California Independent System Operator,Demand,
2023-10-31 22:00:00,CISO,California Independent System Operator,Demand,22885.0
2023-10-31 23:00:00,CISO,California Independent System Operator,Demand,22628.0
2023-11-01 00:00:00,CISO,California Independent System Operator,Demand,23438.0
2023-11-01 01:00:00,CISO,California Independent System Operator,Demand,25119.0
2023-11-01 02:00:00,CISO,California Independent System Operator,Demand,26577.0
2023-11-01 03:00:00,CISO,California Independent System Operator,Demand,26975.0
2023-11-01 04:00:00,CISO,California Independent System Operator,Demand,26150.0
2023-11-01 05:00:00,CISO,California Independent System Operator,Demand,25573.0
2023-11-01 06:00:00,CISO,California Independent System Operator,Demand,25134.0
2023-11-01 07:00:00,CISO,California Independent System Operator,Demand,23966.0
2023-11-01 08:00:00,CISO,California Independent System Operator,Demand,22634.0
2023-11-01 09:00:00,CISO,California Independent System Operator,Demand,21976.0
2023-11-01 10:00:00,CISO,California Independent System Operator,Demand,21490.0
2023-11-01 11:00:00,CISO,California Independent System Operator,Demand,21039.0
2023-11-01 12:00:00,CISO,California Independent System Operator,Demand,20784.0
2023-11-01 13:00:00,CISO,California Independent System Operator,Demand,20797.0
2023-11-01 14:00:00,CISO,California Independent System Operator,Demand,21971.0
2023-11-01 15:00:00,CISO,California Independent System Operator,Demand,23936.0
2023-11-01 16:00:00,CISO,California Independent System Operator,Demand,25458.0
2023-11-01 17:00:00,CISO,California Independent System Operator,Demand,25747.0
2023-11-01 18:00:00,CISO,California Independent System Operator,Demand,25637.0
2023-11-01 19:00:00,CISO,California Independent System Operator,Demand,25064.0
2023-11-01 20:00:00,CISO,California Independent System Operator,Demand,24420.0
2023-11-01 21:00:00,CISO,California Independent System Operator,Demand,23955.0
2023-11-01 22:00:00,CISO,California Independent System Operator,Demand,23773.0
2023-11-01 23:00:00,CISO,California Independent System Operator,Demand,23950.0
2023-11-02 00:00:00,CISO,California Independent System Operator,Demand,24821.0
2023-11-02 01:00:00,CISO,California Independent System Operator,Demand,25833.0
2023-11-02 02:00:00,CISO,California Independent System Operator,Demand,27367.0
2023-11-02 03:00:00,CISO,California Independent System Operator,Demand,28248.0
2023-11-02 04:00:00,CISO,California Independent System Operator,Demand,27594.0
2023-11-02 05:00:00,CISO,California Independent System Operator,Demand,26626.0
2023-11-02 06:00:00,CISO,California Independent System Operator,Demand,25901.0
2023-11-02 07:00:00,CISO,California Independent System Operator,Demand,24416.0
2023-11-02 08:00:00,CISO,California Independent System Operator,Demand,23075.0
2023-11-02 09:00:00,CISO,California Independent System Operator,Demand,22601.0
2023-11-02 10:00:00,CISO,California Independent System Operator,Demand,22052.0
2023-11-02 11:00:00,CISO,California Independent System Operator,Demand,21671.0
2023-11-02 12:00:00,CISO,California Independent System Operator,Demand,20953.0
2023-11-02 13:00:00,CISO,California Independent System Operator,Demand,20990.0
2023-11-02 14:00:00,CISO,California Independent System Operator,Demand,22025.0
2023-11-02 15:00:00,CISO,California Independent System Operator,Demand,24021.0
2023-11-02 16:00:00,CISO,California Independent System Operator,Demand,25484.0
2023-11-02 17:00:00,CISO,California Independent System Operator,Demand,25576.0
2023-11-02 18:00:00,CISO,California Independent System Operator,Demand,25521.0
2023-11-02 19:00:00,CISO,California Independent System Operator,Demand,24755.0
2023-11-02 20:00:00,CISO,California Independent System Operator,Demand,24742.0
2023-11-02 21:00:00,CISO,California Independent System Operator,Demand,24298.0
2023-11-02 22:00:00,CISO,California Independent System Operator,Demand,24208.0
2023-11-02 23:00:00,CISO,California Independent System Operator,Demand,25047.0
2023-11-03 00:00:00,CISO,California Independent System Operator,Demand,25537.0
2023-11-03 01:00:00,CISO,California Independent System Operator,Demand,26169.0
2023-11-03 02:00:00,CISO,California Independent System Operator,Demand,27768.0
2023-11-03 03:00:00,CISO,California Independent System Operator,Demand,28694.0
2023-11-03 04:00:00,CISO,California Independent System Operator,Demand,28159.0
2023-11-03 05:00:00,CISO,California Independent System Operator,Demand,27149.0
2023-11-03 06:00:00,CISO,California Independent System Operator,Demand,26213.0
2023-11-03 07:00:00,CISO,California Independent System Operator,Demand,24538.0
2023-11-03 08:00:00,CISO,California Independent System Operator,Demand,23043.0
2023-11-03 09:00:00,CISO,California Independent System Operator,Demand,22409.0
2023-11-03 10:00:00,CISO,California Independent System Operator,Demand,21565.0
2023-11-03 11:00:00,CISO,California Independent System Operator,Demand,20873.0
2023-11-03 12:00:00,CISO,California Independent System Operator,Demand,20706.0
2023-11-03 13:00:00,CISO,California Independent System Operator,Demand,21038.0
2023-11-03 14:00:00,CISO,California Independent System Operator,Demand,21306.0
2023-11-03 15:00:00,CISO,California Independent System Operator,Demand,23554.0
2023-11-03 16:00:00,CISO,California Independent System Operator,Demand,24850.0
2023-11-03 17:00:00,CISO,California Independent System Operator,Demand,25017.0
2023-11-03 18:00:00,CISO,California Independent System Operator,Demand,24952.0
2023-11-03 19:00:00,CISO,California Independent System Operator,Demand,24615.0
2023-11-03 20:00:00,CISO,California Independent System Operator,Demand,23856.0
2023-11-03 21:00:00,CISO,California Independent System Operator,Demand,23529.0
2023-11-03 22:00:00,CISO,California Independent System Operator,Demand,23711.0
2023-11-03 23:00:00,CISO,California Independent System Operator,Demand,24254.0
2023-11-04 00:00:00,CISO,California Independent System Operator,Demand,25102.0
2023-11-04 01:00:00,CISO,California Independent System Operator,Demand,25838.0
2023-11-04 02:00:00,CISO,California Independent System Operator,Demand,27286.0
2023-11-04 03:00:00,CISO,California Independent System Operator,Demand,27895.0
2023-11-04 04:00:00,CISO,California Independent System Operator,Demand,27163.0
2023-11-04 05:00:00,CISO,California Independent System Operator,Demand,26333.0
2023-11-04 06:00:00,CISO,California Independent System Operator,Demand,25540.0
2023-11-04 07:00:00,CISO,California Independent System Operator,Demand,24435.0
2023-11-04 08:00:00,CISO,California Independent System Operator,Demand,23236.0
2023-11-04 09:00:00,CISO,California Independent System Operator,Demand,22127.0
2023-11-04 10:00:00,CISO,California Independent System Operator,Demand,21258.0
2023-11-04 11:00:00,CISO,California Independent System Operator,Demand,20561.0
2023-11-04 12:00:00,CISO,California Independent System Operator,Demand,20091.0
2023-11-04 13:00:00,CISO,California Independent System Operator,Demand,19982.0
2023-11-04 14:00:00,CISO,California Independent System Operator,Demand,20275.0
2023-11-04 15:00:00,CISO,California Independent System Operator,Demand,21090.0
2023-11-04 16:00:00,CISO,California Independent System Operator,Demand,21799.0
2023-11-04 17:00:00,CISO,California Independent System Operator,Demand,22473.0
2023-11-04 18:00:00,CISO,California Independent System Operator,Demand,23343.0
2023-11-04 19:00:00,CISO,California Independent System Operator,Demand,22885.0
2023-11-04 20:00:00,CISO,California Independent System Operator,Demand,21916.0
2023-11-04 21:00:00,CISO,California Independent System Operator,Demand,21281.0
2023-11-04 22:00:00,CISO,California Independent System Operator,Demand,21021.0
2023-11-04 23:00:00,CISO,California Independent System Operator,Demand,20964.0
2023-11-05 00:00:00,CISO,California Independent System Operator,Demand,21962.0
2023-11-05 01:00:00,CISO,California Independent System Operator,Demand,23628.0
2023-11-05 02:00:00,CISO,California Independent System Operator,Demand,25112.0
2023-11-05 03:00:00,CISO,California Independent System Operator,Demand,25933.0
2023-11-05 04:00:00,CISO,California Independent System Operator,Demand,25529.0
2023-11-05 05:00:00,CISO,California Independent System Operator,Demand,24896.0
2023-11-05 06:00:00,CISO,California Independent System Operator,Demand,24126.0
2023-11-05 07:00:00,CISO,California Independent System Operator,Demand,23086.0
2023-11-05 08:00:00,CISO,California Independent System Operator,Demand,21979.0
2023-11-05 09:00:00,CISO,California Independent System Operator,Demand,21433.0
2023-11-05 10:00:00,CISO,California Independent System Operator,Demand,20666.0
2023-11-05 11:00:00,CISO,California Independent System Operator,Demand,19873.0
2023-11-05 12:00:00,CISO,California Independent System Operator,Demand,19729.0
2023-11-05 13:00:00,CISO,California Independent System Operator,Demand,19486.0
2023-11-05 14:00:00,CISO,California Independent System Operator,Demand,19418.0
2023-11-05 15:00:00,CISO,California Independent System Operator,Demand,19780.0
2023-11-05 16:00:00,CISO,California Independent System Operator,Demand,20025.0
2023-11-05 17:00:00,CISO,California Independent System Operator,Demand,20260.0
2023-11-05 18:00:00,CISO,California Independent System Operator,Demand,20591.0
2023-11-05 19:00:00,CISO,California Independent System Operator,Demand,20724.0
2023-11-05 20:00:00,CISO,California Independent System Operator,Demand,20677.0
2023-11-05 21:00:00,CISO,California Independent System Operator,Demand,20552.0
2023-11-05 22:00:00,CISO,California Independent System Operator,Demand,20731.0
2023-11-05 23:00:00,CISO,California Independent System Operator,Demand,21065.0
2023-11-06 00:00:00,CISO,California Independent System Operator,Demand,22439.0
2023-11-06 01:00:00,CISO,California Independent System Operator,Demand,23703.0
2023-11-06 02:00:00,CISO,California Independent System Operator,Demand,25218.0
2023-11-06 03:00:00,CISO,California Independent System Operator,Demand,26745.0
2023-11-06 04:00:00,CISO,California Independent System Operator,Demand,26374.0
2023-11-06 05:00:00,CISO,California Independent System Operator,Demand,25590.0
2023-11-06 06:00:00,CISO,California Independent System Operator,Demand,24883.0
2023-11-06 07:00:00,CISO,California Independent System Operator,Demand,24062.0
2023-11-06 08:00:00,CISO,California Independent System Operator,Demand,22729.0
2023-11-06 09:00:00,CISO,California Independent System Operator,Demand,21514.0
2023-11-06 10:00:00,CISO,California Independent System Operator,Demand,21137.0
2023-11-06 11:00:00,CISO,California Independent System Operator,Demand,20718.0
2023-11-06 12:00:00,CISO,California Independent System Operator,Demand,20229.0
2023-11-06 13:00:00,CISO,California Independent System Operator,Demand,19996.0
2023-11-06 14:00:00,CISO,California Independent System Operator,Demand,20242.0
2023-11-06 15:00:00,CISO,California Independent System Operator,Demand,21469.0
2023-11-06 16:00:00,CISO,California Independent System Operator,Demand,23201.0
2023-11-06 17:00:00,CISO,California Independent System Operator,Demand,23820.0
2023-11-06 18:00:00,CISO,California Independent System Operator,Demand,24041.0
2023-11-06 19:00:00,CISO,California Independent System Operator,Demand,23868.0
2023-11-06 20:00:00,CISO,California Independent System Operator,Demand,23346.0
2023-11-06 21:00:00,CISO,California Independent System Operator,Demand,23321.0
2023-11-06 22:00:00,CISO,California Independent System Operator,Demand,23915.0
2023-11-06 23:00:00,CISO,California Independent System Operator,Demand,24233.0
2023-11-07 00:00:00,CISO,California Independent System Operator,Demand,25185.0
2023-11-07 01:00:00,CISO,California Independent System Operator,Demand,25967.0
2023-11-07 02:00:00,CISO,California Independent System Operator,Demand,27273.0
2023-11-07 03:00:00,CISO,California Independent System Operator,Demand,28392.0
2023-11-07 04:00:00,CISO,California Independent System Operator,Demand,28079.0
2023-11-07 05:00:00,CISO,California Independent System Operator,Demand,27114.0
2023-11-07 06:00:00,CISO,California Independent System Operator,Demand,26297.0
2023-11-07 07:00:00,CISO,California Independent System Operator,Demand,25376.0
2023-11-07 08:00:00,CISO,California Independent System Operator,Demand,24213.0
2023-11-07 09:00:00,CISO,California Independent System Operator,Demand,22572.0
2023-11-07 10:00:00,CISO,California Independent System Operator,Demand,21633.0
2023-11-07 11:00:00,CISO,California Independent System Operator,Demand,21160.0
2023-11-07 12:00:00,CISO,California Independent System Operator,Demand,20901.0
2023-11-07 13:00:00,CISO,California Independent System Operator,Demand,20695.0
2023-11-07 14:00:00,CISO,California Independent System Operator,Demand,20987.0
2023-11-07 15:00:00,CISO,California Independent System Operator,Demand,22130.0
2023-11-07 16:00:00,CISO,California Independent System Operator,Demand,23871.0
2023-11-07 17:00:00,CISO,California Independent System Operator,Demand,24896.0
2023-11-07 18:00:00,CISO,California Independent System Operator,Demand,24680.0
2023-11-07 19:00:00,CISO,California Independent System Operator,Demand,24415.0
2023-11-07 20:00:00,CISO,California Independent System Operator,Demand,24104.0
2023-11-07 21:00:00,CISO,California Independent System Operator,Demand,23790.0
2023-11-07 22:00:00,CISO,California Independent System Operator,Demand,23459.0
2023-11-07 23:00:00,CISO,California Independent System Operator,Demand,23838.0
2023-11-08 00:00:00,CISO,California Independent System Operator,Demand,24347.0
2023-11-08 01:00:00,CISO,California Independent System Operator,Demand,24705.0
2023-11-08 02:00:00,CISO,California Independent System Operator,Demand,26160.0
2023-11-08 03:00:00,CISO,California Independent System Operator,Demand,27686.0
2023-11-08 04:00:00,CISO,California Independent System Operator,Demand,27353.0
2023-11-08 05:00:00,CISO,California Independent System Operator,Demand,26743.0
2023-11-08 06:00:00,CISO,California Independent System Operator,Demand,26079.0
2023-11-08 07:00:00,CISO,California Independent System Operator,Demand,25271.0
2023-11-08 08:00:00,CISO,California Independent System Operator,Demand,23960.0
2023-11-08 09:00:00,CISO,California Independent System Operator,Demand,22716.0
2023-11-08 10:00:00,CISO,California Independent System Operator,Demand,22151.0
2023-11-08 11:00:00,CISO,California Independent System Operator,Demand,22089.0
2023-11-08 12:00:00,CISO,California Independent System Operator,Demand,21262.0
2023-11-08 13:00:00,CISO,California Independent System Operator,Demand,20730.0
2023-11-08 14:00:00,CISO,California Independent System Operator,Demand,21129.0
2023-11-08 15:00:00,CISO,California Independent System Operator,Demand,22516.0
2023-11-08 16:00:00,CISO,California Independent System Operator,Demand,24352.0
2023-11-08 17:00:00,CISO,California Independent System Operator,Demand,24984.0
2023-11-08 18:00:00,CISO,California Independent System Operator,Demand,24058.0
2023-11-08 19:00:00,CISO,California Independent System Operator,Demand,23683.0
2023-11-08 20:00:00,CISO,California Independent System Operator,Demand,23281.0
2023-11-08 21:00:00,CISO,California Independent System Operator,Demand,22892.0
2023-11-08 22:00:00,CISO,California Independent System Operator,Demand,22967.0
2023-11-08 23:00:00,CISO,California Independent System Operator,Demand,23337.0
2023-11-09 00:00:00,CISO,California Independent System Operator,Demand,23493.0
2023-11-09 01:00:00,CISO,California Independent System Operator,Demand,24469.0
2023-11-09 02:00:00,CISO,California Independent System Operator,Demand,26213.0
2023-11-09 03:00:00,CISO,California Independent System Operator,Demand,27862.0
2023-11-09 04:00:00,CISO,California Independent System Operator,Demand,27488.0
2023-11-09 05:00:00,CISO,California Independent System Operator,Demand,26785.0
2023-11-09 06:00:00,CISO,California Independent System Operator,Demand,26372.0
2023-11-09 07:00:00,CISO,California Independent System Operator,Demand,25433.0
2023-11-09 08:00:00,CISO,California Independent System Operator,Demand,24119.0
2023-11-09 09:00:00,CISO,California Independent System Operator,Demand,22734.0
2023-11-09 10:00:00,CISO,California Independent System Operator,Demand,22107.0
2023-11-09 11:00:00,CISO,California Independent System Operator,Demand,21480.0
2023-11-09 12:00:00,CISO,California Independent System Operator,Demand,21118.0
2023-11-09 13:00:00,CISO,California Independent System Operator,Demand,21099.0
2023-11-09 14:00:00,CISO,California Independent System Operator,Demand,21277.0
2023-11-09 15:00:00,CISO,California Independent System Operator,Demand,22557.0
2023-11-09 16:00:00,CISO,California Independent System Operator,Demand,24342.0
2023-11-09 17:00:00,CISO,California Independent System Operator,Demand,24447.0
2023-11-09 18:00:00,CISO,California Independent System Operator,Demand,24208.0
2023-11-09 19:00:00,CISO,California Independent System Operator,Demand,23221.0
2023-11-09 20:00:00,CISO,California Independent System Operator,Demand,22903.0
2023-11-09 21:00:00,CISO,California Independent System Operator,Demand,22810.0
2023-11-09 22:00:00,CISO,California Independent System Operator,Demand,22698.0
2023-11-09 23:00:00,CISO,California Independent System Operator,Demand,23073.0
2023-11-10 00:00:00,CISO,California Independent System Operator,Demand,23937.0
2023-11-10 01:00:00,CISO,California Independent System Operator,Demand,25125.0
2023-11-10 02:00:00,CISO,California Independent System Operator,Demand,25729.0
2023-11-10 03:00:00,CISO,California Independent System Operator,Demand,27528.0
2023-11-10 04:00:00,CISO,California Independent System Operator,Demand,27244.0
2023-11-10 05:00:00,CISO,California Independent System Operator,Demand,26415.0
2023-11-10 06:00:00,CISO,California Independent System Operator,Demand,25740.0
2023-11-10 07:00:00,CISO,California Independent System Operator,Demand,25185.0
2023-11-10 08:00:00,CISO,California Independent System Operator,Demand,23851.0
2023-11-10 09:00:00,CISO,California Independent System Operator,Demand,22508.0
2023-11-10 10:00:00,CISO,California Independent System Operator,Demand,22140.0
2023-11-10 11:00:00,CISO,California Independent System Operator,Demand,21720.0
2023-11-10 12:00:00,CISO,California Independent System Operator,Demand,21544.0
2023-11-10 13:00:00,CISO,California Independent System Operator,Demand,21098.0
2023-11-10 14:00:00,CISO,California Independent System Operator,Demand,21099.0
2023-11-10 15:00:00,CISO,California Independent System Operator,Demand,21879.0
2023-11-10 16:00:00,CISO,California Independent System Operator,Demand,23074.0
2023-11-10 17:00:00,CISO,California Independent System Operator,Demand,23916.0
2023-11-10 18:00:00,CISO,California Independent System Operator,Demand,23822.0
2023-11-10 19:00:00,CISO,California Independent System Operator,Demand,22867.0
2023-11-10 20:00:00,CISO,California Independent System Operator,Demand,22678.0
2023-11-10 21:00:00,CISO,California Independent System Operator,Demand,22398.0
2023-11-10 22:00:00,CISO,California Independent System Operator,Demand,21794.0
2023-11-10 23:00:00,CISO,California Independent System Operator,Demand,22637.0
2023-11-11 00:00:00,CISO,California Independent System Operator,Demand,23287.0
2023-11-11 01:00:00,CISO,California Independent System Operator,Demand,23740.0
2023-11-11 02:00:00,CISO,California Independent System Operator,Demand,25299.0
2023-11-11 03:00:00,CISO,California Independent System Operator,Demand,26735.0
2023-11-11 04:00:00,CISO,California Independent System Operator,Demand,26314.0
2023-11-11 05:00:00,CISO,California Independent System Operator,Demand,25675.0
2023-11-11 06:00:00,CISO,California Independent System Operator,Demand,25026.0
2023-11-11 07:00:00,CISO,California Independent System Operator,Demand,24450.0
2023-11-11 08:00:00,CISO,California Independent System Operator,Demand,23445.0
2023-11-11 09:00:00,CISO,California Independent System Operator,Demand,22385.0
2023-11-11 10:00:00,CISO,California Independent System Operator,Demand,21818.0
2023-11-11 11:00:00,CISO,California Independent System Operator,Demand,21020.0
2023-11-11 12:00:00,CISO,California Independent System Operator,Demand,20496.0
2023-11-11 13:00:00,CISO,California Independent System Operator,Demand,20073.0
2023-11-11 14:00:00,CISO,California Independent System Operator,Demand,20208.0
2023-11-11 15:00:00,CISO,California Independent System Operator,Demand,20708.0
2023-11-11 16:00:00,CISO,California Independent System Operator,Demand,21268.0
2023-11-11 17:00:00,CISO,California Independent System Operator,Demand,21487.0
2023-11-11 18:00:00,CISO,California Independent System Operator,Demand,21458.0
2023-11-11 19:00:00,CISO,California Independent System Operator,Demand,20473.0
2023-11-11 20:00:00,CISO,California Independent System Operator,Demand,19650.0
2023-11-11 21:00:00,CISO,California Independent System Operator,Demand,19163.0
2023-11-11 22:00:00,CISO,California Independent System Operator,Demand,19156.0
2023-11-11 23:00:00,CISO,California Independent System Operator,Demand,19058.0
2023-11-12 00:00:00,CISO,California Independent System Operator,Demand,19771.0
2023-11-12 01:00:00,CISO,California Independent System Operator,Demand,21626.0
2023-11-12 02:00:00,CISO,California Independent System Operator,Demand,23690.0
2023-11-12 03:00:00,CISO,California Independent System Operator,Demand,25075.0
2023-11-12 04:00:00,CISO,California Independent System Operator,Demand,24913.0
2023-11-12 05:00:00,CISO,California Independent System Operator,Demand,24317.0
2023-11-12 06:00:00,CISO,California Independent System Operator,Demand,23866.0
2023-11-12 07:00:00,CISO,California Independent System Operator,Demand,23342.0
2023-11-12 08:00:00,CISO,California Independent System Operator,Demand,22583.0
2023-11-12 09:00:00,CISO,California Independent System Operator,Demand,21563.0
2023-11-12 10:00:00,CISO,California Independent System Operator,Demand,20952.0
2023-11-12 11:00:00,CISO,California Independent System Operator,Demand,20385.0
2023-11-12 12:00:00,CISO,California Independent System Operator,Demand,19929.0
2023-11-12 13:00:00,CISO,California Independent System Operator,Demand,19658.0
2023-11-12 14:00:00,CISO,California Independent System Operator,Demand,19600.0
2023-11-12 15:00:00,CISO,California Independent System Operator,Demand,20022.0
2023-11-12 16:00:00,CISO,California Independent System Operator,Demand,20392.0
2023-11-12 17:00:00,CISO,California Independent System Operator,Demand,20382.0
2023-11-12 18:00:00,CISO,California Independent System Operator,Demand,19689.0
2023-11-12 19:00:00,CISO,California Independent System Operator,Demand,19329.0
2023-11-12 20:00:00,CISO,California Independent System Operator,Demand,18751.0
2023-11-12 21:00:00,CISO,California Independent System Operator,Demand,18147.0
2023-11-12 22:00:00,CISO,California Independent System Operator,Demand,18470.0
2023-11-12 23:00:00,CISO,California Independent System Operator,Demand,19493.0
2023-11-13 00:00:00,CISO,California Independent System Operator,Demand,20364.0
2023-11-13 01:00:00,CISO,California Independent System Operator,Demand,21990.0
2023-11-13 02:00:00,CISO,California Independent System Operator,Demand,24036.0
2023-11-13 03:00:00,CISO,California Independent System Operator,Demand,25635.0
2023-11-13 04:00:00,CISO,California Independent System Operator,Demand,25381.0
2023-11-13 05:00:00,CISO,California Independent System Operator,Demand,24800.0
2023-11-13 06:00:00,CISO,California Independent System Operator,Demand,24276.0
2023-11-13 07:00:00,CISO,California Independent System Operator,Demand,23532.0
2023-11-13 08:00:00,CISO,California Independent System Operator,Demand,22389.0
2023-11-13 09:00:00,CISO,California Independent System Operator,Demand,21127.0
2023-11-13 10:00:00,CISO,California Independent System Operator,Demand,20977.0
2023-11-13 11:00:00,CISO,California Independent System Operator,Demand,20482.0
2023-11-13 12:00:00,CISO,California Independent System Operator,Demand,20153.0
2023-11-13 13:00:00,CISO,California Independent System Operator,Demand,19913.0
2023-11-13 14:00:00,CISO,California Independent System Operator,Demand,20184.0
2023-11-13 15:00:00,CISO,California Independent System Operator,Demand,21683.0
2023-11-13 16:00:00,CISO,California Independent System Operator,Demand,23645.0
2023-11-13 17:00:00,CISO,California Independent System Operator,Demand,23999.0
2023-11-13 18:00:00,CISO,California Independent System Operator,Demand,23817.0
2023-11-13 19:00:00,CISO,California Independent System Operator,Demand,24173.0
2023-11-13 20:00:00,CISO,California Independent System Operator,Demand,23870.0
2023-11-13 21:00:00,CISO,California Independent System Operator,Demand,23808.0
2023-11-13 22:00:00,CISO,California Independent System Operator,Demand,23536.0
2023-11-13 23:00:00,CISO,California Independent System Operator,Demand,22745.0
2023-11-14 00:00:00,CISO,California Independent System Operator,Demand,23033.0
2023-11-14 01:00:00,CISO,California Independent System Operator,Demand,24705.0
2023-11-14 02:00:00,CISO,California Independent System Operator,Demand,26144.0
2023-11-14 03:00:00,CISO,California Independent System Operator,Demand,27276.0
2023-11-14 04:00:00,CISO,California Independent System Operator,Demand,27266.0
2023-11-14 05:00:00,CISO,California Independent System Operator,Demand,26831.0
2023-11-14 06:00:00,CISO,California Independent System Operator,Demand,26315.0
2023-11-14 07:00:00,CISO,California Independent System Operator,Demand,25175.0
2023-11-14 08:00:00,CISO,California Independent System Operator,Demand,23673.0
2023-11-14 09:00:00,CISO,California Independent System Operator,Demand,22445.0
2023-11-14 10:00:00,CISO,California Independent System Operator,Demand,21625.0
2023-11-14 11:00:00,CISO,California Independent System Operator,Demand,21362.0
2023-11-14 12:00:00,CISO,California Independent System Operator,Demand,21203.0
2023-11-14 13:00:00,CISO,California Independent System Operator,Demand,20993.0
2023-11-14 14:00:00,CISO,California Independent System Operator,Demand,20748.0
2023-11-14 15:00:00,CISO,California Independent System Operator,Demand,21947.0
2023-11-14 16:00:00,CISO,California Independent System Operator,Demand,23897.0
2023-11-14 17:00:00,CISO,California Independent System Operator,Demand,24735.0
2023-11-14 18:00:00,CISO,California Independent System Operator,Demand,24805.0
2023-11-14 19:00:00,CISO,California Independent System Operator,Demand,24553.0
2023-11-14 20:00:00,CISO,California Independent System Operator,Demand,
2023-11-14 21:00:00,CISO,California Independent System Operator,Demand,24094.0
2023-11-14 22:00:00,CISO,California Independent System Operator,Demand,23227.0
2023-11-14 23:00:00,CISO,California Independent System Operator,Demand,23770.0
2023-11-15 00:00:00,CISO,California Independent System Operator,Demand,24295.0
2023-11-15 01:00:00,CISO,California Independent System Operator,Demand,25416.0
2023-11-15 02:00:00,CISO,California Independent System Operator,Demand,26728.0
2023-11-15 03:00:00,CISO,California Independent System Operator,Demand,27780.0
2023-11-15 04:00:00,CISO,California Independent System Operator,Demand,27251.0
2023-11-15 05:00:00,CISO,California Independent System Operator,Demand,26481.0
2023-11-15 06:00:00,CISO,California Independent System Operator,Demand,25663.0
2023-11-15 07:00:00,CISO,California Independent System Operator,Demand,24996.0
2023-11-15 08:00:00,CISO,California Independent System Operator,Demand,23925.0
2023-11-15 09:00:00,CISO,California Independent System Operator,Demand,22993.0
2023-11-15 10:00:00,CISO,California Independent System Operator,Demand,22279.0
2023-11-15 11:00:00,CISO,California Independent System Operator,Demand,21635.0
2023-11-15 12:00:00,CISO,California Independent System Operator,Demand,21330.0
2023-11-15 13:00:00,CISO,California Independent System Operator,Demand,20941.0
2023-11-15 14:00:00,CISO,California Independent System Operator,Demand,20800.0
2023-11-15 15:00:00,CISO,California Independent System Operator,Demand,21883.0
2023-11-15 16:00:00,CISO,California Independent System Operator,Demand,23754.0
2023-11-15 17:00:00,CISO,California Independent System Operator,Demand,24954.0
2023-11-15 18:00:00,CISO,California Independent System Operator,Demand,26062.0
2023-11-15 19:00:00,CISO,California Independent System Operator,Demand,26658.0
2023-11-15 20:00:00,CISO,California Independent System Operator,Demand,27139.0
2023-11-15 21:00:00,CISO,California Independent System Operator,Demand,26774.0
2023-11-15 22:00:00,CISO,California Independent System Operator,Demand,26155.0
2023-11-15 23:00:00,CISO,California Independent System Operator,Demand,26003.0
2023-11-16 00:00:00,CISO,California Independent System Operator,Demand,26418.0
2023-11-16 01:00:00,CISO,California Independent System Operator,Demand,26479.0
2023-11-16 02:00:00,CISO,California Independent System Operator,Demand,27181.0
2023-11-16 03:00:00,CISO,California Independent System Operator,Demand,27789.0
2023-11-16 04:00:00,CISO,California Independent System Operator,Demand,27281.0
2023-11-16 05:00:00,CISO,California Independent System Operator,Demand,26553.0
2023-11-16 06:00:00,CISO,California Independent System Operator,Demand,25853.0
2023-11-16 07:00:00,CISO,California Independent System Operator,Demand,25103.0
2023-11-16 08:00:00,CISO,California Independent System Operator,Demand,23863.0
2023-11-16 09:00:00,CISO,California Independent System Operator,Demand,22861.0
2023-11-16 10:00:00,CISO,California Independent System Operator,Demand,21958.0
2023-11-16 11:00:00,CISO,California Independent System Operator,Demand,21457.0
2023-11-16 12:00:00,CISO,California Independent System Operator,Demand,20950.0
2023-11-16 13:00:00,CISO,California Independent System Operator,Demand,21064.0
2023-11-16 14:00:00,CISO,California Independent System Operator,Demand,20995.0
2023-11-16 15:00:00,CISO,California Independent System Operator,Demand,22022.0
2023-11-16 16:00:00,CISO,California Independent System Operator,Demand,23881.0
2023-11-16 17:00:00,CISO,California Independent System Operator,Demand,24324.0
2023-11-16 18:00:00,CISO,California Independent System Operator,Demand,24324.0
2023-11-16 19:00:00,CISO,California Independent System Operator,Demand,24594.0
2023-11-16 20:00:00,CISO,California Independent System Operator,Demand,24963.0
2023-11-16 21:00:00,CISO,California Independent System Operator,Demand,25084.0
2023-11-16 22:00:00,CISO,California Independent System Operator,Demand,25455.0
2023-11-16 23:00:00,CISO,California Independent System Operator,Demand,25184.0
2023-11-17 00:00:00,CISO,California Independent System Operator,Demand,24641.0
2023-11-17 01:00:00,CISO,California Independent System Operator,Demand,25623.0
2023-11-17 02:00:00,CISO,California Independent System Operator,Demand,26794.0
2023-11-17 03:00:00,CISO,California Independent System Operator,Demand,27824.0
2023-11-17 04:00:00,CISO,California Independent System Operator,Demand,27379.0
2023-11-17 05:00:00,CISO,California Independent System Operator,Demand,26783.0
2023-11-17 06:00:00,CISO,California Independent System Operator,Demand,26056.0
2023-11-17 07:00:00,CISO,California Independent System Operator,Demand,25130.0
2023-11-17 08:00:00,CISO,California Independent System Operator,Demand,23774.0
2023-11-17 09:00:00,CISO,California Independent System Operator,Demand,22571.0
2023-11-17 10:00:00,CISO,California Independent System Operator,Demand,22119.0
2023-11-17 11:00:00,CISO,California Independent System Operator,Demand,21319.0
2023-11-17 12:00:00,CISO,California Independent System Operator,Demand,21069.0
2023-11-17 13:00:00,CISO,California Independent System Operator,Demand,20754.0
2023-11-17 14:00:00,CISO,California Independent System Operator,Demand,20996.0
2023-11-17 15:00:00,CISO,California Independent System Operator,Demand,22094.0
2023-11-17 16:00:00,CISO,California Independent System Operator,Demand,23786.0
2023-11-17 17:00:00,CISO,California Independent System Operator,Demand,24418.0
2023-11-17 18:00:00,CISO,California Independent System Operator,Demand,24529.0
2023-11-17 19:00:00,CISO,California Independent System Operator,Demand,24983.0
2023-11-17 20:00:00,CISO,California Independent System Operator,Demand,24931.0
2023-11-17 21:00:00,CISO,California Independent System Operator,Demand,24674.0
2023-11-17 22:00:00,CISO,California Independent System Operator,Demand,24591.0
2023-11-17 23:00:00,CISO,California Independent System Operator,Demand,24965.0
2023-11-18 00:00:00,CISO,California Independent System Operator,Demand,25306.0
2023-11-18 01:00:00,CISO,California Independent System Operator,Demand,25676.0
2023-11-18 02:00:00,CISO,California Independent System Operator,Demand,26799.0
2023-11-18 03:00:00,CISO,California Independent System Operator,Demand,27728.0
2023-11-18 04:00:00,CISO,California Independent System Operator,Demand,27018.0
2023-11-18 05:00:00,CISO,California Independent System Operator,Demand,26206.0
2023-11-18 06:00:00,CISO,California Independent System Operator,Demand,25528.0
2023-11-18 07:00:00,CISO,California Independent System Operator,Demand,24861.0
2023-11-18 08:00:00,CISO,California Independent System Operator,Demand,23830.0
2023-11-18 09:00:00,CISO,California Independent System Operator,Demand,22655.0
2023-11-18 10:00:00,CISO,California Independent System Operator,Demand,21894.0
2023-11-18 11:00:00,CISO,California Independent System Operator,Demand,21049.0
2023-11-18 12:00:00,CISO,California Independent System Operator,Demand,20355.0
2023-11-18 13:00:00,CISO,California Independent System Operator,Demand,20180.0
2023-11-18 14:00:00,CISO,California Independent System Operator,Demand,20331.0
2023-11-18 15:00:00,CISO,California Independent System Operator,Demand,20765.0
2023-11-18 16:00:00,CISO,California Independent System Operator,Demand,21128.0
2023-11-18 17:00:00,CISO,California Independent System Operator,Demand,21095.0
2023-11-18 18:00:00,CISO,California Independent System Operator,Demand,22004.0
2023-11-18 19:00:00,CISO,California Independent System Operator,Demand,22806.0
2023-11-18 20:00:00,CISO,California Independent System Operator,Demand,23495.0
2023-11-18 21:00:00,CISO,California Independent System Operator,Demand,23913.0
2023-11-18 22:00:00,CISO,California Independent System Operator,Demand,23603.0
2023-11-18 23:00:00,CISO,California Independent System Operator,Demand,23406.0
2023-11-19 00:00:00,CISO,California Independent System Operator,Demand,23065.0
2023-11-19 01:00:00,CISO,California Independent System Operator,Demand,23431.0
2023-11-19 02:00:00,CISO,California Independent System Operator,Demand,24088.0
2023-11-19 03:00:00,CISO,California Independent System Operator,Demand,25635.0
2023-11-19 04:00:00,CISO,California Independent System Operator,Demand,25097.0
2023-11-19 05:00:00,CISO,California Independent System Operator,Demand,24639.0
2023-11-19 06:00:00,CISO,California Independent System Operator,Demand,24208.0
2023-11-19 07:00:00,CISO,California Independent System Operator,Demand,23766.0
2023-11-19 08:00:00,CISO,California Independent System Operator,Demand,22719.0
2023-11-19 09:00:00,CISO,California Independent System Operator,Demand,21771.0
2023-11-19 10:00:00,CISO,California Independent System Operator,Demand,21004.0
2023-11-19 11:00:00,CISO,California Independent System Operator,Demand,20634.0
2023-11-19 12:00:00,CISO,California Independent System Operator,Demand,20279.0
2023-11-19 13:00:00,CISO,California Independent System Operator,Demand,19902.0
2023-11-19 14:00:00,CISO,California Independent System Operator,Demand,19705.0
2023-11-19 15:00:00,CISO,California Independent System Operator,Demand,19938.0
2023-11-19 16:00:00,CISO,California Independent System Operator,Demand,20407.0
2023-11-19 17:00:00,CISO,California Independent System Operator,Demand,20267.0
2023-11-19 18:00:00,CISO,California Independent System Operator,Demand,20597.0
2023-11-19 19:00:00,CISO,California Independent System Operator,Demand,20548.0
2023-11-19 20:00:00,CISO,California Independent System Operator,Demand,20467.0
2023-11-19 21:00:00,CISO,California Independent System Operator,Demand,20179.0
2023-11-19 22:00:00,CISO,California Independent System Operator,Demand,20223.0
2023-11-19 23:00:00,CISO,California Independent System Operator,Demand,19524.0
2023-11-20 00:00:00,CISO,California Independent System Operator,Demand,19512.0
2023-11-20 01:00:00,CISO,California Independent System Operator,Demand,21403.0
2023-11-20 02:00:00,CISO,California Independent System Operator,Demand,23891.0
2023-11-20 03:00:00,CISO,California Independent System Operator,Demand,25418.0
2023-11-20 04:00:00,CISO,California Independent System Operator,Demand,25404.0
2023-11-20 05:00:00,CISO,California Independent System Operator,Demand,25018.0
2023-11-20 06:00:00,CISO,California Independent System Operator,Demand,24472.0
2023-11-20 07:00:00,CISO,California Independent System Operator,Demand,23935.0
2023-11-20 08:00:00,CISO,California Independent System Operator,Demand,22810.0
2023-11-20 09:00:00,CISO,California Independent System Operator,Demand,21893.0
2023-11-20 10:00:00,CISO,California Independent System Operator,Demand,21501.0
2023-11-20 11:00:00,CISO,California Independent System Operator,Demand,21006.0
2023-11-20 12:00:00,CISO,California Independent System Operator,Demand,20915.0
2023-11-20 13:00:00,CISO,California Independent System Operator,Demand,20604.0
2023-11-20 14:00:00,CISO,California Independent System Operator,Demand,20990.0
2023-11-20 15:00:00,CISO,California Independent System Operator,Demand,22244.0
2023-11-20 16:00:00,CISO,California Independent System Operator,Demand,23263.0
2023-11-20 17:00:00,CISO,California Independent System Operator,Demand,23930.0
2023-11-20 18:00:00,CISO,California Independent System Operator,Demand,24300.0
2023-11-20 19:00:00,CISO,California Independent System Operator,Demand,23944.0
2023-11-20 20:00:00,CISO,California Independent System Operator,Demand,23271.0
2023-11-20 21:00:00,CISO,California Independent System Operator,Demand,22444.0
2023-11-20 22:00:00,CISO,California Independent System Operator,Demand,22187.0
2023-11-20 23:00:00,CISO,California Independent System Operator,Demand,22661.0
2023-11-21 00:00:00,CISO,California Independent System Operator,Demand,23259.0
2023-11-21 01:00:00,CISO,California Independent System Operator,Demand,24301.0
2023-11-21 02:00:00,CISO,California Independent System Operator,Demand,26361.0
2023-11-21 03:00:00,CISO,California Independent System Operator,Demand,27952.0
2023-11-21 04:00:00,CISO,California Independent System Operator,Demand,27528.0
2023-11-21 05:00:00,CISO,California Independent System Operator,Demand,26928.0
2023-11-21 06:00:00,CISO,California Independent System Operator,Demand,26306.0
2023-11-21 07:00:00,CISO,California Independent System Operator,Demand,25573.0
2023-11-21 08:00:00,CISO,California Independent System Operator,Demand,24241.0
2023-11-21 09:00:00,CISO,California Independent System Operator,Demand,23138.0
2023-11-21 10:00:00,CISO,California Independent System Operator,Demand,22472.0
2023-11-21 11:00:00,CISO,California Independent System Operator,Demand,21634.0
2023-11-21 12:00:00,CISO,California Independent System Operator,Demand,21198.0
2023-11-21 13:00:00,CISO,California Independent System Operator,Demand,21026.0
2023-11-21 14:00:00,CISO,California Independent System Operator,Demand,21446.0
2023-11-21 15:00:00,CISO,California Independent System Operator,Demand,22724.0
2023-11-21 16:00:00,CISO,California Independent System Operator,Demand,24308.0
2023-11-21 17:00:00,CISO,California Independent System Operator,Demand,24573.0
2023-11-21 18:00:00,CISO,California Independent System Operator,Demand,25010.0
2023-11-21 19:00:00,CISO,California Independent System Operator,Demand,24544.0
2023-11-21 20:00:00,CISO,California Independent System Operator,Demand,24358.0
2023-11-21 21:00:00,CISO,California Independent System Operator,Demand,24025.0
2023-11-21 22:00:00,CISO,California Independent System Operator,Demand,23972.0
2023-11-21 23:00:00,CISO,California Independent System Operator,Demand,24731.0
2023-11-22 00:00:00,CISO,California Independent System Operator,Demand,25373.0
2023-11-22 01:00:00,CISO,California Independent System Operator,Demand,25715.0
2023-11-22 02:00:00,CISO,California Independent System Operator,Demand,27034.0
2023-11-22 03:00:00,CISO,California Independent System Operator,Demand,28028.0
2023-11-22 04:00:00,CISO,California Independent System Operator,Demand,27635.0
2023-11-22 05:00:00,CISO,California Independent System Operator,Demand,27004.0
2023-11-22 06:00:00,CISO,California Independent System Operator,Demand,26376.0
2023-11-22 07:00:00,CISO,California Independent System Operator,Demand,25657.0
2023-11-22 08:00:00,CISO,California Independent System Operator,Demand,24340.0
2023-11-22 09:00:00,CISO,California Independent System Operator,Demand,23102.0
2023-11-22 10:00:00,CISO,California Independent System Operator,Demand,22607.0
2023-11-22 11:00:00,CISO,California Independent System Operator,Demand,22247.0
2023-11-22 12:00:00,CISO,California Independent System Operator,Demand,21648.0
2023-11-22 13:00:00,CISO,California Independent System Operator,Demand,21432.0
2023-11-22 14:00:00,CISO,California Independent System Operator,Demand,21535.0
2023-11-22 15:00:00,CISO,California Independent System Operator,Demand,22787.0
2023-11-22 16:00:00,CISO,California Independent System Operator,Demand,24226.0
2023-11-22 17:00:00,CISO,California Independent System Operator,Demand,24496.0
2023-11-22 18:00:00,CISO,California Independent System Operator,Demand,24864.0
2023-11-22 19:00:00,CISO,California Independent System Operator,Demand,24719.0
2023-11-22 20:00:00,CISO,California Independent System Operator,Demand,23907.0
2023-11-22 21:00:00,CISO,California Independent System Operator,Demand,23109.0
2023-11-22 22:00:00,CISO,California Independent System Operator,Demand,23165.0
2023-11-22 23:00:00,CISO,California Independent System Operator,Demand,23486.0
2023-11-23 00:00:00,CISO,California Independent System Operator,Demand,24689.0
2023-11-23 01:00:00,CISO,California Independent System Operator,Demand,25775.0
2023-11-23 02:00:00,CISO,California Independent System Operator,Demand,26866.0
2023-11-23 03:00:00,CISO,California Independent System Operator,Demand,27706.0
2023-11-23 04:00:00,CISO,California Independent System Operator,Demand,27172.0
2023-11-23 05:00:00,CISO,California Independent System Operator,Demand,26446.0
2023-11-23 06:00:00,CISO,California Independent System Operator,Demand,25802.0
2023-11-23 07:00:00,CISO,California Independent System Operator,Demand,25217.0
2023-11-23 08:00:00,CISO,California Independent System Operator,Demand,24046.0
2023-11-23 09:00:00,CISO,California Independent System Operator,Demand,22818.0
2023-11-23 10:00:00,CISO,California Independent System Operator,Demand,22016.0
2023-11-23 11:00:00,CISO,California Independent System Operator,Demand,21089.0
2023-11-23 12:00:00,CISO,California Independent System Operator,Demand,20605.0
2023-11-23 13:00:00,CISO,California Independent System Operator,Demand,19946.0
2023-11-23 14:00:00,CISO,California Independent System Operator,Demand,20033.0
2023-11-23 15:00:00,CISO,California Independent System Operator,Demand,20263.0
2023-11-23 16:00:00,CISO,California Independent System Operator,Demand,20794.0
2023-11-23 17:00:00,CISO,California Independent System Operator,Demand,20739.0
2023-11-23 18:00:00,CISO,California Independent System Operator,Demand,20259.0
2023-11-23 19:00:00,CISO,California Independent System Operator,Demand,20165.0
2023-11-23 20:00:00,CISO,California Independent System Operator,Demand,19913.0
2023-11-23 21:00:00,CISO,California Independent System Operator,Demand,19289.0
2023-11-23 22:00:00,CISO,California Independent System Operator,Demand,19644.0
2023-11-23 23:00:00,CISO,California Independent System Operator,Demand,21087.0
2023-11-24 00:00:00,CISO,California Independent System Operator,Demand,21240.0
2023-11-24 01:00:00,CISO,California Independent System Operator,Demand,21635.0
2023-11-24 02:00:00,CISO,California Independent System Operator,Demand,22923.0
2023-11-24 03:00:00,CISO,California Independent System Operator,Demand,23717.0
2023-11-24 04:00:00,CISO,California Independent System Operator,Demand,23025.0
2023-11-24 05:00:00,CISO,California Independent System Operator,Demand,22663.0
2023-11-24 06:00:00,CISO,California Independent System Operator,Demand,22411.0
2023-11-24 07:00:00,CISO,California Independent System Operator,Demand,22650.0
2023-11-24 08:00:00,CISO,California Independent System Operator,Demand,22178.0
2023-11-24 09:00:00,CISO,California Independent System Operator,Demand,21426.0
2023-11-24 10:00:00,CISO,California Independent System Operator,Demand,20922.0
2023-11-24 11:00:00,CISO,California Independent System Operator,Demand,20320.0
2023-11-24 12:00:00,CISO,California Independent System Operator,Demand,20088.0
2023-11-24 13:00:00,CISO,California Independent System Operator,Demand,19705.0
2023-11-24 14:00:00,CISO,California Independent System Operator,Demand,19947.0
2023-11-24 15:00:00,CISO,California Independent System Operator,Demand,20637.0
2023-11-24 16:00:00,CISO,California Independent System Operator,Demand,21507.0
2023-11-24 17:00:00,CISO,California Independent System Operator,Demand,21517.0
2023-11-24 18:00:00,CISO,California Independent System Operator,Demand,21289.0
2023-11-24 19:00:00,CISO,California Independent System Operator,Demand,20390.0
2023-11-24 20:00:00,CISO,California Independent System Operator,Demand,19933.0
2023-11-24 21:00:00,CISO,California Independent System Operator,Demand,19570.0
2023-11-24 22:00:00,CISO,California Independent System Operator,Demand,19258.0
2023-11-24 23:00:00,CISO,California Independent System Operator,Demand,19690.0
2023-11-25 00:00:00,CISO,California Independent System Operator,Demand,20577.0
2023-11-25 01:00:00,CISO,California Independent System Operator,Demand,21777.0
2023-11-25 02:00:00,CISO,California Independent System Operator,Demand,23796.0
2023-11-25 03:00:00,CISO,California Independent System Operator,Demand,25334.0
2023-11-25 04:00:00,CISO,California Independent System Operator,Demand,25244.0
2023-11-25 05:00:00,CISO,California Independent System Operator,Demand,24863.0
2023-11-25 06:00:00,CISO,California Independent System Operator,Demand,24543.0
2023-11-25 07:00:00,CISO,California Independent System Operator,Demand,24219.0
2023-11-25 08:00:00,CISO,California Independent System Operator,Demand,23109.0
2023-11-25 09:00:00,CISO,California Independent System Operator,Demand,21984.0
2023-11-25 10:00:00,CISO,California Independent System Operator,Demand,21334.0
2023-11-25 11:00:00,CISO,California Independent System Operator,Demand,20588.0
2023-11-25 12:00:00,CISO,California Independent System Operator,Demand,19952.0
2023-11-25 13:00:00,CISO,California Independent System Operator,Demand,19794.0
2023-11-25 14:00:00,CISO,California Independent System Operator,Demand,19862.0
2023-11-25 15:00:00,CISO,California Independent System Operator,Demand,20382.0
2023-11-25 16:00:00,CISO,California Independent System Operator,Demand,21045.0
2023-11-25 17:00:00,CISO,California Independent System Operator,Demand,21086.0
2023-11-25 18:00:00,CISO,California Independent System Operator,Demand,20864.0
2023-11-25 19:00:00,CISO,California Independent System Operator,Demand,20423.0
2023-11-25 20:00:00,CISO,California Independent System Operator,Demand,19954.0
2023-11-25 21:00:00,CISO,California Independent System Operator,Demand,19344.0
2023-11-25 22:00:00,CISO,California Independent System Operator,Demand,19699.0
2023-11-25 23:00:00,CISO,California Independent System Operator,Demand,19982.0
2023-11-26 00:00:00,CISO,California Independent System Operator,Demand,20341.0
2023-11-26 01:00:00,CISO,California Independent System Operator,Demand,20953.0
2023-11-26 02:00:00,CISO,California Independent System Operator,Demand,23441.0
2023-11-26 03:00:00,CISO,California Independent System Operator,Demand,25086.0
2023-11-26 04:00:00,CISO,California Independent System Operator,Demand,25236.0
2023-11-26 05:00:00,CISO,California Independent System Operator,Demand,24940.0
2023-11-26 06:00:00,CISO,California Independent System Operator,Demand,24610.0
2023-11-26 07:00:00,CISO,California Independent System Operator,Demand,24175.0
2023-11-26 08:00:00,CISO,California Independent System Operator,Demand,23265.0
2023-11-26 09:00:00,CISO,California Independent System Operator,Demand,22167.0
2023-11-26 10:00:00,CISO,California Independent System Operator,Demand,21516.0
2023-11-26 11:00:00,CISO,California Independent System Operator,Demand,20891.0
2023-11-26 12:00:00,CISO,California Independent System Operator,Demand,20416.0
2023-11-26 13:00:00,CISO,California Independent System Operator,Demand,20239.0
2023-11-26 14:00:00,CISO,California Independent System Operator,Demand,20197.0
2023-11-26 15:00:00,CISO,California Independent System Operator,Demand,20422.0
2023-11-26 16:00:00,CISO,California Independent System Operator,Demand,20979.0
2023-11-26 17:00:00,CISO,California Independent System Operator,Demand,21279.0
2023-11-26 18:00:00,CISO,California Independent System Operator,Demand,21683.0
2023-11-26 19:00:00,CISO,California Independent System Operator,Demand,21002.0
2023-11-26 20:00:00,CISO,California Independent System Operator,Demand,20729.0
2023-11-26 21:00:00,CISO,California Independent System Operator,Demand,20297.0
2023-11-26 22:00:00,CISO,California Independent System Operator,Demand,20046.0
2023-11-26 23:00:00,CISO,California Independent System Operator,Demand,19964.0
2023-11-27 00:00:00,CISO,California Independent System Operator,Demand,20564.0
2023-11-27 01:00:00,CISO,California Independent System Operator,Demand,21933.0
2023-11-27 02:00:00,CISO,California Independent System Operator,Demand,23997.0
2023-11-27 03:00:00,CISO,California Independent System Operator,Demand,25980.0
2023-11-27 04:00:00,CISO,California Independent System Operator,Demand,26016.0
2023-11-27 05:00:00,CISO,California Independent System Operator,Demand,25794.0
2023-11-27 06:00:00,CISO,California Independent System Operator,Demand,25379.0
2023-11-27 07:00:00,CISO,California Independent System Operator,Demand,24735.0
2023-11-27 08:00:00,CISO,California Independent System Operator,Demand,23507.0
2023-11-27 09:00:00,CISO,California Independent System Operator,Demand,22298.0
2023-11-27 10:00:00,CISO,California Independent System Operator,Demand,21676.0
2023-11-27 11:00:00,CISO,California Independent System Operator,Demand,21409.0
2023-11-27 12:00:00,CISO,California Independent System Operator,Demand,21222.0
2023-11-27 13:00:00,CISO,California Independent System Operator,Demand,21221.0
2023-11-27 14:00:00,CISO,California Independent System Operator,Demand,21472.0
2023-11-27 15:00:00,CISO,California Independent System Operator,Demand,22915.0
2023-11-27 16:00:00,CISO,California Independent System Operator,Demand,25102.0
2023-11-27 17:00:00,CISO,California Independent System Operator,Demand,26034.0
2023-11-27 18:00:00,CISO,California Independent System Operator,Demand,25183.0
2023-11-27 19:00:00,CISO,California Independent System Operator,Demand,24335.0
2023-11-27 20:00:00,CISO,California Independent System Operator,Demand,23689.0
2023-11-27 21:00:00,CISO,California Independent System Operator,Demand,23862.0
2023-11-27 22:00:00,CISO,California Independent System Operator,Demand,24261.0
2023-11-27 23:00:00,CISO,California Independent System Operator,Demand,24483.0
2023-11-28 00:00:00,CISO,California Independent System Operator,Demand,24729.0
2023-11-28 01:00:00,CISO,California Independent System Operator,Demand,24976.0
2023-11-28 02:00:00,CISO,California Independent System Operator,Demand,26660.0
2023-11-28 03:00:00,CISO,California Independent System Operator,Demand,28407.0
2023-11-28 04:00:00,CISO,California Independent System Operator,Demand,28253.0
2023-11-28 05:00:00,CISO,California Independent System Operator,Demand,27830.0
2023-11-28 06:00:00,CISO,California Independent System Operator,Demand,27227.0
2023-11-28 07:00:00,CISO,California Independent System Operator,Demand,26341.0
2023-11-28 08:00:00,CISO,California Independent System Operator,Demand,25126.0
2023-11-28 09:00:00,CISO,California Independent System Operator,Demand,23715.0
2023-11-28 10:00:00,CISO,California Independent System Operator,Demand,23137.0
2023-11-28 11:00:00,CISO,California Independent System Operator,Demand,22383.0
2023-11-28 12:00:00,CISO,California Independent System Operator,Demand,22016.0
2023-11-28 13:00:00,CISO,California Independent System Operator,Demand,21793.0
2023-11-28 14:00:00,CISO,California Independent System Operator,Demand,22137.0
2023-11-28 15:00:00,CISO,California Independent System Operator,Demand,23542.0
2023-11-28 16:00:00,CISO,California Independent System Operator,Demand,25702.0
2023-11-28 17:00:00,CISO,California Independent System Operator,Demand,26557.0
2023-11-28 18:00:00,CISO,California Independent System Operator,Demand,25606.0
2023-11-28 19:00:00,CISO,California Independent System Operator,Demand,24768.0
2023-11-28 20:00:00,CISO,California Independent System Operator,Demand,24288.0
2023-11-28 21:00:00,CISO,California Independent System Operator,Demand,23484.0
2023-11-28 22:00:00,CISO,California Independent System Operator,Demand,23510.0
2023-11-28 23:00:00,CISO,California Independent System Operator,Demand,23820.0
2023-11-29 00:00:00,CISO,California Independent System Operator,Demand,24007.0
2023-11-29 01:00:00,CISO,California Independent System Operator,Demand,24773.0
2023-11-29 02:00:00,CISO,California Independent System Operator,Demand,26576.0
2023-11-29 03:00:00,CISO,California Independent System Operator,Demand,28305.0
2023-11-29 04:00:00,CISO,California Independent System Operator,Demand,28241.0
2023-11-29 05:00:00,CISO,California Independent System Operator,Demand,27760.0
2023-11-29 06:00:00,CISO,California Independent System Operator,Demand,27123.0
2023-11-29 07:00:00,CISO,California Independent System Operator,Demand,26423.0
2023-11-29 08:00:00,CISO,California Independent System Operator,Demand,25115.0
2023-11-29 09:00:00,CISO,California Independent System Operator,Demand,23784.0
2023-11-29 10:00:00,CISO,California Independent System Operator,Demand,22943.0
2023-11-29 11:00:00,CISO,California Independent System Operator,Demand,22339.0
2023-11-29 12:00:00,CISO,California Independent System Operator,Demand,21829.0
2023-11-29 13:00:00,CISO,California Independent System Operator,Demand,21611.0
2023-11-29 14:00:00,CISO,California Independent System Operator,Demand,21867.0
2023-11-29 15:00:00,CISO,California Independent System Operator,Demand,23110.0
2023-11-29 16:00:00,CISO,California Independent System Operator,Demand,25142.0
2023-11-29 17:00:00,CISO,California Independent System Operator,Demand,26405.0
2023-11-29 18:00:00,CISO,California Independent System Operator,Demand,26615.0
2023-11-29 19:00:00,CISO,California Independent System Operator,Demand,26257.0
2023-11-29 20:00:00,CISO,California Independent System Operator,Demand,26045.0
2023-11-29 21:00:00,CISO,California Independent System Operator,Demand,25754.0
2023-11-29 22:00:00,CISO,California Independent System Operator,Demand,25767.0
2023-11-29 23:00:00,CISO,California Independent System Operator,Demand,25608.0
2023-11-30 00:00:00,CISO,California Independent System Operator,Demand,25041.0
2023-11-30 01:00:00,CISO,California Independent System Operator,Demand,25071.0
2023-11-30 02:00:00,CISO,California Independent System Operator,Demand,26798.0
2023-11-30 03:00:00,CISO,California Independent System Operator,Demand,28470.0
2023-11-30 04:00:00,CISO,California Independent System Operator,Demand,28250.0
2023-11-30 05:00:00,CISO,California Independent System Operator,Demand,27716.0
2023-11-30 06:00:00,CISO,California Independent System Operator,Demand,27107.0
2023-11-30 07:00:00,CISO,California Independent System Operator,Demand,26322.0
2023-11-30 08:00:00,CISO,California Independent System Operator,Demand,25044.0
2023-11-30 09:00:00,CISO,California Independent System Operator,Demand,23527.0
2023-11-30 10:00:00,CISO,California Independent System Operator,Demand,23147.0
2023-11-30 11:00:00,CISO,California Independent System Operator,Demand,22645.0
2023-11-30 12:00:00,CISO,California Independent System Operator,Demand,22476.0
2023-11-30 13:00:00,CISO,California Independent System Operator,Demand,21907.0
2023-11-30 14:00:00,CISO,California Independent System Operator,Demand,22031.0
2023-11-30 15:00:00,CISO,California Independent System Operator,Demand,23115.0
2023-11-30 16:00:00,CISO,California Independent System Operator,Demand,25042.0
2023-11-30 17:00:00,CISO,California Independent System Operator,Demand,26331.0
2023-11-30 18:00:00,CISO,California Independent System Operator,Demand,26158.0
2023-11-30 19:00:00,CISO,California Independent System Operator,Demand,25533.0
2023-11-30 20:00:00,CISO,California Independent System Operator,Demand,25613.0
2023-11-30 21:00:00,CISO,California Independent System Operator,Demand,25806.0
2023-11-30 22:00:00,CISO,California Independent System Operator,Demand,26137.0
2023-11-30 23:00:00,CISO,California Independent System Operator,Demand,26079.0
2023-12-01 00:00:00,CISO,California Independent System Operator,Demand,25466.0
2023-12-01 01:00:00,CISO,California Independent System Operator,Demand,25722.0
2023-12-01 02:00:00,CISO,California Independent System Operator,Demand,27021.0
2023-12-01 03:00:00,CISO,California Independent System Operator,Demand,28490.0
2023-12-01 04:00:00,CISO,California Independent System Operator,Demand,28344.0
2023-12-01 05:00:00,CISO,California Independent System Operator,Demand,28011.0
2023-12-01 06:00:00,CISO,California Independent System Operator,Demand,27310.0
2023-12-01 07:00:00,CISO,California Independent System Operator,Demand,26485.0
2023-12-01 08:00:00,CISO,California Independent System Operator,Demand,25303.0
2023-12-01 09:00:00,CISO,California Independent System Operator,Demand,23832.0
2023-12-01 10:00:00,CISO,California Independent System Operator,Demand,22740.0
2023-12-01 11:00:00,CISO,California Independent System Operator,Demand,22529.0
2023-12-01 12:00:00,CISO,California Independent System Operator,Demand,21995.0
2023-12-01 13:00:00,CISO,California Independent System Operator,Demand,22016.0
2023-12-01 14:00:00,CISO,California Independent System Operator,Demand,21752.0
2023-12-01 15:00:00,CISO,California Independent System Operator,Demand,22768.0
2023-12-01 16:00:00,CISO,California Independent System Operator,Demand,24794.0
2023-12-01 17:00:00,CISO,California Independent System Operator,Demand,25685.0
2023-12-01 18:00:00,CISO,California Independent System Operator,Demand,26195.0
2023-12-01 19:00:00,CISO,California Independent System Operator,Demand,25228.0
2023-12-01 20:00:00,CISO,California Independent System Operator,Demand,24983.0
2023-12-01 21:00:00,CISO,California Independent System Operator,Demand,24495.0
2023-12-01 22:00:00,CISO,California Independent System Operator,Demand,24651.0
2023-12-01 23:00:00,CISO,California Independent System Operator,Demand,24642.0
2023-12-02 00:00:00,CISO,California Independent System Operator,Demand,24472.0
2023-12-02 01:00:00,CISO,California Independent System Operator,Demand,24925.0
2023-12-02 02:00:00,CISO,California Independent System Operator,Demand,26147.0
2023-12-02 03:00:00,CISO,California Independent System Operator,Demand,27590.0
2023-12-02 04:00:00,CISO,California Independent System Operator,Demand,27318.0
2023-12-02 05:00:00,CISO,California Independent System Operator,Demand,26804.0
2023-12-02 06:00:00,CISO,California Independent System Operator,Demand,26309.0
2023-12-02 07:00:00,CISO,California Independent System Operator,Demand,25793.0
2023-12-02 08:00:00,CISO,California Independent System Operator,Demand,24736.0
2023-12-02 09:00:00,CISO,California Independent System Operator,Demand,23493.0
2023-12-02 10:00:00,CISO,California Independent System Operator,Demand,22660.0
2023-12-02 11:00:00,CISO,California Independent System Operator,Demand,21976.0
2023-12-02 12:00:00,CISO,California Independent System Operator,Demand,21346.0
2023-12-02 13:00:00,CISO,California Independent System Operator,Demand,20997.0
2023-12-02 14:00:00,CISO,California Independent System Operator,Demand,20971.0
2023-12-02 15:00:00,CISO,California Independent System Operator,Demand,21490.0
2023-12-02 16:00:00,CISO,California Independent System Operator,Demand,22388.0
2023-12-02 17:00:00,CISO,California Independent System Operator,Demand,22608.0
2023-12-02 18:00:00,CISO,California Independent System Operator,Demand,22811.0
2023-12-02 19:00:00,CISO,California Independent System Operator,Demand,23045.0
2023-12-02 20:00:00,CISO,California Independent System Operator,Demand,23045.0
2023-12-02 21:00:00,CISO,California Independent System Operator,Demand,21284.0
2023-12-02 22:00:00,CISO,California Independent System Operator,Demand,20984.0
2023-12-02 23:00:00,CISO,California Independent System Operator,Demand,21120.0
2023-12-03 00:00:00,CISO,California Independent System Operator,Demand,21019.0
2023-12-03 01:00:00,CISO,California Independent System Operator,Demand,22460.0
2023-12-03 02:00:00,CISO,California Independent System Operator,Demand,24207.0
2023-12-03 03:00:00,CISO,California Independent System Operator,Demand,25845.0
2023-12-03 04:00:00,CISO,California Independent System Operator,Demand,25791.0
2023-12-03 05:00:00,CISO,California Independent System Operator,Demand,25208.0
2023-12-03 06:00:00,CISO,California Independent System Operator,Demand,24725.0
2023-12-03 07:00:00,CISO,California Independent System Operator,Demand,24436.0
2023-12-03 08:00:00,CISO,California Independent System Operator,Demand,23856.0
2023-12-03 09:00:00,CISO,California Independent System Operator,Demand,22777.0
2023-12-03 10:00:00,CISO,California Independent System Operator,Demand,21821.0
2023-12-03 11:00:00,CISO,California Independent System Operator,Demand,21160.0
2023-12-03 12:00:00,CISO,California Independent System Operator,Demand,20485.0
2023-12-03 13:00:00,CISO,California Independent System Operator,Demand,20334.0
2023-12-03 14:00:00,CISO,California Independent System Operator,Demand,20330.0
2023-12-03 15:00:00,CISO,California Independent System Operator,Demand,20641.0
2023-12-03 16:00:00,CISO,California Independent System Operator,Demand,21275.0
2023-12-03 17:00:00,CISO,California Independent System Operator,Demand,21462.0
2023-12-03 18:00:00,CISO,California Independent System Operator,Demand,21175.0
2023-12-03 19:00:00,CISO,California Independent System Operator,Demand,20521.0
2023-12-03 20:00:00,CISO,California Independent System Operator,Demand,20521.0
2023-12-03 21:00:00,CISO,California Independent System Operator,Demand,20350.0
2023-12-03 22:00:00,CISO,California Independent System Operator,Demand,20910.0
2023-12-03 23:00:00,CISO,California Independent System Operator,Demand,21671.0
2023-12-04 00:00:00,CISO,California Independent System Operator,Demand,22350.0
2023-12-04 01:00:00,CISO,California Independent System Operator,Demand,22598.0
2023-12-04 02:00:00,CISO,California Independent System Operator,Demand,23992.0
2023-12-04 03:00:00,CISO,California Independent System Operator,Demand,26095.0
2023-12-04 04:00:00,CISO,California Independent System Operator,Demand,26012.0
2023-12-04 05:00:00,CISO,California Independent System Operator,Demand,25682.0
2023-12-04 06:00:00,CISO,California Independent System Operator,Demand,25212.0
2023-12-04 07:00:00,CISO,California Independent System Operator,Demand,24471.0
2023-12-04 08:00:00,CISO,California Independent System Operator,Demand,23814.0
2023-12-04 09:00:00,CISO,California Independent System Operator,Demand,21778.0
2023-12-04 10:00:00,CISO,California Independent System Operator,Demand,21468.0
2023-12-04 11:00:00,CISO,California Independent System Operator,Demand,21261.0
2023-12-04 12:00:00,CISO,California Independent System Operator,Demand,21397.0
2023-12-04 13:00:00,CISO,California Independent System Operator,Demand,21039.0
2023-12-04 14:00:00,CISO,California Independent System Operator,Demand,20702.0
2023-12-04 15:00:00,CISO,California Independent System Operator,Demand,21671.0
2023-12-04 16:00:00,CISO,California Independent System Operator,Demand,23742.0
2023-12-04 17:00:00,CISO,California Independent System Operator,Demand,25160.0
2023-12-04 18:00:00,CISO,California Independent System Operator,Demand,25469.0
2023-12-04 19:00:00,CISO,California Independent System Operator,Demand,24781.0
2023-12-04 20:00:00,CISO,California Independent System Operator,Demand,24185.0
2023-12-04 21:00:00,CISO,California Independent System Operator,Demand,23733.0
2023-12-04 22:00:00,CISO,California Independent System Operator,Demand,23823.0
2023-12-04 23:00:00,CISO,California Independent System Operator,Demand,24223.0
2023-12-05 00:00:00,CISO,California Independent System Operator,Demand,23939.0
2023-12-05 01:00:00,CISO,California Independent System Operator,Demand,24117.0
2023-12-05 02:00:00,CISO,California Independent System Operator,Demand,25750.0
2023-12-05 03:00:00,CISO,California Independent System Operator,Demand,27635.0
2023-12-05 04:00:00,CISO,California Independent System Operator,Demand,27425.0
2023-12-05 05:00:00,CISO,California Independent System Operator,Demand,26927.0
2023-12-05 06:00:00,CISO,California Independent System Operator,Demand,26238.0
2023-12-05 07:00:00,CISO,California Independent System Operator,Demand,25355.0
2023-12-05 08:00:00,CISO,California Independent System Operator,Demand,23822.0
2023-12-05 09:00:00,CISO,California Independent System Operator,Demand,22287.0
2023-12-05 10:00:00,CISO,California Independent System Operator,Demand,22147.0
2023-12-05 11:00:00,CISO,California Independent System Operator,Demand,22299.0
2023-12-05 12:00:00,CISO,California Independent System Operator,Demand,21984.0
2023-12-05 13:00:00,CISO,California Independent System Operator,Demand,21626.0
2023-12-05 14:00:00,CISO,California Independent System Operator,Demand,21650.0
2023-12-05 15:00:00,CISO,California Independent System Operator,Demand,22395.0
2023-12-05 16:00:00,CISO,California Independent System Operator,Demand,24508.0
2023-12-05 17:00:00,CISO,California Independent System Operator,Demand,25608.0
2023-12-05 18:00:00,CISO,California Independent System Operator,Demand,25273.0
2023-12-05 19:00:00,CISO,California Independent System Operator,Demand,24144.0
2023-12-05 20:00:00,CISO,California Independent System Operator,Demand,23771.0
2023-12-05 21:00:00,CISO,California Independent System Operator,Demand,23016.0
2023-12-05 22:00:00,CISO,California Independent System Operator,Demand,23057.0
2023-12-05 23:00:00,CISO,California Independent System Operator,Demand,23677.0
2023-12-06 00:00:00,CISO,California Independent System Operator,Demand,24354.0
2023-12-06 01:00:00,CISO,California Independent System Operator,Demand,24184.0
2023-12-06 02:00:00,CISO,California Independent System Operator,Demand,26156.0
2023-12-06 03:00:00,CISO,California Independent System Operator,Demand,27679.0
2023-12-06 04:00:00,CISO,California Independent System Operator,Demand,27451.0
2023-12-06 05:00:00,CISO,California Independent System Operator,Demand,26814.0
2023-12-06 06:00:00,CISO,California Independent System Operator,Demand,26179.0
2023-12-06 07:00:00,CISO,California Independent System Operator,Demand,25404.0
2023-12-06 08:00:00,CISO,California Independent System Operator,Demand,23879.0
2023-12-06 09:00:00,CISO,California Independent System Operator,Demand,22630.0
2023-12-06 10:00:00,CISO,California Independent System Operator,Demand,22134.0
2023-12-06 11:00:00,CISO,California Independent System Operator,Demand,21806.0
2023-12-06 12:00:00,CISO,California Independent System Operator,Demand,21422.0
2023-12-06 13:00:00,CISO,California Independent System Operator,Demand,21309.0
2023-12-06 14:00:00,CISO,California Independent System Operator,Demand,21360.0
2023-12-06 15:00:00,CISO,California Independent System Operator,Demand,22292.0
2023-12-06 16:00:00,CISO,California Independent System Operator,Demand,24271.0
2023-12-06 17:00:00,CISO,California Independent System Operator,Demand,25392.0
2023-12-06 18:00:00,CISO,California Independent System Operator,Demand,25417.0
2023-12-06 19:00:00,CISO,California Independent System Operator,Demand,25631.0
2023-12-06 20:00:00,CISO,California Independent System Operator,Demand,25131.0
2023-12-06 21:00:00,CISO,California Independent System Operator,Demand,25038.0
2023-12-06 22:00:00,CISO,California Independent System Operator,Demand,25281.0
2023-12-06 23:00:00,CISO,California Independent System Operator,Demand,25842.0
2023-12-07 00:00:00,CISO,California Independent System Operator,Demand,25325.0
2023-12-07 01:00:00,CISO,California Independent System Operator,Demand,25248.0
2023-12-07 02:00:00,CISO,California Independent System Operator,Demand,26610.0
2023-12-07 03:00:00,CISO,California Independent System Operator,Demand,27650.0
2023-12-07 04:00:00,CISO,California Independent System Operator,Demand,27830.0
2023-12-07 05:00:00,CISO,California Independent System Operator,Demand,27471.0
2023-12-07 06:00:00,CISO,California Independent System Operator,Demand,26422.0
2023-12-07 07:00:00,CISO,California Independent System Operator,Demand,25532.0
2023-12-07 08:00:00,CISO,California Independent System Operator,Demand,23971.0
2023-12-07 09:00:00,CISO,California Independent System Operator,Demand,22777.0
2023-12-07 10:00:00,CISO,California Independent System Operator,Demand,22283.0
2023-12-07 11:00:00,CISO,California Independent System Operator,Demand,21714.0
2023-12-07 12:00:00,CISO,California Independent System Operator,Demand,21180.0
2023-12-07 13:00:00,CISO,California Independent System Operator,Demand,21385.0
2023-12-07 14:00:00,CISO,California Independent System Operator,Demand,21278.0
2023-12-07 15:00:00,CISO,California Independent System Operator,Demand,22210.0
2023-12-07 16:00:00,CISO,California Independent System Operator,Demand,24249.0
2023-12-07 17:00:00,CISO,California Independent System Operator,Demand,25303.0
2023-12-07 18:00:00,CISO,California Independent System Operator,Demand,25945.0
2023-12-07 19:00:00,CISO,California Independent System Operator,Demand,25103.0
2023-12-07 20:00:00,CISO,California Independent System Operator,Demand,24566.0
2023-12-07 21:00:00,CISO,California Independent System Operator,Demand,23656.0
2023-12-07 22:00:00,CISO,California Independent System Operator,Demand,23579.0
2023-12-07 23:00:00,CISO,California Independent System Operator,Demand,23797.0
2023-12-08 00:00:00,CISO,California Independent System Operator,Demand,24197.0
2023-12-08 01:00:00,CISO,California Independent System Operator,Demand,24544.0
2023-12-08 02:00:00,CISO,California Independent System Operator,Demand,26012.0
2023-12-08 03:00:00,CISO,California Independent System Operator,Demand,27771.0
2023-12-08 04:00:00,CISO,California Independent System Operator,Demand,27628.0
2023-12-08 05:00:00,CISO,California Independent System Operator,Demand,27213.0
2023-12-08 06:00:00,CISO,California Independent System Operator,Demand,26604.0
2023-12-08 07:00:00,CISO,California Independent System Operator,Demand,25840.0
2023-12-08 08:00:00,CISO,California Independent System Operator,Demand,24407.0
2023-12-08 09:00:00,CISO,California Independent System Operator,Demand,22876.0
2023-12-08 10:00:00,CISO,California Independent System Operator,Demand,22353.0
2023-12-08 11:00:00,CISO,California Independent System Operator,Demand,22099.0
2023-12-08 12:00:00,CISO,California Independent System Operator,Demand,21796.0
2023-12-08 13:00:00,CISO,California Independent System Operator,Demand,21706.0
2023-12-08 14:00:00,CISO,California Independent System Operator,Demand,21864.0
2023-12-08 15:00:00,CISO,California Independent System Operator,Demand,22641.0
2023-12-08 16:00:00,CISO,California Independent System Operator,Demand,24654.0
2023-12-08 17:00:00,CISO,California Independent System Operator,Demand,25895.0
2023-12-08 18:00:00,CISO,California Independent System Operator,Demand,26539.0
2023-12-08 19:00:00,CISO,California Independent System Operator,Demand,25851.0
2023-12-08 20:00:00,CISO,California Independent System Operator,Demand,24826.0
2023-12-08 21:00:00,CISO,California Independent System Operator,Demand,23567.0
2023-12-08 22:00:00,CISO,California Independent System Operator,Demand,23202.0
2023-12-08 23:00:00,CISO,California Independent System Operator,Demand,22941.0
2023-12-09 00:00:00,CISO,California Independent System Operator,Demand,23110.0
2023-12-09 01:00:00,CISO,California Independent System Operator,Demand,24001.0
2023-12-09 02:00:00,CISO,California Independent System Operator,Demand,25493.0
2023-12-09 03:00:00,CISO,California Independent System Operator,Demand,27348.0
2023-12-09 04:00:00,CISO,California Independent System Operator,Demand,27240.0
2023-12-09 05:00:00,CISO,California Independent System Operator,Demand,26805.0
2023-12-09 06:00:00,CISO,California Independent System Operator,Demand,26452.0
2023-12-09 07:00:00,CISO,California Independent System Operator,Demand,25773.0
2023-12-09 08:00:00,CISO,California Independent System Operator,Demand,24647.0
2023-12-09 09:00:00,CISO,California Independent System Operator,Demand,23252.0
2023-12-09 10:00:00,CISO,California Independent System Operator,Demand,22566.0
2023-12-09 11:00:00,CISO,California Independent System Operator,Demand,21540.0
2023-12-09 12:00:00,CISO,California Independent System Operator,Demand,20878.0
2023-12-09 13:00:00,CISO,California Independent System Operator,Demand,20792.0
2023-12-09 14:00:00,CISO,California Independent System Operator,Demand,20621.0
2023-12-09 15:00:00,CISO,California Independent System Operator,Demand,21467.0
2023-12-09 16:00:00,CISO,California Independent System Operator,Demand,22400.0
2023-12-09 17:00:00,CISO,California Independent System Operator,Demand,22836.0
2023-12-09 18:00:00,CISO,California Independent System Operator,Demand,23211.0
2023-12-09 19:00:00,CISO,California Independent System Operator,Demand,22324.0
2023-12-09 20:00:00,CISO,California Independent System Operator,Demand,21189.0
2023-12-09 21:00:00,CISO,California Independent System Operator,Demand,20749.0
2023-12-09 22:00:00,CISO,California Independent System Operator,Demand,20386.0
2023-12-09 23:00:00,CISO,California Independent System Operator,Demand,20560.0
2023-12-10 00:00:00,CISO,California Independent System Operator,Demand,20923.0
2023-12-10 01:00:00,CISO,California Independent System Operator,Demand,21628.0
2023-12-10 02:00:00,CISO,California Independent System Operator,Demand,23763.0
2023-12-10 03:00:00,CISO,California Independent System Operator,Demand,25740.0
2023-12-10 04:00:00,CISO,California Independent System Operator,Demand,25733.0
2023-12-10 05:00:00,CISO,California Independent System Operator,Demand,25464.0
2023-12-10 06:00:00,CISO,California Independent System Operator,Demand,25213.0
2023-12-10 07:00:00,CISO,California Independent System Operator,Demand,25025.0
2023-12-10 08:00:00,CISO,California Independent System Operator,Demand,23996.0
2023-12-10 09:00:00,CISO,California Independent System Operator,Demand,22815.0
2023-12-10 10:00:00,CISO,California Independent System Operator,Demand,22760.0
2023-12-10 11:00:00,CISO,California Independent System Operator,Demand,22121.0
2023-12-10 12:00:00,CISO,California Independent System Operator,Demand,21673.0
2023-12-10 13:00:00,CISO,California Independent System Operator,Demand,21268.0
2023-12-10 14:00:00,CISO,California Independent System Operator,Demand,21426.0
2023-12-10 15:00:00,CISO,California Independent System Operator,Demand,21748.0
2023-12-10 16:00:00,CISO,California Independent System Operator,Demand,22541.0
2023-12-10 17:00:00,CISO,California Independent System Operator,Demand,22844.0
2023-12-10 18:00:00,CISO,California Independent System Operator,Demand,23325.0
2023-12-10 19:00:00,CISO,California Independent System Operator,Demand,22264.0
2023-12-10 20:00:00,CISO,California Independent System Operator,Demand,21807.0
2023-12-10 21:00:00,CISO,California Independent System Operator,Demand,21519.0
2023-12-10 22:00:00,CISO,California Independent System Operator,Demand,21858.0
2023-12-10 23:00:00,CISO,California Independent System Operator,Demand,21817.0
2023-12-11 00:00:00,CISO,California Independent System Operator,Demand,22151.0
2023-12-11 01:00:00,CISO,California Independent System Operator,Demand,22326.0
2023-12-11 02:00:00,CISO,California Independent System Operator,Demand,24389.0
2023-12-11 03:00:00,CISO,California Independent System Operator,Demand,26690.0
2023-12-11 04:00:00,CISO,California Independent System Operator,Demand,26872.0
2023-12-11 05:00:00,CISO,California Independent System Operator,Demand,26577.0
2023-12-11 06:00:00,CISO,California Independent System Operator,Demand,26189.0
2023-12-11 07:00:00,CISO,California Independent System Operator,Demand,25543.0
2023-12-11 08:00:00,CISO,California Independent System Operator,Demand,24160.0
2023-12-11 09:00:00,CISO,California Independent System Operator,Demand,22889.0
2023-12-11 10:00:00,CISO,California Independent System Operator,Demand,22093.0
2023-12-11 11:00:00,CISO,California Independent System Operator,Demand,22119.0
2023-12-11 12:00:00,CISO,California Independent System Operator,Demand,21846.0
2023-12-11 13:00:00,CISO,California Independent System Operator,Demand,21422.0
2023-12-11 14:00:00,CISO,California Independent System Operator,Demand,21540.0
2023-12-11 15:00:00,CISO,California Independent System Operator,Demand,22963.0
2023-12-11 16:00:00,CISO,California Independent System Operator,Demand,25368.0
2023-12-11 17:00:00,CISO,California Independent System Operator,Demand,26784.0
2023-12-11 18:00:00,CISO,California Independent System Operator,Demand,26628.0
2023-12-11 19:00:00,CISO,California Independent System Operator,Demand,26285.0
2023-12-11 20:00:00,CISO,California Independent System Operator,Demand,25810.0
2023-12-11 21:00:00,CISO,California Independent System Operator,Demand,25443.0
2023-12-11 22:00:00,CISO,California Independent System Operator,Demand,25074.0
2023-12-11 23:00:00,CISO,California Independent System Operator,Demand,24697.0
2023-12-12 00:00:00,CISO,California Independent System Operator,Demand,24284.0
2023-12-12 01:00:00,CISO,California Independent System Operator,Demand,24459.0
2023-12-12 02:00:00,CISO,California Independent System Operator,Demand,26789.0
2023-12-12 03:00:00,CISO,California Independent System Operator,Demand,28706.0
2023-12-12 04:00:00,CISO,California Independent System Operator,Demand,28600.0
2023-12-12 05:00:00,CISO,California Independent System Operator,Demand,28154.0
2023-12-12 06:00:00,CISO,California Independent System Operator,Demand,27538.0
2023-12-12 07:00:00,CISO,California Independent System Operator,Demand,26798.0
2023-12-12 08:00:00,CISO,California Independent System Operator,Demand,25210.0
2023-12-12 09:00:00,CISO,California Independent System Operator,Demand,23658.0
2023-12-12 10:00:00,CISO,California Independent System Operator,Demand,23008.0
2023-12-12 11:00:00,CISO,California Independent System Operator,Demand,22675.0
2023-12-12 12:00:00,CISO,California Independent System Operator,Demand,22363.0
2023-12-12 13:00:00,CISO,California Independent System Operator,Demand,21723.0
2023-12-12 14:00:00,CISO,California Independent System Operator,Demand,22190.0
2023-12-12 15:00:00,CISO,California Independent System Operator,Demand,23509.0
2023-12-12 16:00:00,CISO,California Independent System Operator,Demand,24648.0
2023-12-12 17:00:00,CISO,California Independent System Operator,Demand,27179.0
2023-12-12 18:00:00,CISO,California Independent System Operator,Demand,26899.0
2023-12-12 19:00:00,CISO,California Independent System Operator,Demand,26059.0
2023-12-12 20:00:00,CISO,California Independent System Operator,Demand,25124.0
2023-12-12 21:00:00,CISO,California Independent System Operator,Demand,24471.0
2023-12-12 22:00:00,CISO,California Independent System Operator,Demand,24448.0
2023-12-12 23:00:00,CISO,California Independent System Operator,Demand,24552.0
2023-12-13 00:00:00,CISO,California Independent System Operator,Demand,24757.0
2023-12-13 01:00:00,CISO,California Independent System Operator,Demand,24844.0
2023-12-13 02:00:00,CISO,California Independent System Operator,Demand,26728.0
2023-12-13 03:00:00,CISO,California Independent System Operator,Demand,28661.0
2023-12-13 04:00:00,CISO,California Independent System Operator,Demand,28644.0
2023-12-13 05:00:00,CISO,California Independent System Operator,Demand,28353.0
2023-12-13 06:00:00,CISO,California Independent System Operator,Demand,28012.0
2023-12-13 07:00:00,CISO,California Independent System Operator,Demand,26987.0
2023-12-13 08:00:00,CISO,California Independent System Operator,Demand,26147.0
2023-12-13 09:00:00,CISO,California Independent System Operator,Demand,24516.0
2023-12-13 10:00:00,CISO,California Independent System Operator,Demand,23201.0
2023-12-13 11:00:00,CISO,California Independent System Operator,Demand,22638.0
2023-12-13 12:00:00,CISO,California Independent System Operator,Demand,22495.0
2023-12-13 13:00:00,CISO,California Independent System Operator,Demand,22181.0
2023-12-13 14:00:00,CISO,California Independent System Operator,Demand,22364.0
2023-12-13 15:00:00,CISO,California Independent System Operator,Demand,23704.0
2023-12-13 16:00:00,CISO,California Independent System Operator,Demand,24667.0
2023-12-13 17:00:00,CISO,California Independent System Operator,Demand,26987.0
2023-12-13 18:00:00,CISO,California Independent System Operator,Demand,26667.0
2023-12-13 19:00:00,CISO,California Independent System Operator,Demand,25132.0
2023-12-13 20:00:00,CISO,California Independent System Operator,Demand,24861.0
2023-12-13 21:00:00,CISO,California Independent System Operator,Demand,24063.0
2023-12-13 22:00:00,CISO,California Independent System Operator,Demand,24224.0
2023-12-13 23:00:00,CISO,California Independent System Operator,Demand,24718.0
2023-12-14 00:00:00,CISO,California Independent System Operator,Demand,24853.0
2023-12-14 01:00:00,CISO,California Independent System Operator,Demand,25385.0
2023-12-14 02:00:00,CISO,California Independent System Operator,Demand,26882.0
2023-12-14 03:00:00,CISO,California Independent System Operator,Demand,28922.0
2023-12-14 04:00:00,CISO,California Independent System Operator,Demand,28798.0
2023-12-14 05:00:00,CISO,California Independent System Operator,Demand,28497.0
2023-12-14 06:00:00,CISO,California Independent System Operator,Demand,27808.0
2023-12-14 07:00:00,CISO,California Independent System Operator,Demand,27085.0
2023-12-14 08:00:00,CISO,California Independent System Operator,Demand,26272.0
2023-12-14 09:00:00,CISO,California Independent System Operator,Demand,23993.0
2023-12-14 10:00:00,CISO,California Independent System Operator,Demand,23323.0
2023-12-14 11:00:00,CISO,California Independent System Operator,Demand,22755.0
2023-12-14 12:00:00,CISO,California Independent System Operator,Demand,22196.0
2023-12-14 13:00:00,CISO,California Independent System Operator,Demand,21971.0
2023-12-14 14:00:00,CISO,California Independent System Operator,Demand,22074.0
2023-12-14 15:00:00,CISO,California Independent System Operator,Demand,23739.0
2023-12-14 16:00:00,CISO,California Independent System Operator,Demand,26041.0
2023-12-14 17:00:00,CISO,California Independent System Operator,Demand,27256.0
2023-12-14 18:00:00,CISO,California Independent System Operator,Demand,26980.0
2023-12-14 19:00:00,CISO,California Independent System Operator,Demand,26276.0
2023-12-14 20:00:00,CISO,California Independent System Operator,Demand,26032.0
2023-12-14 21:00:00,CISO,California Independent System Operator,Demand,25519.0
2023-12-14 22:00:00,CISO,California Independent System Operator,Demand,25276.0
2023-12-14 23:00:00,CISO,California Independent System Operator,Demand,25172.0
2023-12-15 00:00:00,CISO,California Independent System Operator,Demand,24451.0
2023-12-15 01:00:00,CISO,California Independent System Operator,Demand,25061.0
2023-12-15 02:00:00,CISO,California Independent System Operator,Demand,26848.0
2023-12-15 03:00:00,CISO,California Independent System Operator,Demand,28747.0
2023-12-15 04:00:00,CISO,California Independent System Operator,Demand,28582.0
2023-12-15 05:00:00,CISO,California Independent System Operator,Demand,28274.0
2023-12-15 06:00:00,CISO,California Independent System Operator,Demand,27687.0
2023-12-15 07:00:00,CISO,California Independent System Operator,Demand,26948.0
2023-12-15 08:00:00,CISO,California Independent System Operator,Demand,25595.0
2023-12-15 09:00:00,CISO,California Independent System Operator,Demand,24110.0
2023-12-15 10:00:00,CISO,California Independent System Operator,Demand,23442.0
2023-12-15 11:00:00,CISO,California Independent System Operator,Demand,22718.0
2023-12-15 12:00:00,CISO,California Independent System Operator,Demand,22499.0
2023-12-15 13:00:00,CISO,California Independent System Operator,Demand,22286.0
2023-12-15 14:00:00,CISO,California Independent System Operator,Demand,22300.0
2023-12-15 15:00:00,CISO,California Independent System Operator,Demand,23435.0
2023-12-15 16:00:00,CISO,California Independent System Operator,Demand,25560.0
2023-12-15 17:00:00,CISO,California Independent System Operator,Demand,26798.0
2023-12-15 18:00:00,CISO,California Independent System Operator,Demand,26849.0
2023-12-15 19:00:00,CISO,California Independent System Operator,Demand,26832.0
2023-12-15 20:00:00,CISO,California Independent System Operator,Demand,26293.0
2023-12-15 21:00:00,CISO,California Independent System Operator,Demand,24943.0
2023-12-15 22:00:00,CISO,California Independent System Operator,Demand,24590.0
2023-12-15 23:00:00,CISO,California Independent System Operator,Demand,24025.0
2023-12-16 00:00:00,CISO,California Independent System Operator,Demand,23714.0
2023-12-16 01:00:00,CISO,California Independent System Operator,Demand,24718.0
2023-12-16 02:00:00,CISO,California Independent System Operator,Demand,26484.0
2023-12-16 03:00:00,CISO,California Independent System Operator,Demand,28110.0
2023-12-16 04:00:00,CISO,California Independent System Operator,Demand,27761.0
2023-12-16 05:00:00,CISO,California Independent System Operator,Demand,27232.0
2023-12-16 06:00:00,CISO,California Independent System Operator,Demand,26732.0
2023-12-16 07:00:00,CISO,California Independent System Operator,Demand,26171.0
2023-12-16 08:00:00,CISO,California Independent System Operator,Demand,25138.0
2023-12-16 09:00:00,CISO,California Independent System Operator,Demand,23800.0
2023-12-16 10:00:00,CISO,California Independent System Operator,Demand,22894.0
2023-12-16 11:00:00,CISO,California Independent System Operator,Demand,22145.0
2023-12-16 12:00:00,CISO,California Independent System Operator,Demand,21676.0
2023-12-16 13:00:00,CISO,California Independent System Operator,Demand,21562.0
2023-12-16 14:00:00,CISO,California Independent System Operator,Demand,21520.0
2023-12-16 15:00:00,CISO,California Independent System Operator,Demand,22130.0
2023-12-16 16:00:00,CISO,California Independent System Operator,Demand,23147.0
2023-12-16 17:00:00,CISO,California Independent System Operator,Demand,23955.0
2023-12-16 18:00:00,CISO,California Independent System Operator,Demand,23606.0
2023-12-16 19:00:00,CISO,California Independent System Operator,Demand,22745.0
2023-12-16 20:00:00,CISO,California Independent System Operator,Demand,22936.0
2023-12-16 21:00:00,CISO,California Independent System Operator,Demand,22318.0
2023-12-16 22:00:00,CISO,California Independent System Operator,Demand,21855.0
2023-12-16 23:00:00,CISO,California Independent System Operator,Demand,21946.0
2023-12-17 00:00:00,CISO,California Independent System Operator,Demand,22432.0
2023-12-17 01:00:00,CISO,California Independent System Operator,Demand,23167.0
2023-12-17 02:00:00,CISO,California Independent System Operator,Demand,25046.0
2023-12-17 03:00:00,CISO,California Independent System Operator,Demand,26217.0
2023-12-17 04:00:00,CISO,California Independent System Operator,Demand,26405.0
2023-12-17 05:00:00,CISO,California Independent System Operator,Demand,26014.0
2023-12-17 06:00:00,CISO,California Independent System Operator,Demand,25662.0
2023-12-17 07:00:00,CISO,California Independent System Operator,Demand,25236.0
2023-12-17 08:00:00,CISO,California Independent System Operator,Demand,24275.0
2023-12-17 09:00:00,CISO,California Independent System Operator,Demand,23119.0
2023-12-17 10:00:00,CISO,California Independent System Operator,Demand,22441.0
2023-12-17 11:00:00,CISO,California Independent System Operator,Demand,21979.0
2023-12-17 12:00:00,CISO,California Independent System Operator,Demand,21201.0
2023-12-17 13:00:00,CISO,California Independent System Operator,Demand,20916.0
2023-12-17 14:00:00,CISO,California Independent System Operator,Demand,20906.0
2023-12-17 15:00:00,CISO,California Independent System Operator,Demand,21113.0
2023-12-17 16:00:00,CISO,California Independent System Operator,Demand,21632.0
2023-12-17 17:00:00,CISO,California Independent System Operator,Demand,22023.0
2023-12-17 18:00:00,CISO,California Independent System Operator,Demand,23290.0
2023-12-17 19:00:00,CISO,California Independent System Operator,Demand,23462.0
2023-12-17 20:00:00,CISO,California Independent System Operator,Demand,23986.0
2023-12-17 21:00:00,CISO,California Independent System Operator,Demand,24010.0
2023-12-17 22:00:00,CISO,California Independent System Operator,Demand,24001.0
2023-12-17 23:00:00,CISO,California Independent System Operator,Demand,23904.0
2023-12-18 00:00:00,CISO,California Independent System Operator,Demand,23925.0
2023-12-18 01:00:00,CISO,California Independent System Operator,Demand,24430.0
2023-12-18 02:00:00,CISO,California Independent System Operator,Demand,25286.0
2023-12-18 03:00:00,CISO,California Independent System Operator,Demand,26830.0
2023-12-18 04:00:00,CISO,California Independent System Operator,Demand,26688.0
2023-12-18 05:00:00,CISO,California Independent System Operator,Demand,26350.0
2023-12-18 06:00:00,CISO,California Independent System Operator,Demand,25826.0
2023-12-18 07:00:00,CISO,California Independent System Operator,Demand,25154.0
2023-12-18 08:00:00,CISO,California Independent System Operator,Demand,24469.0
2023-12-18 09:00:00,CISO,California Independent System Operator,Demand,22413.0
2023-12-18 10:00:00,CISO,California Independent System Operator,Demand,22287.0
2023-12-18 11:00:00,CISO,California Independent System Operator,Demand,21753.0
2023-12-18 12:00:00,CISO,California Independent System Operator,Demand,21474.0
2023-12-18 13:00:00,CISO,California Independent System Operator,Demand,21529.0
2023-12-18 14:00:00,CISO,California Independent System Operator,Demand,21614.0
2023-12-18 15:00:00,CISO,California Independent System Operator,Demand,22640.0
2023-12-18 16:00:00,CISO,California Independent System Operator,Demand,24492.0
2023-12-18 17:00:00,CISO,California Independent System Operator,Demand,26155.0
2023-12-18 18:00:00,CISO,California Independent System Operator,Demand,26777.0
2023-12-18 19:00:00,CISO,California Independent System Operator,Demand,27004.0
2023-12-18 20:00:00,CISO,California Independent System Operator,Demand,27343.0
2023-12-18 21:00:00,CISO,California Independent System Operator,Demand,27387.0
2023-12-18 22:00:00,CISO,California Independent System Operator,Demand,27094.0
2023-12-18 23:00:00,CISO,California Independent System Operator,Demand,26437.0
2023-12-19 00:00:00,CISO,California Independent System Operator,Demand,26231.0
2023-12-19 01:00:00,CISO,California Independent System Operator,Demand,26626.0
2023-12-19 02:00:00,CISO,California Independent System Operator,Demand,27597.0
2023-12-19 03:00:00,CISO,California Independent System Operator,Demand,28607.0
2023-12-19 04:00:00,CISO,California Independent System Operator,Demand,28479.0
2023-12-19 05:00:00,CISO,California Independent System Operator,Demand,27723.0
2023-12-19 06:00:00,CISO,California Independent System Operator,Demand,27089.0
2023-12-19 07:00:00,CISO,California Independent System Operator,Demand,26251.0
2023-12-19 08:00:00,CISO,California Independent System Operator,Demand,24768.0
2023-12-19 09:00:00,CISO,California Independent System Operator,Demand,23483.0
2023-12-19 10:00:00,CISO,California Independent System Operator,Demand,22911.0
2023-12-19 11:00:00,CISO,California Independent System Operator,Demand,22531.0
2023-12-19 12:00:00,CISO,California Independent System Operator,Demand,22024.0
2023-12-19 13:00:00,CISO,California Independent System Operator,Demand,21832.0
2023-12-19 14:00:00,CISO,California Independent System Operator,Demand,21708.0
2023-12-19 15:00:00,CISO,California Independent System Operator,Demand,22840.0
2023-12-19 16:00:00,CISO,California Independent System Operator,Demand,24130.0
2023-12-19 17:00:00,CISO,California Independent System Operator,Demand,25242.0
2023-12-19 18:00:00,CISO,California Independent System Operator,Demand,25974.0
2023-12-19 19:00:00,CISO,California Independent System Operator,Demand,26572.0
2023-12-19 20:00:00,CISO,California Independent System Operator,Demand,26826.0
2023-12-19 21:00:00,CISO,California Independent System Operator,Demand,26173.0
2023-12-19 22:00:00,CISO,California Independent System Operator,Demand,25503.0
2023-12-19 23:00:00,CISO,California Independent System Operator,Demand,26086.0
2023-12-20 00:00:00,CISO,California Independent System Operator,Demand,26190.0
2023-12-20 01:00:00,CISO,California Independent System Operator,Demand,26063.0
2023-12-20 02:00:00,CISO,California Independent System Operator,Demand,26979.0
2023-12-20 03:00:00,CISO,California Independent System Operator,Demand,28357.0
2023-12-20 04:00:00,CISO,California Independent System Operator,Demand,27966.0
2023-12-20 05:00:00,CISO,California Independent System Operator,Demand,27409.0
2023-12-20 06:00:00,CISO,California Independent System Operator,Demand,26706.0
2023-12-20 07:00:00,CISO,California Independent System Operator,Demand,25922.0
2023-12-20 08:00:00,CISO,California Independent System Operator,Demand,24474.0
2023-12-20 09:00:00,CISO,California Independent System Operator,Demand,23082.0
2023-12-20 10:00:00,CISO,California Independent System Operator,Demand,22167.0
2023-12-20 11:00:00,CISO,California Independent System Operator,Demand,21828.0
2023-12-20 12:00:00,CISO,California Independent System Operator,Demand,21258.0
2023-12-20 13:00:00,CISO,California Independent System Operator,Demand,21249.0
2023-12-20 14:00:00,CISO,California Independent System Operator,Demand,21151.0
2023-12-20 15:00:00,CISO,California Independent System Operator,Demand,22168.0
2023-12-20 16:00:00,CISO,California Independent System Operator,Demand,24117.0
2023-12-20 17:00:00,CISO,California Independent System Operator,Demand,25464.0
2023-12-20 18:00:00,CISO,California Independent System Operator,Demand,26443.0
2023-12-20 19:00:00,CISO,California Independent System Operator,Demand,27140.0
2023-12-20 20:00:00,CISO,California Independent System Operator,Demand,27108.0
2023-12-20 21:00:00,CISO,California Independent System Operator,Demand,26827.0
2023-12-20 22:00:00,CISO,California Independent System Operator,Demand,26651.0
2023-12-20 23:00:00,CISO,California Independent System Operator,Demand,27227.0
2023-12-21 00:00:00,CISO,California Independent System Operator,Demand,27242.0
2023-12-21 01:00:00,CISO,California Independent System Operator,Demand,26947.0
2023-12-21 02:00:00,CISO,California Independent System Operator,Demand,27740.0
2023-12-21 03:00:00,CISO,California Independent System Operator,Demand,28882.0
2023-12-21 04:00:00,CISO,California Independent System Operator,Demand,28466.0
2023-12-21 05:00:00,CISO,California Independent System Operator,Demand,27955.0
2023-12-21 06:00:00,CISO,California Independent System Operator,Demand,27380.0
2023-12-21 07:00:00,CISO,California Independent System Operator,Demand,26453.0
2023-12-21 08:00:00,CISO,California Independent System Operator,Demand,25003.0
2023-12-21 09:00:00,CISO,California Independent System Operator,Demand,23873.0
2023-12-21 10:00:00,CISO,California Independent System Operator,Demand,23077.0
2023-12-21 11:00:00,CISO,California Independent System Operator,Demand,22400.0
2023-12-21 12:00:00,CISO,California Independent System Operator,Demand,21791.0
2023-12-21 13:00:00,CISO,California Independent System Operator,Demand,21565.0
2023-12-21 14:00:00,CISO,California Independent System Operator,Demand,21267.0
2023-12-21 15:00:00,CISO,California Independent System Operator,Demand,22372.0
2023-12-21 16:00:00,CISO,California Independent System Operator,Demand,23698.0
2023-12-21 17:00:00,CISO,California Independent System Operator,Demand,24845.0
2023-12-21 18:00:00,CISO,California Independent System Operator,Demand,25663.0
2023-12-21 19:00:00,CISO,California Independent System Operator,Demand,26100.0
2023-12-21 20:00:00,CISO,California Independent System Operator,Demand,26240.0
2023-12-21 21:00:00,CISO,California Independent System Operator,Demand,25661.0
2023-12-21 22:00:00,CISO,California Independent System Operator,Demand,25346.0
2023-12-21 23:00:00,CISO,California Independent System Operator,Demand,25125.0
2023-12-22 00:00:00,CISO,California Independent System Operator,Demand,25164.0
2023-12-22 01:00:00,CISO,California Independent System Operator,Demand,25469.0
2023-12-22 02:00:00,CISO,California Independent System Operator,Demand,26713.0
2023-12-22 03:00:00,CISO,California Independent System Operator,Demand,27909.0
2023-12-22 04:00:00,CISO,California Independent System Operator,Demand,27550.0
2023-12-22 05:00:00,CISO,California Independent System Operator,Demand,27080.0
2023-12-22 06:00:00,CISO,California Independent System Operator,Demand,26589.0
2023-12-22 07:00:00,CISO,California Independent System Operator,Demand,25960.0
2023-12-22 08:00:00,CISO,California Independent System Operator,Demand,24562.0
2023-12-22 09:00:00,CISO,California Independent System Operator,Demand,23737.0
2023-12-22 10:00:00,CISO,California Independent System Operator,Demand,22290.0
2023-12-22 11:00:00,CISO,California Independent System Operator,Demand,21504.0
2023-12-22 12:00:00,CISO,California Independent System Operator,Demand,21162.0
2023-12-22 13:00:00,CISO,California Independent System Operator,Demand,21056.0
2023-12-22 14:00:00,CISO,California Independent System Operator,Demand,21382.0
2023-12-22 15:00:00,CISO,California Independent System Operator,Demand,22338.0
2023-12-22 16:00:00,CISO,California Independent System Operator,Demand,23674.0
2023-12-22 17:00:00,CISO,California Independent System Operator,Demand,24577.0
2023-12-22 18:00:00,CISO,California Independent System Operator,Demand,24812.0
2023-12-22 19:00:00,CISO,California Independent System Operator,Demand,24893.0
2023-12-22 20:00:00,CISO,California Independent System Operator,Demand,24519.0
2023-12-22 21:00:00,CISO,California Independent System Operator,Demand,24342.0
2023-12-22 22:00:00,CISO,California Independent System Operator,Demand,23565.0
2023-12-22 23:00:00,CISO,California Independent System Operator,Demand,23359.0
2023-12-23 00:00:00,CISO,California Independent System Operator,Demand,23874.0
2023-12-23 01:00:00,CISO,California Independent System Operator,Demand,24389.0
2023-12-23 02:00:00,CISO,California Independent System Operator,Demand,25892.0
2023-12-23 03:00:00,CISO,California Independent System Operator,Demand,27466.0
2023-12-23 04:00:00,CISO,California Independent System Operator,Demand,27360.0
2023-12-23 05:00:00,CISO,California Independent System Operator,Demand,26982.0
2023-12-23 06:00:00,CISO,California Independent System Operator,Demand,26411.0
2023-12-23 07:00:00,CISO,California Independent System Operator,Demand,25646.0
2023-12-23 08:00:00,CISO,California Independent System Operator,Demand,24622.0
2023-12-23 09:00:00,CISO,California Independent System Operator,Demand,23614.0
2023-12-23 10:00:00,CISO,California Independent System Operator,Demand,22200.0
2023-12-23 11:00:00,CISO,California Independent System Operator,Demand,21310.0
2023-12-23 12:00:00,CISO,California Independent System Operator,Demand,20843.0
2023-12-23 13:00:00,CISO,California Independent System Operator,Demand,20513.0
2023-12-23 14:00:00,CISO,California Independent System Operator,Demand,20645.0
2023-12-23 15:00:00,CISO,California Independent System Operator,Demand,20676.0
2023-12-23 16:00:00,CISO,California Independent System Operator,Demand,21282.0
2023-12-23 17:00:00,CISO,California Independent System Operator,Demand,22100.0
2023-12-23 18:00:00,CISO,California Independent System Operator,Demand,22022.0
2023-12-23 19:00:00,CISO,California Independent System Operator,Demand,21462.0
2023-12-23 20:00:00,CISO,California Independent System Operator,Demand,21199.0
2023-12-23 21:00:00,CISO,California Independent System Operator,Demand,20694.0
2023-12-23 22:00:00,CISO,California Independent System Operator,Demand,20892.0
2023-12-23 23:00:00,CISO,California Independent System Operator,Demand,21419.0
2023-12-24 00:00:00,CISO,California Independent System Operator,Demand,22241.0
2023-12-24 01:00:00,CISO,California Independent System Operator,Demand,22324.0
2023-12-24 02:00:00,CISO,California Independent System Operator,Demand,23991.0
2023-12-24 03:00:00,CISO,California Independent System Operator,Demand,25889.0
2023-12-24 04:00:00,CISO,California Independent System Operator,Demand,25968.0
2023-12-24 05:00:00,CISO,California Independent System Operator,Demand,25704.0
2023-12-24 06:00:00,CISO,California Independent System Operator,Demand,25490.0
2023-12-24 07:00:00,CISO,California Independent System Operator,Demand,25075.0
2023-12-24 08:00:00,CISO,California Independent System Operator,Demand,24106.0
2023-12-24 09:00:00,CISO,California Independent System Operator,Demand,22903.0
2023-12-24 10:00:00,CISO,California Independent System Operator,Demand,22119.0
2023-12-24 11:00:00,CISO,California Independent System Operator,Demand,21225.0
2023-12-24 12:00:00,CISO,California Independent System Operator,Demand,20652.0
2023-12-24 13:00:00,CISO,California Independent System Operator,Demand,20433.0
2023-12-24 14:00:00,CISO,California Independent System Operator,Demand,20329.0
2023-12-24 15:00:00,CISO,California Independent System Operator,Demand,20593.0
2023-12-24 16:00:00,CISO,California Independent System Operator,Demand,21305.0
2023-12-24 17:00:00,CISO,California Independent System Operator,Demand,21990.0
2023-12-24 18:00:00,CISO,California Independent System Operator,Demand,22492.0
2023-12-24 19:00:00,CISO,California Independent System Operator,Demand,21762.0
2023-12-24 20:00:00,CISO,California Independent System Operator,Demand,21182.0
2023-12-24 21:00:00,CISO,California Independent System Operator,Demand,21444.0
2023-12-24 22:00:00,CISO,California Independent System Operator,Demand,21130.0
2023-12-24 23:00:00,CISO,California Independent System Operator,Demand,21323.0
2023-12-25 00:00:00,CISO,California Independent System Operator,Demand,21432.0
2023-12-25 01:00:00,CISO,California Independent System Operator,Demand,22097.0
2023-12-25 02:00:00,CISO,California Independent System Operator,Demand,23806.0
2023-12-25 03:00:00,CISO,California Independent System Operator,Demand,25560.0
2023-12-25 04:00:00,CISO,California Independent System Operator,Demand,25113.0
2023-12-25 05:00:00,CISO,California Independent System Operator,Demand,24478.0
2023-12-25 06:00:00,CISO,California Independent System Operator,Demand,24067.0
2023-12-25 07:00:00,CISO,California Independent System Operator,Demand,23794.0
2023-12-25 08:00:00,CISO,California Independent System Operator,Demand,23096.0
2023-12-25 09:00:00,CISO,California Independent System Operator,Demand,22192.0
2023-12-25 10:00:00,CISO,California Independent System Operator,Demand,21834.0
2023-12-25 11:00:00,CISO,California Independent System Operator,Demand,20909.0
2023-12-25 12:00:00,CISO,California Independent System Operator,Demand,20572.0
2023-12-25 13:00:00,CISO,California Independent System Operator,Demand,20505.0
2023-12-25 14:00:00,CISO,California Independent System Operator,Demand,20387.0
2023-12-25 15:00:00,CISO,California Independent System Operator,Demand,20790.0
2023-12-25 16:00:00,CISO,California Independent System Operator,Demand,21424.0
2023-12-25 17:00:00,CISO,California Independent System Operator,Demand,21845.0
2023-12-25 18:00:00,CISO,California Independent System Operator,Demand,22069.0
2023-12-25 19:00:00,CISO,California Independent System Operator,Demand,21891.0
2023-12-25 20:00:00,CISO,California Independent System Operator,Demand,21352.0
2023-12-25 21:00:00,CISO,California Independent System Operator,Demand,20285.0
2023-12-25 22:00:00,CISO,California Independent System Operator,Demand,20619.0
2023-12-25 23:00:00,CISO,California Independent System Operator,Demand,20223.0
2023-12-26 00:00:00,CISO,California Independent System Operator,Demand,20673.0
2023-12-26 01:00:00,CISO,California Independent System Operator,Demand,21034.0
2023-12-26 02:00:00,CISO,California Independent System Operator,Demand,22755.0
2023-12-26 03:00:00,CISO,California Independent System Operator,Demand,24374.0
2023-12-26 04:00:00,CISO,California Independent System Operator,Demand,24192.0
2023-12-26 05:00:00,CISO,California Independent System Operator,Demand,24005.0
2023-12-26 06:00:00,CISO,California Independent System Operator,Demand,23719.0
2023-12-26 07:00:00,CISO,California Independent System Operator,Demand,23479.0
2023-12-26 08:00:00,CISO,California Independent System Operator,Demand,22546.0
2023-12-26 09:00:00,CISO,California Independent System Operator,Demand,21440.0
2023-12-26 10:00:00,CISO,California Independent System Operator,Demand,21047.0
2023-12-26 11:00:00,CISO,California Independent System Operator,Demand,20473.0
2023-12-26 12:00:00,CISO,California Independent System Operator,Demand,20151.0
2023-12-26 13:00:00,CISO,California Independent System Operator,Demand,19852.0
2023-12-26 14:00:00,CISO,California Independent System Operator,Demand,20220.0
2023-12-26 15:00:00,CISO,California Independent System Operator,Demand,20976.0
2023-12-26 16:00:00,CISO,California Independent System Operator,Demand,22282.0
2023-12-26 17:00:00,CISO,California Independent System Operator,Demand,23168.0
2023-12-26 18:00:00,CISO,California Independent System Operator,Demand,23766.0
2023-12-26 19:00:00,CISO,California Independent System Operator,Demand,24231.0
2023-12-26 20:00:00,CISO,California Independent System Operator,Demand,24665.0
2023-12-26 21:00:00,CISO,California Independent System Operator,Demand,24301.0
2023-12-26 22:00:00,CISO,California Independent System Operator,Demand,24074.0
2023-12-26 23:00:00,CISO,California Independent System Operator,Demand,24048.0
2023-12-27 00:00:00,CISO,California Independent System Operator,Demand,24330.0
2023-12-27 01:00:00,CISO,California Independent System Operator,Demand,24256.0
2023-12-27 02:00:00,CISO,California Independent System Operator,Demand,25493.0
2023-12-27 03:00:00,CISO,California Independent System Operator,Demand,27135.0
2023-12-27 04:00:00,CISO,California Independent System Operator,Demand,26979.0
2023-12-27 05:00:00,CISO,California Independent System Operator,Demand,26488.0
2023-12-27 06:00:00,CISO,California Independent System Operator,Demand,25813.0
2023-12-27 07:00:00,CISO,California Independent System Operator,Demand,25221.0
2023-12-27 08:00:00,CISO,California Independent System Operator,Demand,24068.0
2023-12-27 09:00:00,CISO,California Independent System Operator,Demand,23275.0
2023-12-27 10:00:00,CISO,California Independent System Operator,Demand,21757.0
2023-12-27 11:00:00,CISO,California Independent System Operator,Demand,21119.0
2023-12-27 12:00:00,CISO,California Independent System Operator,Demand,20930.0
2023-12-27 13:00:00,CISO,California Independent System Operator,Demand,20598.0
2023-12-27 14:00:00,CISO,California Independent System Operator,Demand,20956.0
2023-12-27 15:00:00,CISO,California Independent System Operator,Demand,21564.0
2023-12-27 16:00:00,CISO,California Independent System Operator,Demand,23649.0
2023-12-27 17:00:00,CISO,California Independent System Operator,Demand,24288.0
2023-12-27 18:00:00,CISO,California Independent System Operator,Demand,24508.0
2023-12-27 19:00:00,CISO,California Independent System Operator,Demand,23764.0
2023-12-27 20:00:00,CISO,California Independent System Operator,Demand,24615.0
2023-12-27 21:00:00,CISO,California Independent System Operator,Demand,25184.0
2023-12-27 22:00:00,CISO,California Independent System Operator,Demand,25481.0
2023-12-27 23:00:00,CISO,California Independent System Operator,Demand,25727.0
2023-12-28 00:00:00,CISO,California Independent System Operator,Demand,25029.0
2023-12-28 01:00:00,CISO,California Independent System Operator,Demand,24834.0
2023-12-28 02:00:00,CISO,California Independent System Operator,Demand,26096.0
2023-12-28 03:00:00,CISO,California Independent System Operator,Demand,27643.0
2023-12-28 04:00:00,CISO,California Independent System Operator,Demand,27479.0
2023-12-28 05:00:00,CISO,California Independent System Operator,Demand,26798.0
2023-12-28 06:00:00,CISO,California Independent System Operator,Demand,26170.0
2023-12-28 07:00:00,CISO,California Independent System Operator,Demand,25292.0
2023-12-28 08:00:00,CISO,California Independent System Operator,Demand,24042.0
2023-12-28 09:00:00,CISO,California Independent System Operator,Demand,22733.0
2023-12-28 10:00:00,CISO,California Independent System Operator,Demand,21672.0
2023-12-28 11:00:00,CISO,California Independent System Operator,Demand,21113.0
2023-12-28 12:00:00,CISO,California Independent System Operator,Demand,20579.0
2023-12-28 13:00:00,CISO,California Independent System Operator,Demand,20439.0
2023-12-28 14:00:00,CISO,California Independent System Operator,Demand,20645.0
2023-12-28 15:00:00,CISO,California Independent System Operator,Demand,21642.0
2023-12-28 16:00:00,CISO,California Independent System Operator,Demand,23154.0
2023-12-28 17:00:00,CISO,California Independent System Operator,Demand,24180.0
2023-12-28 18:00:00,CISO,California Independent System Operator,Demand,25266.0
2023-12-28 19:00:00,CISO,California Independent System Operator,Demand,25443.0
2023-12-28 20:00:00,CISO,California Independent System Operator,Demand,25562.0
2023-12-28 21:00:00,CISO,California Independent System Operator,Demand,24936.0
2023-12-28 22:00:00,CISO,California Independent System Operator,Demand,24481.0
2023-12-28 23:00:00,CISO,California Independent System Operator,Demand,24072.0
2023-12-29 00:00:00,CISO,California Independent System Operator,Demand,23791.0
2023-12-29 01:00:00,CISO,California Independent System Operator,Demand,23651.0
2023-12-29 02:00:00,CISO,California Independent System Operator,Demand,25353.0
2023-12-29 03:00:00,CISO,California Independent System Operator,Demand,27073.0
2023-12-29 04:00:00,CISO,California Independent System Operator,Demand,26796.0
2023-12-29 05:00:00,CISO,California Independent System Operator,Demand,26312.0
2023-12-29 06:00:00,CISO,California Independent System Operator,Demand,25784.0
2023-12-29 07:00:00,CISO,California Independent System Operator,Demand,25189.0
2023-12-29 08:00:00,CISO,California Independent System Operator,Demand,24001.0
2023-12-29 09:00:00,CISO,California Independent System Operator,Demand,22627.0
2023-12-29 10:00:00,CISO,California Independent System Operator,Demand,21761.0
2023-12-29 11:00:00,CISO,California Independent System Operator,Demand,20914.0
2023-12-29 12:00:00,CISO,California Independent System Operator,Demand,20625.0
2023-12-29 13:00:00,CISO,California Independent System Operator,Demand,20503.0
2023-12-29 14:00:00,CISO,California Independent System Operator,Demand,20569.0
2023-12-29 15:00:00,CISO,California Independent System Operator,Demand,21387.0
2023-12-29 16:00:00,CISO,California Independent System Operator,Demand,22718.0
2023-12-29 17:00:00,CISO,California Independent System Operator,Demand,23574.0
2023-12-29 18:00:00,CISO,California Independent System Operator,Demand,24122.0
2023-12-29 19:00:00,CISO,California Independent System Operator,Demand,24419.0
2023-12-29 20:00:00,CISO,California Independent System Operator,Demand,24448.0
2023-12-29 21:00:00,CISO,California Independent System Operator,Demand,23794.0
2023-12-29 22:00:00,CISO,California Independent System Operator,Demand,23522.0
2023-12-29 23:00:00,CISO,California Independent System Operator,Demand,23325.0
2023-12-30 00:00:00,CISO,California Independent System Operator,Demand,23285.0
2023-12-30 01:00:00,CISO,California Independent System Operator,Demand,23575.0
2023-12-30 02:00:00,CISO,California Independent System Operator,Demand,24940.0
2023-12-30 03:00:00,CISO,California Independent System Operator,Demand,26561.0
2023-12-30 04:00:00,CISO,California Independent System Operator,Demand,26311.0
2023-12-30 05:00:00,CISO,California Independent System Operator,Demand,25861.0
2023-12-30 06:00:00,CISO,California Independent System Operator,Demand,25481.0
2023-12-30 07:00:00,CISO,California Independent System Operator,Demand,24901.0
2023-12-30 08:00:00,CISO,California Independent System Operator,Demand,23721.0
2023-12-30 09:00:00,CISO,California Independent System Operator,Demand,22638.0
2023-12-30 10:00:00,CISO,California Independent System Operator,Demand,21983.0
2023-12-30 11:00:00,CISO,California Independent System Operator,Demand,21364.0
2023-12-30 12:00:00,CISO,California Independent System Operator,Demand,20495.0
2023-12-30 13:00:00,CISO,California Independent System Operator,Demand,20270.0
2023-12-30 14:00:00,CISO,California Independent System Operator,Demand,20116.0
2023-12-30 15:00:00,CISO,California Independent System Operator,Demand,20332.0
2023-12-30 16:00:00,CISO,California Independent System Operator,Demand,21115.0
2023-12-30 17:00:00,CISO,California Independent System Operator,Demand,21580.0
2023-12-30 18:00:00,CISO,California Independent System Operator,Demand,22500.0
2023-12-30 19:00:00,CISO,California Independent System Operator,Demand,23251.0
2023-12-30 20:00:00,CISO,California Independent System Operator,Demand,23725.0
2023-12-30 21:00:00,CISO,California Independent System Operator,Demand,23794.0
2023-12-30 22:00:00,CISO,California Independent System Operator,Demand,22950.0
2023-12-30 23:00:00,CISO,California Independent System Operator,Demand,22739.0
2023-12-31 00:00:00,CISO,California Independent System Operator,Demand,22068.0
2023-12-31 01:00:00,CISO,California Independent System Operator,Demand,21902.0
2023-12-31 02:00:00,CISO,California Independent System Operator,Demand,23544.0
2023-12-31 03:00:00,CISO,California Independent System Operator,Demand,25641.0
2023-12-31 04:00:00,CISO,California Independent System Operator,Demand,25584.0
2023-12-31 05:00:00,CISO,California Independent System Operator,Demand,25412.0
2023-12-31 06:00:00,CISO,California Independent System Operator,Demand,25215.0
2023-12-31 07:00:00,CISO,California Independent System Operator,Demand,24683.0
2023-12-31 08:00:00,CISO,California Independent System Operator,Demand,24153.0
2023-12-31 09:00:00,CISO,California Independent System Operator,Demand,22361.0
2023-12-31 10:00:00,CISO,California Independent System Operator,Demand,21795.0
2023-12-31 11:00:00,CISO,California Independent System Operator,Demand,21056.0
2023-12-31 12:00:00,CISO,California Independent System Operator,Demand,20393.0
2023-12-31 13:00:00,CISO,California Independent System Operator,Demand,19902.0
2023-12-31 14:00:00,CISO,California Independent System Operator,Demand,19860.0
2023-12-31 15:00:00,CISO,California Independent System Operator,Demand,20296.0
2023-12-31 16:00:00,CISO,California Independent System Operator,Demand,20786.0
2023-12-31 17:00:00,CISO,California Independent System Operator,Demand,21173.0
2023-12-31 18:00:00,CISO,California Independent System Operator,Demand,21684.0
2023-12-31 19:00:00,CISO,California Independent System Operator,Demand,22739.0
2023-12-31 20:00:00,CISO,California Independent System Operator,Demand,22901.0
2023-12-31 21:00:00,CISO,California Independent System Operator,Demand,22916.0
2023-12-31 22:00:00,CISO,California Independent System Operator,Demand,22749.0
2023-12-31 23:00:00,CISO,California Independent System Operator,Demand,22943.0
