datetime,Actual Demand,SARIMA Forecast,Prophet Forecast,Hybrid Forecast
2023-11-01 00:00:00,23438.0,23334.6792691288,22778.244389714,23167.74880530436
2023-11-01 01:00:00,25119.0,24754.325464041194,23936.122831459023,24508.86467426654
2023-11-01 02:00:00,26577.0,26394.230501386697,25332.45920166953,26075.69911147155
2023-11-01 03:00:00,26975.0,27315.63620161377,26612.58011775048,27104.71937645478
2023-11-01 04:00:00,26150.0,26955.053864918114,27294.93434789621,27057.01800981154
2023-11-01 05:00:00,25573.0,26143.060603427508,27057.922662793608,26417.519221237337
2023-11-01 06:00:00,25134.0,25332.178935544525,25968.939467516848,25523.20709513622
2023-11-01 07:00:00,23966.0,23931.19546263479,24443.83240856221,24084.986546413013
2023-11-01 08:00:00,22634.0,22556.5521738869,22960.24047760945,22677.658665003662
2023-11-01 09:00:00,21976.0,21780.41658775236,21771.69739286217,21777.8008292853
2023-11-01 10:00:00,21490.0,21066.60999025576,20861.861962012124,21005.18558178267
2023-11-01 11:00:00,21039.0,20664.089523610048,20144.073663541443,20508.084765589465
2023-11-01 12:00:00,20784.0,20496.59685735103,19677.8122041642,20250.961461394974
2023-11-01 13:00:00,20797.0,20645.991999127204,19668.41486166468,20352.718857888445
2023-11-01 14:00:00,21971.0,21339.02543736878,20243.30548918497,21010.30945291364
2023-11-01 15:00:00,23936.0,23079.14821082408,21232.33031188905,22525.102841143573
2023-11-01 16:00:00,25458.0,24266.945037859638,22189.690313031977,23643.76862041133
2023-11-01 17:00:00,25747.0,24668.61497252237,22669.437654564237,24068.861777134924
2023-11-01 18:00:00,25637.0,24528.512972247383,22525.250320455078,23927.53417670969
2023-11-01 19:00:00,25064.0,23655.717253843963,21981.392376307587,23153.419790583048
2023-11-01 20:00:00,24420.0,22927.0801428022,21433.93074174872,22479.135322486152
2023-11-01 21:00:00,23955.0,22635.62345489969,21179.270338020127,22198.71751983582
2023-11-01 22:00:00,23773.0,22540.572853266,21303.18325712691,22169.35597442427
2023-11-01 23:00:00,23950.0,22757.25211783885,21776.452187512263,22463.012138740876
2023-11-02 00:00:00,24821.0,23707.710800311936,22592.579462389065,23373.171398935072
2023-11-02 01:00:00,25833.0,25139.774173911494,23763.11845498675,24726.777458234068
2023-11-02 02:00:00,27367.0,26726.92348881964,25169.382660289262,26259.661240260524
2023-11-02 03:00:00,28248.0,27621.50983413324,26456.505060903408,27272.00840216429
2023-11-02 04:00:00,27594.0,27261.079123714862,27142.7962317938,27225.594256138545
2023-11-02 05:00:00,26626.0,26421.967686323733,26906.574356036843,26567.349687237664
2023-11-02 06:00:00,25901.0,25596.50483745445,25815.206202495632,25662.1152469668
2023-11-02 07:00:00,24416.0,24196.700438593543,24284.565278579197,24223.05989058924
2023-11-02 08:00:00,23075.0,22828.292883494723,22792.367711061142,22817.515331764647
2023-11-02 09:00:00,22601.0,22029.52412522848,21592.272678494177,21898.348691208183
2023-11-02 10:00:00,22052.0,21309.82468036933,20668.109147222392,21117.310020425244
2023-11-02 11:00:00,21671.0,20876.951653092437,19933.42721036793,20593.89432027508
2023-11-02 12:00:00,20953.0,20649.144577968917,19447.95285361873,20288.78706066386
2023-11-02 13:00:00,20990.0,20741.865262013845,19417.30003273098,20344.495693228982
2023-11-02 14:00:00,22025.0,21410.02424561869,19969.194019582254,20977.775177807755
2023-11-02 15:00:00,24021.0,23014.14641943997,20933.801234097355,22390.042863837185
2023-11-02 16:00:00,25484.0,24099.830647912,21865.655448595848,23429.57808811716
2023-11-02 17:00:00,25576.0,24567.055426794974,22319.14790255236,23892.683169522188
2023-11-02 18:00:00,25521.0,24475.149156014628,22148.295609616987,23777.09309209533
2023-11-02 19:00:00,24755.0,23637.70985815376,21577.695344633576,23019.705504097703
2023-11-02 20:00:00,24742.0,22907.492673606725,21003.734299722168,22336.36516144136
2023-11-02 21:00:00,24298.0,22627.55214276884,20723.119362584523,22056.222308713543
2023-11-02 22:00:00,24208.0,22603.30153959766,20821.90074989144,22068.881302685797
2023-11-02 23:00:00,25047.0,22956.012248331263,21271.110312837554,22450.54166768315
2023-11-03 00:00:00,25537.0,23973.652750254743,22064.465957040826,23400.896712290567
2023-11-03 01:00:00,26169.0,25403.599708875023,23213.69897014845,24746.62948725705
2023-11-03 02:00:00,27768.0,26969.269059375576,24600.259658108505,26258.56623899545
2023-11-03 03:00:00,28694.0,27850.383735140545,25869.37394052534,27256.08079675598
2023-11-03 04:00:00,28159.0,27484.79244401378,26539.399401860894,27201.17453136791
2023-11-03 05:00:00,27149.0,26632.52317185304,26288.65400618089,26529.362422151396
2023-11-03 06:00:00,26213.0,25797.86050968477,25184.456546297755,25613.839320668667
2023-11-03 07:00:00,24538.0,24393.775740654983,23642.585054371342,24168.41853476989
2023-11-03 08:00:00,23043.0,23022.78363560216,22140.613727539014,22758.132663183213
2023-11-03 09:00:00,22409.0,22212.92408781181,20932.01518045613,21828.651415605105
2023-11-03 10:00:00,21565.0,21487.32772585481,20000.38975881467,21041.24633574277
2023-11-03 11:00:00,20873.0,21041.36395812292,19259.0201785402,20506.660824248105
2023-11-03 12:00:00,20706.0,20791.612846846263,18767.330274683514,20184.32807519744
2023-11-03 13:00:00,21038.0,20863.62852685036,18730.60169193336,20223.720476375256
2023-11-03 14:00:00,21306.0,21520.778722216663,19276.20241427376,20847.40582983379
2023-11-03 15:00:00,23554.0,23080.63063341783,20233.92228047687,22226.61812753554
2023-11-03 16:00:00,24850.0,24132.3578892246,21157.90529733157,23240.02211165669
2023-11-03 17:00:00,25017.0,24616.137673495607,21602.14620381193,23711.940232590503
2023-11-03 18:00:00,24952.0,24535.689199869576,21420.265481452472,23601.06208434444
2023-11-03 19:00:00,24615.0,23705.964244076386,20836.470205528352,22845.11603251197
2023-11-03 20:00:00,23856.0,22972.47185107761,20246.771630205472,22154.76178481597
2023-11-03 21:00:00,23529.0,22693.29826466587,19947.52136484329,21869.565194719096
2023-11-03 22:00:00,23711.0,22687.733082698,20024.44177504914,21888.74569040334
2023-11-03 23:00:00,24254.0,23078.83117951752,20448.27083021166,22289.66307472576
2023-11-04 00:00:00,25102.0,24114.26304537028,21212.47274374674,23243.72595488321
2023-11-04 01:00:00,25838.0,25541.26692430539,22328.57110868523,24577.45817961934
2023-11-04 02:00:00,27286.0,27098.26173293801,23677.859842294227,26072.141165744877
2023-11-04 03:00:00,27895.0,27973.19289880765,24905.464509248224,27052.87438193982
2023-11-04 04:00:00,27163.0,27603.996918706347,25529.70244566878,26981.70857679508
2023-11-04 05:00:00,26333.0,26745.797685375783,25228.91482543077,26290.73282739228
2023-11-04 06:00:00,25540.0,25906.46963937296,24070.50968190364,25355.68165213216
2023-11-04 07:00:00,24435.0,24499.2701366041,22470.4220639905,23890.615714820025
2023-11-04 08:00:00,23236.0,23125.742433277857,20906.451842481438,22459.95525603893
2023-11-04 09:00:00,22127.0,22310.857842056124,19632.365951451568,21507.310274874755
2023-11-04 10:00:00,21258.0,21581.86162814534,18632.12678335976,20696.941174709664
2023-11-04 11:00:00,20561.0,21130.39798574092,17819.44499805136,20137.11208943405
2023-11-04 12:00:00,20091.0,20872.54591776277,17254.23553751982,19787.052803689887
2023-11-04 13:00:00,19982.0,20936.89025789981,17142.330698001675,19798.522389930367
2023-11-04 14:00:00,20275.0,21589.33811912957,17611.7041865626,20396.04793935948
2023-11-04 15:00:00,21090.0,23134.54489790091,18492.801352441427,21742.02183426306
2023-11-04 16:00:00,21799.0,24174.77736268456,19340.465456270824,22724.483790760434
2023-11-04 17:00:00,22473.0,24662.291330077034,19709.42749501073,23176.43217955714
2023-11-04 18:00:00,23343.0,24584.09239278962,19454.073848762782,23045.086829581567
2023-11-04 19:00:00,22885.0,23755.537365210403,18799.39922612931,22268.695923486077
2023-11-04 20:00:00,21916.0,23019.9559596263,18142.21589008148,21556.63393876285
2023-11-04 21:00:00,21281.0,22739.950110536254,17779.681115894033,21251.86941214359
2023-11-04 22:00:00,21021.0,22738.977953195223,17798.318617220633,21256.780152402844
2023-11-04 23:00:00,20964.0,23140.628803329317,18169.654265667323,21649.336442030715
2023-11-05 00:00:00,21962.0,24180.4612605815,18887.917558888737,22592.698150073666
2023-11-05 01:00:00,23628.0,25605.67054975699,19965.36564996708,23913.57907982001
2023-11-05 02:00:00,25112.0,27159.182938952006,21283.985360932013,25396.623665546005
2023-11-05 03:00:00,25933.0,28031.413576867508,22489.545859461232,26368.85326164562
2023-11-05 04:00:00,25529.0,27660.32407754068,23100.950528421978,26292.512012805066
2023-11-05 05:00:00,24896.0,26799.5633311062,22797.0612711648,25598.812713123774
2023-11-05 06:00:00,24126.0,25958.083434274427,21645.734364682885,24664.37871339696
2023-11-05 07:00:00,23086.0,24549.22658762197,20063.2741309452,23203.44085061894
2023-11-05 08:00:00,21979.0,23174.243002780517,18527.76502657667,21780.29960991936
2023-11-05 09:00:00,21433.0,22357.18077558018,17293.169011622474,20837.977246392868
2023-11-05 10:00:00,20666.0,21626.520705335643,16343.549982144192,20041.629488378207
2023-11-05 11:00:00,19873.0,21172.786514637548,15592.623583366048,19498.737635256097
2023-11-05 12:00:00,19729.0,20911.905699372892,15100.2112397544,19168.397361487347
2023-11-05 13:00:00,19486.0,20973.37299078082,15071.952287372438,19202.946779758306
2023-11-05 14:00:00,19418.0,21623.85778410832,15635.528156766182,19827.35889590568
2023-11-05 15:00:00,19780.0,23164.134374849546,16620.993805615566,21201.192204079347
2023-11-05 16:00:00,20025.0,24200.40350694652,17582.70626041141,22215.094332985984
2023-11-05 17:00:00,20260.0,24688.550121509328,18074.81776874689,22704.4304156806
2023-11-05 18:00:00,20591.0,24610.556273200604,17951.047799653054,22612.70373113633
2023-11-05 19:00:00,20724.0,23781.899791788263,17435.641327416666,21878.022252476785
2023-11-05 20:00:00,20677.0,23045.254772650194,16924.584328452424,21209.053639390862
2023-11-05 21:00:00,20552.0,22764.579557800644,16714.13837876966,20949.447204091342
2023-11-05 22:00:00,20731.0,22764.584387859984,16889.87001386796,21002.170075662376
2023-11-05 23:00:00,21065.0,23169.018583829617,17422.295092482476,21445.001536425472
2023-11-06 00:00:00,22439.0,24209.800278841816,18304.5895272875,22438.23705337552
2023-11-06 01:00:00,23703.0,25634.11120882311,19547.923094198835,23808.254774435827
2023-11-06 02:00:00,25218.0,27186.231658597728,21033.17163826449,25340.31365249776
2023-11-06 03:00:00,26745.0,28057.318462352145,22404.98024302903,26361.61699655521
2023-11-06 04:00:00,26374.0,27685.340283266265,23181.12577701705,26334.075931391497
2023-11-06 05:00:00,25590.0,26823.502261304508,23039.351944267102,25688.25716619328
2023-11-06 06:00:00,24883.0,25981.07989013159,22046.41583118212,24800.680672446742
2023-11-06 07:00:00,24062.0,24571.44042362881,20617.55210164674,23385.273927034188
2023-11-06 08:00:00,22729.0,23195.74557977576,19229.81532447269,22005.96650318484
2023-11-06 09:00:00,21514.0,22377.765596680576,18136.187180511948,21105.292071829987
2023-11-06 10:00:00,21137.0,21646.352182665385,17319.810223819528,20348.389595011628
2023-11-06 11:00:00,20718.0,21191.69195396508,16693.54641289742,19842.248291644777
2023-11-06 12:00:00,20229.0,20929.66650927545,16316.43914996304,19545.698301481727
2023-11-06 13:00:00,19996.0,20990.043671471103,16393.43262633584,19611.060357930524
2023-11-06 14:00:00,20242.0,21639.721579253863,17051.602343786442,20263.28580861364
2023-11-06 15:00:00,21469.0,23178.30784790053,18120.491941418197,21660.963075955828
2023-11-06 16:00:00,23201.0,24213.185152112863,19154.046130235543,22695.44344554967
2023-11-06 17:00:00,23820.0,24701.32876140721,19706.107190534287,23202.762290145336
2023-11-06 18:00:00,24041.0,24623.210759075624,19630.18923459603,23125.304301731743
2023-11-06 19:00:00,23868.0,23794.34506352208,19150.437650179505,22401.172839519302
2023-11-06 20:00:00,23346.0,23057.20847465969,18662.844643737502,21738.89932538303
2023-11-06 21:00:00,23321.0,22776.16670586743,18463.7827760368,21482.45152691824
2023-11-06 22:00:00,23915.0,22776.306033908622,18639.032168188933,21535.123874192715
2023-11-06 23:00:00,24233.0,23181.423625801483,19159.421648954994,21974.823032747536
2023-11-07 00:00:00,25185.0,24222.34334625116,20018.53524780713,22961.20091671795
2023-11-07 01:00:00,25967.0,25646.24265630167,21228.04079836824,24320.78209892164
2023-11-07 02:00:00,27273.0,27197.808539156315,22669.39603443122,25839.284787738783
2023-11-07 03:00:00,28392.0,28068.420516757968,23987.904819265128,26844.26580751012
2023-11-07 04:00:00,28079.0,27696.049173799045,24702.07200584222,26797.856023411998
2023-11-07 05:00:00,27114.0,26833.76610435032,24490.43014611018,26130.765316878274
2023-11-07 06:00:00,26297.0,25990.94380759786,23420.57714060429,25219.83380749979
2023-11-07 07:00:00,25376.0,24580.95689118644,21908.631085131718,23779.259149370017
2023-11-07 08:00:00,24213.0,23204.940310219576,20432.56290788065,22373.2270895179
2023-11-07 09:00:00,22572.0,22386.58063836297,19246.29365641802,21444.494543779485
2023-11-07 10:00:00,21633.0,21654.84089402184,18333.91822517669,20658.56409336829
2023-11-07 11:00:00,21160.0,21199.80623559849,17609.253852097085,20122.64052054807
2023-11-07 12:00:00,20901.0,20937.34432428152,17132.29223885277,19795.82869865289
2023-11-07 13:00:00,20695.0,20997.30491393277,17108.90920419338,19830.786201010957
2023-11-07 14:00:00,20987.0,21646.654751940143,17667.085848137347,20452.784080799305
2023-11-07 15:00:00,22130.0,23184.65071251412,18637.23646165912,21820.426437257614
2023-11-07 16:00:00,23871.0,24219.03054230076,19574.133080437987,22825.561303741924
2023-11-07 17:00:00,24896.0,24707.09705898429,20032.394229038204,23304.686210000466
2023-11-07 18:00:00,24680.0,24628.86845252522,19866.252140737317,23200.083558988845
2023-11-07 19:00:00,24415.0,23799.86937663852,19300.5059400836,22450.06034567205
2023-11-07 20:00:00,24104.0,23062.517233790724,18731.731771680417,21763.28159515763
2023-11-07 21:00:00,23790.0,22781.300059330704,18456.81181937849,21483.95358734504
2023-11-07 22:00:00,23459.0,22781.417038956693,18561.957934729515,21515.57930768854
2023-11-07 23:00:00,23838.0,23186.679624154654,19018.350175632724,21936.180789598075
2023-11-08 00:00:00,24347.0,24227.582737721623,19819.841675806438,22905.260419147067
2023-11-08 01:00:00,24705.0,25651.302468750317,20978.286615855108,24249.39771288175
2023-11-08 02:00:00,26160.0,27202.647938115977,22375.246670612967,25754.427557865078
2023-11-08 03:00:00,27686.0,28073.065509473698,23656.048553671862,26747.960422733147
2023-11-08 04:00:00,27353.0,27700.52626729218,24339.14112836669,26692.11072561453
2023-11-08 05:00:00,26743.0,26838.06159750161,24102.925259031315,26017.520695960524
2023-11-08 06:00:00,26079.0,25995.073079648148,23014.79544298005,25100.98978864772
2023-11-08 07:00:00,25271.0,24584.93746218741,21490.599417506583,23656.636048783163
2023-11-08 08:00:00,23960.0,23208.781590878512,20007.976263692493,22248.539992722704
2023-11-08 09:00:00,22716.0,22390.266832426794,18820.45978769019,21319.32471900581
2023-11-08 10:00:00,22151.0,21658.38959474921,17911.70888371639,20534.38538143936
2023-11-08 11:00:00,22089.0,21203.20448676422,17195.063115337984,20000.762075336348
2023-11-08 12:00:00,21262.0,20940.57492416844,16730.002272899626,19677.403128787795
2023-11-08 13:00:00,20730.0,21000.375228042427,16721.863716388005,19716.8217745461
2023-11-08 14:00:00,21129.0,21649.59271143807,17298.071379637888,20344.13631189801
2023-11-08 15:00:00,22516.0,23187.37879261215,18288.4715671071,21717.70662496064
2023-11-08 16:00:00,24352.0,24221.5778761786,19247.265339831207,22729.284115274382
2023-11-08 17:00:00,24984.0,24709.591168157327,19728.504936082936,23215.265298535007
2023-11-08 18:00:00,24058.0,24631.300408647265,19585.86841467236,23117.67081045479
2023-11-08 19:00:00,23683.0,23802.23343412069,19043.61991458319,22374.649378259444
2023-11-08 20:00:00,23281.0,23064.78975505018,18497.826427295517,21694.70075672378
2023-11-08 21:00:00,22892.0,22783.49412697292,18244.892944432057,21421.91377221066
2023-11-08 22:00:00,22967.0,22783.57962848395,18370.591626877474,21459.683228002003
2023-11-08 23:00:00,23337.0,23188.86196666188,18845.705230441243,21885.914945795685
2023-11-09 00:00:00,23493.0,24229.73717440076,19663.73615421138,22859.936868343942
2023-11-09 01:00:00,24469.0,25653.380894069534,20836.237835741344,24208.23797657108
2023-11-09 02:00:00,26213.0,27204.63891842704,22244.523832803592,25716.60439274001
2023-11-09 03:00:00,27862.0,28074.97766664528,23533.727189518035,26712.602523507107
2023-11-09 04:00:00,27488.0,27702.36834274194,24222.15854039691,26658.30540203843
2023-11-09 05:00:00,26785.0,26839.83021975634,23988.136126844227,25984.3219918827
2023-11-09 06:00:00,26372.0,25996.773588149452,22899.026774507653,25067.449544056915
2023-11-09 07:00:00,25433.0,24586.57581245571,21370.70404572074,23621.814282435214
2023-11-09 08:00:00,24119.0,23210.361275157888,19880.884121096045,22211.518128939333
2023-11-09 09:00:00,22734.0,22391.783742481257,18683.226231197918,21279.21648909625
2023-11-09 10:00:00,22107.0,21659.849632322832,17761.55939288611,20490.36256049181
2023-11-09 11:00:00,21480.0,21204.60434946073,17029.433748102812,19952.053169053357
2023-11-09 12:00:00,21118.0,20941.91001125473,16546.57533005032,19623.30960689341
2023-11-09 13:00:00,21099.0,21001.648300142395,16518.598140246868,19656.733252173733
2023-11-09 14:00:00,21277.0,21650.812688801183,17073.22749479834,20277.53713060033
2023-11-09 15:00:00,22557.0,23188.522883696973,18040.62985627851,21644.154975471432
2023-11-09 16:00:00,24342.0,24222.655323209918,18975.339038077844,22648.46043767029
2023-11-09 17:00:00,24447.0,24710.640762655457,19431.74631914436,23126.972429602127
2023-11-09 18:00:00,24208.0,24632.319918201694,19263.868751020676,23021.784568047387
2023-11-09 19:00:00,23221.0,23803.221565673022,18696.30314484161,22271.1460394236
2023-11-09 20:00:00,22903.0,23065.739822129333,18125.43672743601,21583.648893721336
2023-11-09 21:00:00,22810.0,22784.41046245742,17847.976419548948,21303.48024958488
2023-11-09 22:00:00,22698.0,22784.476735542765,17949.972469379703,21334.125455693844
2023-11-09 23:00:00,23073.0,23189.75561268684,18402.456757948763,21753.56595626541
2023-11-10 00:00:00,23937.0,24230.61339412401,19199.14721914382,22721.173541629956
2023-11-10 01:00:00,25125.0,25654.225574393306,20351.77516723448,24063.490452245656
2023-11-10 02:00:00,25729.0,27205.44895387987,21741.790933169374,25566.35154766672
2023-11-10 03:00:00,27528.0,28075.755966303008,23014.42045993606,26557.35531439292
2023-11-10 04:00:00,27244.0,27703.11783951817,23688.021353728203,26498.58889378118
2023-11-10 05:00:00,26415.0,26840.5501947507,23440.911598735293,25820.658615946075
2023-11-10 06:00:00,25740.0,25997.465929091257,22340.4100062404,24900.349152236
2023-11-10 07:00:00,25185.0,24587.24258145688,20802.29462522753,23451.758194588077
2023-11-10 08:00:00,23851.0,23211.003783709624,19304.13966800508,22038.94454899826
2023-11-10 09:00:00,22508.0,22392.40100800737,18099.417762788948,21104.506034441845
2023-11-10 10:00:00,22140.0,21660.443670880468,17171.729267110437,20313.829349749456
2023-11-10 11:00:00,21720.0,21205.17440184804,16434.3569071807,19773.92915344784
2023-11-10 12:00:00,21544.0,20942.454919225307,15946.72452649144,19443.735801405142
2023-11-10 13:00:00,21098.0,21002.169109166563,15914.11377674724,19475.75250944077
2023-11-10 14:00:00,21099.0,21651.31228724414,16463.89264712512,20095.086395208436
2023-11-10 15:00:00,21879.0,23188.994621955317,17425.850979955198,21460.05152935528
2023-11-10 16:00:00,23074.0,24223.10217092293,18354.13278392762,22462.41135482434
2023-11-10 17:00:00,23916.0,24711.074562356927,18802.732798217457,22938.572033115088
2023-11-10 18:00:00,23822.0,24632.74017682479,18625.271502899835,22830.499574647303
2023-11-10 19:00:00,22867.0,23803.62806568669,18045.955970107883,22076.326437013053
2023-11-10 20:00:00,22678.0,23066.13071866325,17460.797449190402,21384.5307378214
2023-11-10 21:00:00,22398.0,22784.787215937307,17166.147542950737,21099.19531404133
2023-11-10 22:00:00,21794.0,22784.843856767635,17247.728608807287,21123.70928237953
2023-11-10 23:00:00,22637.0,23190.11798659288,17676.278606268505,21535.96617249557
2023-11-11 00:00:00,23287.0,24230.96696477462,18445.26173712629,22495.25539648012
2023-11-11 01:00:00,23740.0,25654.566236068556,19566.20158111836,23828.056839583493
2023-11-11 02:00:00,25299.0,27205.77590373477,20920.39204051363,25320.160744768426
2023-11-11 03:00:00,26735.0,28076.07020403575,22152.95866329006,26299.136741812043
2023-11-11 04:00:00,26314.0,27703.420367221486,22782.218767154347,26227.059887201343
2023-11-11 05:00:00,25675.0,26840.84091248075,22486.51350587416,25534.542690498773
2023-11-11 06:00:00,25026.0,25997.745515838997,21333.250890991163,24598.39712838464
2023-11-11 07:00:00,24450.0,24587.51176437325,19738.365947869115,23132.76801942201
2023-11-11 08:00:00,23445.0,23211.263060283563,18179.65852202637,21701.7816988064
2023-11-11 09:00:00,22385.0,22392.650182382156,16910.895520598136,20748.123783846942
2023-11-11 10:00:00,21818.0,21660.683444573468,15916.039307306786,19937.290203393462
2023-11-11 11:00:00,21020.0,21205.40463871559,15108.80051161136,19376.42340058432
2023-11-11 12:00:00,20496.0,20942.67535970445,14549.094043351328,19024.600964798512
2023-11-11 13:00:00,20073.0,21002.380152593807,14442.752164900823,19034.491756285912
2023-11-11 14:00:00,20208.0,21651.51488354861,14917.748547731517,19631.38498280348
2023-11-11 15:00:00,20708.0,23189.186851587507,15804.528503752748,20973.78934723708
2023-11-11 16:00:00,21268.0,24223.285002127213,16657.935254546537,21953.68007785301
2023-11-11 17:00:00,21487.0,24711.25162699169,17032.699756282545,22407.686065778944
2023-11-11 18:00:00,21458.0,24632.911396863,16783.208346522864,22278.000481760955
2023-11-11 19:00:00,20473.0,23803.793443239025,16134.455689618442,21502.99211715285
2023-11-11 20:00:00,19650.0,23066.289764224584,15483.254002545156,20791.379035720754
2023-11-11 21:00:00,19163.0,22784.94043084727,15126.760512815366,20487.486455437695
2023-11-11 22:00:00,19156.0,22784.99265669465,15151.498884635294,20494.944525076844
2023-11-11 23:00:00,19058.0,23190.263897357883,15528.994938348884,20891.883209655185
2023-11-12 00:00:00,19771.0,24231.108823076986,16253.478118660025,21837.819611751896
2023-11-12 01:00:00,21626.0,25654.702861533267,17337.205523930148,23159.45366025233
2023-11-12 02:00:00,23690.0,27205.907106538707,18662.163919721723,24642.784150493608
2023-11-12 03:00:00,25075.0,28076.19633410298,19874.122415451224,25615.57415850745
2023-11-12 04:00:00,24913.0,27703.54177331425,20491.984334179622,25540.074541573857
2023-11-12 05:00:00,24317.0,26840.957610365644,20194.61151741068,24847.053782479157
2023-11-12 06:00:00,23866.0,25997.85775362816,19049.860178682517,23913.458481144466
2023-11-12 07:00:00,23342.0,24587.619802977,17474.034574879326,22453.54423454769
2023-11-12 08:00:00,22583.0,23211.367089982574,15945.21909537853,21031.52269160136
2023-11-12 09:00:00,21563.0,22392.750183541797,14717.375631766272,20090.13781800913
2023-11-12 10:00:00,20952.0,21660.779665748232,13774.568009538596,19294.91616888534
2023-11-12 11:00:00,20385.0,21205.497075290405,13030.51180168494,18753.001493208765
2023-11-12 12:00:00,19929.0,20942.76396859421,12545.028358698612,18423.44328562553
2023-11-12 13:00:00,19658.0,21002.46508739943,12523.756940862651,18458.8526434384
2023-11-12 14:00:00,19600.0,21651.59646205898,13094.378901253032,19084.4311938172
2023-11-12 15:00:00,20022.0,23189.26452802303,14086.949118276932,20458.5699050992
2023-11-12 16:00:00,20392.0,24223.359097370758,15055.82453740047,21473.098729379668
2023-11-12 17:00:00,20382.0,24711.323261262627,15555.157323427971,21964.473479912227
2023-11-12 18:00:00,19689.0,24632.98057438673,15438.666860889793,21874.686460337645
2023-11-12 19:00:00,19329.0,23803.86019127205,14930.598037745993,21141.88154521423
2023-11-12 20:00:00,18751.0,23066.35396127025,14426.936742358032,20474.528795596587
2023-11-12 21:00:00,18147.0,22785.002252205544,14223.944460930625,20216.68491482307
2023-11-12 22:00:00,18470.0,22785.052551504417,14407.187637384388,20271.693077268406
2023-11-12 23:00:00,19493.0,23190.322346960285,14947.182037116214,20717.380254007065
2023-11-13 00:00:00,20364.0,24231.165499807597,15837.103477697816,21712.94689317466
2023-11-13 01:00:00,21990.0,25654.75743176269,17088.121638223773,23084.76669370101
2023-11-13 02:00:00,24036.0,27205.959533517645,18581.11226508615,24618.505352988195
2023-11-13 03:00:00,25635.0,28076.24674251622,19960.72034148341,25641.58882220638
2023-11-13 04:00:00,25381.0,27703.590286755185,20744.72263380412,25615.929990869863
2023-11-13 05:00:00,24800.0,26841.004251641312,20610.862742219248,24971.961798814693
2023-11-13 06:00:00,24276.0,25997.902614683542,19625.8976474403,24086.30112451057
2023-11-13 07:00:00,23532.0,24587.662978942448,18205.06190598245,22672.882657054448
2023-11-13 08:00:00,22389.0,23211.40865412707,16825.409977561907,21295.60905115752
2023-11-13 09:00:00,21127.0,22392.79014543877,15739.923431907908,20396.930131379508
2023-11-13 10:00:00,20977.0,21660.818114979487,14931.744710598898,19642.09609366531
2023-11-13 11:00:00,20482.0,21205.53402478896,14313.735657646586,19137.99451464625
2023-11-13 12:00:00,20153.0,20942.799419187657,13944.939559107735,18843.44146116368
2023-11-13 13:00:00,19913.0,21002.499098500062,14030.30048831678,18910.83951544508
2023-11-13 14:00:00,20184.0,21651.629141917365,14696.893827402097,19565.208547562783
2023-11-13 15:00:00,21683.0,23189.2957248842,15774.263094028312,20964.785935627428
2023-11-13 16:00:00,23645.0,24223.388919464254,16816.352876010886,22001.278106428246
2023-11-13 17:00:00,23999.0,24711.352056587373,17377.005328680105,22511.048038215195
2023-11-13 18:00:00,23817.0,24633.00835513001,17309.73443768151,22436.02617989546
2023-11-13 19:00:00,24173.0,23803.88697612748,16838.685462313122,21714.326521983174
2023-11-13 20:00:00,23870.0,23066.379723828675,16359.850478853048,21054.420950335985
2023-11-13 21:00:00,23808.0,22785.0270548675,16169.601916164713,20800.399513256663
2023-11-13 22:00:00,23536.0,22785.07653859548,16353.719761690983,20855.669505524125
2023-11-13 23:00:00,22745.0,23190.345672128067,16883.03270879046,21298.151783126785
2023-11-14 00:00:00,23033.0,24231.188073234225,17751.12464978522,22287.169046199524
2023-11-14 01:00:00,24705.0,25654.779161508788,18969.663279446424,23649.24439689008
2023-11-14 02:00:00,26144.0,27205.980416546277,20420.106190921204,25170.218148858752
2023-11-14 03:00:00,27276.0,28076.26682400047,21747.757105140317,26177.713908342423
2023-11-14 04:00:00,27266.0,27703.60961124736,22471.120730996052,26133.86294717197
2023-11-14 05:00:00,26831.0,26841.02283312356,22268.729474640382,25469.334825578608
2023-11-14 06:00:00,26315.0,25997.92048764448,21208.181089028487,24560.99866805968
2023-11-14 07:00:00,25175.0,24587.680178567294,19705.593520739327,23123.054181218904
2023-11-14 08:00:00,23673.0,23211.42520878048,18238.93754695898,21719.678910234023
2023-11-14 09:00:00,22445.0,22392.806064102268,17062.134062535246,20793.60446363216
2023-11-14 10:00:00,21625.0,21660.833430446797,16159.277807466768,20010.366743552782
2023-11-14 11:00:00,21362.0,21205.54874659594,15444.185863538249,19477.13988167863
2023-11-14 12:00:00,21203.0,20942.81355301748,14976.84977458141,19153.024419486657
2023-11-14 13:00:00,20993.0,21002.512667435287,14963.145199723547,19190.702427121763
2023-11-14 14:00:00,20748.0,21651.64218351875,15531.053077729232,19815.465451781893
2023-11-14 15:00:00,21947.0,23189.308198384075,16510.987536557484,21185.811999836096
2023-11-14 16:00:00,23897.0,24223.400862041995,17457.72044718142,22193.69673758382
2023-11-14 17:00:00,24735.0,24711.363577301257,17925.8701677463,22675.71555443477
2023-11-14 18:00:00,24805.0,24633.019461949523,17769.66876345374,22574.014252400782
2023-11-14 19:00:00,24553.0,23803.89767881366,17213.915189022504,21826.902931876317
2023-11-14 20:00:00,24323.5,23066.390018430717,16655.185417552857,21143.02863816736
2023-11-14 21:00:00,24094.0,22785.036963972303,16390.361459717635,20866.6343126959
2023-11-14 22:00:00,23227.0,22785.08610926442,16505.654992183423,20901.25677414012
2023-11-14 23:00:00,23770.0,23190.3549540838,16972.245896280423,21324.922236742783
2023-11-15 00:00:00,24295.0,24231.19704289788,17783.987127478715,22297.034068272125
2023-11-15 01:00:00,25416.0,25654.787794534197,18952.73268644921,23644.1712621087
2023-11-15 02:00:00,26728.0,27205.988715179534,20360.044066416445,25152.205320550605
2023-11-15 03:00:00,27780.0,28076.274804855755,21651.24779771252,26148.766702712783
2023-11-15 04:00:00,27251.0,27703.61729063677,22344.792558695062,26095.969871054254
2023-11-15 05:00:00,26481.0,26841.03021806108,22119.07902712714,25424.44486078089
2023-11-15 06:00:00,25663.0,25997.927591199837,21041.501512012605,24510.999767443664
2023-11-15 07:00:00,24996.0,24587.68701391672,19527.90756072203,23069.75317795831
2023-11-15 08:00:00,23925.0,23211.431786951554,18055.9360627411,21664.78306968842
2023-11-15 09:00:00,22993.0,22392.812390202365,16879.120630963862,20738.70486243081
2023-11-15 10:00:00,22279.0,21660.839516647808,15981.119964757692,19956.92365108077
2023-11-15 11:00:00,21635.0,21205.55459799222,15275.27343110592,19426.47024792633
2023-11-15 12:00:00,21330.0,20942.81917346084,14821.06062219967,19106.291608082487
2023-11-15 13:00:00,20941.0,21002.51806592492,14823.818698209248,19148.90825561021
2023-11-15 14:00:00,20800.0,21651.647373326472,15410.971391526224,19779.444578786395
2023-11-15 15:00:00,21883.0,23189.313169166897,16412.36480351934,21156.22865947263
2023-11-15 16:00:00,23754.0,24223.40562680914,17382.199790522638,22171.043875923187
2023-11-15 17:00:00,24954.0,24711.36817059332,17874.528384520083,22660.316234771344
2023-11-15 18:00:00,26062.0,24633.023887860578,17743.028436349483,22566.02525240725
2023-11-15 19:00:00,26658.0,23803.90194191161,17211.96387546172,21826.32052197664
2023-11-15 20:00:00,27139.0,23066.39411910062,16677.401482179564,21149.6963280243
2023-11-15 21:00:00,26774.0,22785.0409105146,16435.74603538128,20880.2524479746
2023-11-15 22:00:00,26155.0,22785.08991727716,16572.76948155905,20921.393786561726
2023-11-15 23:00:00,26003.0,23190.35863990947,17059.254360600313,21351.027356116723
2023-11-16 00:00:00,26418.0,24231.2006007971,17888.702854044634,22328.45127677136
2023-11-16 01:00:00,26479.0,25654.791218485785,19072.66818031506,23680.154307034565
2023-11-16 02:00:00,27181.0,27205.99200710463,20492.46367647057,25191.933507914408
2023-11-16 03:00:00,27789.0,28076.277970946037,21793.222164369712,26191.36122897313
2023-11-16 04:00:00,27281.0,27703.62033694756,22493.254054666588,26140.51045226327
2023-11-16 05:00:00,26553.0,26841.033147809583,22270.87736332209,25469.98641246333
2023-11-16 06:00:00,25853.0,25997.930409380973,21193.458689040795,24556.58889327892
2023-11-16 07:00:00,25103.0,24587.689725516848,19676.87136561425,23114.444217546064
2023-11-16 08:00:00,23863.0,23211.43439627228,18198.83134356612,21707.653480460434
2023-11-16 09:00:00,22861.0,22392.81489972861,17012.99762187812,20778.86971637346
2023-11-16 10:00:00,21958.0,21660.84193095142,16103.198984105464,19993.549046897635
2023-11-16 11:00:00,21457.0,21205.556919483348,15382.985337619732,19458.785444924262
2023-11-16 12:00:00,20950.0,20942.8214041428,14912.082479349776,19133.599726704888
2023-11-16 13:00:00,21064.0,21002.520209315782,14896.104173047072,19170.59539843517
2023-11-16 14:00:00,20995.0,21651.649434197385,15462.775495582842,19794.98725261302
2023-11-16 15:00:00,22022.0,23189.3151451625,16442.262668684172,21165.199402219
2023-11-16 16:00:00,23881.0,24223.407522563302,17389.099263468663,22173.115044834907
2023-11-16 17:00:00,24324.0,24711.369997183,17857.6763151055,22655.26189255974
2023-11-16 18:00:00,24324.0,24633.025647186427,17702.010629821136,22553.72114197684
2023-11-16 19:00:00,24594.0,23803.90363599119,17146.69877197747,21806.74217678708
2023-11-16 20:00:00,24963.0,23066.395748669944,16588.127720133634,21122.91534010905
2023-11-16 21:00:00,25084.0,22785.04247866484,16323.004145311294,20846.430978658776
2023-11-16 22:00:00,25455.0,22785.091429269894,16437.378044443183,20880.77741382188
2023-11-16 23:00:00,25184.0,23190.3601012082,16902.281045906784,21303.936384617773
2023-11-17 00:00:00,24641.0,24231.202010208217,17711.430829431873,22275.270655975317
2023-11-17 01:00:00,25623.0,25654.792574710824,18876.558453686524,23621.32233840353
2023-11-17 02:00:00,26794.0,27205.993311212533,20279.11399256548,25127.929515618416
2023-11-17 03:00:00,27824.0,28076.27922527045,21564.323130583733,26122.692396864437
2023-11-17 04:00:00,27379.0,27703.621543763165,22250.54321400806,26067.69804483663
2023-11-17 05:00:00,26783.0,26841.034308520862,22016.091965646818,25393.55160565865
2023-11-17 06:00:00,26056.0,25997.93152591001,20928.287934044536,24477.038448350373
2023-11-17 07:00:00,25130.0,24587.690799767155,19402.90890398105,23032.25623103132
2023-11-17 08:00:00,23774.0,23211.435429926183,17917.528822159235,21623.2634475961
2023-11-17 09:00:00,22571.0,22392.81589390767,16725.620049780704,20692.65714066958
2023-11-17 10:00:00,22119.0,21660.84288739012,15810.78267600876,19905.824823975712
2023-11-17 11:00:00,21319.0,21205.557839252837,15086.29915722948,19369.780234645827
2023-11-17 12:00:00,21069.0,20942.822288178755,14611.59306577635,19043.453521458032
2023-11-17 13:00:00,20754.0,21002.521058996444,14591.94578080556,19079.348475539176
2023-11-17 14:00:00,20996.0,21651.650251265357,15154.725017531928,19702.572681145324
2023-11-17 15:00:00,22094.0,23189.31592920697,16129.720343133096,21071.437253384807
2023-11-17 16:00:00,23786.0,24223.408275262587,17071.07548952231,22077.708439540504
2023-11-17 17:00:00,24418.0,24711.37072214084,17532.784917974117,22557.794980890823
2023-11-17 18:00:00,24529.0,24633.02634523845,17368.468829216035,22453.65909043172
2023-11-17 19:00:00,24983.0,23803.904307998084,16802.334014677894,21703.433220002025
2023-11-17 20:00:00,24931.0,23066.3963950976,16230.391441792855,21015.59490910617
2023-11-17 21:00:00,24674.0,22785.04310067763,15948.99243004336,20734.22789948735
2023-11-17 22:00:00,24591.0,22785.0920286755,16043.859052228738,20762.722135741467
2023-11-17 23:00:00,24965.0,23190.360679866342,16485.72898193323,21178.97117048641
2023-11-18 00:00:00,25306.0,24231.202567969784,17268.066133748496,22142.2616377034
2023-11-18 01:00:00,25676.0,25654.793111387185,18402.393798877096,23479.07331763416
2023-11-18 02:00:00,26799.0,27205.993827318867,19770.005589844743,24975.197356076627
2023-11-18 03:00:00,27728.0,28076.279721694624,21016.02676352908,25958.20383424496
2023-11-18 04:00:00,27018.0,27703.622021368254,21658.77434532584,25890.167718555527
2023-11-18 05:00:00,26206.0,26841.03476790159,21376.589195415847,25201.701096155863
2023-11-18 06:00:00,25528.0,25997.931967810084,20236.879030516076,24269.61608662188
2023-11-18 07:00:00,24861.0,24587.691224918388,18655.578579893743,22808.05743141099
2023-11-18 08:00:00,23830.0,23211.43583898785,17110.48739176435,21381.1513048208
2023-11-18 09:00:00,22655.0,22392.816287364687,15855.372074717608,20431.58302357056
2023-11-18 10:00:00,21894.0,21660.84326590597,14874.19469271282,19624.84869394802
2023-11-18 11:00:00,21049.0,21205.558203286244,14080.6655742412,19068.09041457273
2023-11-18 12:00:00,20355.0,20942.82263814255,13534.699326961198,18720.38564478814
2023-11-18 13:00:00,20180.0,21002.52139543143,13442.12790990128,18734.403349772383
2023-11-18 14:00:00,20331.0,21651.65057481703,13930.9246899429,19335.43280935479
2023-11-18 15:00:00,20765.0,23189.316239869066,14831.534673282971,20681.98176989324
2023-11-18 16:00:00,21128.0,24223.40857365219,15698.800774592446,21666.026233934263
2023-11-18 17:00:00,21095.0,24711.37100944939,16087.453641964805,22124.19579920401
2023-11-18 18:00:00,22004.0,24633.026621821387,15851.879303761609,21998.68242640345
2023-11-18 19:00:00,22806.0,23803.90457421442,15217.072113976155,21227.854836142946
2023-11-18 20:00:00,23495.0,23066.39665118388,14579.843978072637,20520.430849250508
2023-11-18 21:00:00,23913.0,22785.043347076644,14237.35181094451,20220.735886237
2023-11-18 22:00:00,23603.0,22785.092266019823,14276.118963051202,20232.40027512924
2023-11-18 23:00:00,23406.0,23190.36090880081,14667.670939850424,20633.553918115693
2023-11-19 00:00:00,23065.0,24231.20278853225,15406.236870178003,21583.71301302597
2023-11-19 01:00:00,23431.0,25654.793323600497,16504.07353524954,22909.57738709521
2023-11-19 02:00:00,24088.0,27205.99403141436,17843.167382553285,24397.146036756032
2023-11-19 03:00:00,25635.0,28076.27991801271,19069.287202255797,25374.18210328563
2023-11-19 04:00:00,25097.0,27703.62221023911,19701.33599717244,25302.936346319108
2023-11-19 05:00:00,24639.0,26841.03494957205,19418.17528747191,24614.17705094201
2023-11-19 06:00:00,24208.0,25997.932142569178,18287.66096432516,23684.850789095974
2023-11-19 07:00:00,23766.0,24587.69139304907,16726.096961177514,22229.2130634876
2023-11-19 08:00:00,22719.0,23211.436000748883,15211.567342977758,20811.475403417546
2023-11-19 09:00:00,21771.0,22392.81644296012,13998.033675841018,19874.381612824385
2023-11-19 10:00:00,21004.0,21660.843415591306,13069.55945882502,19083.458228561416
2023-11-19 11:00:00,20634.0,21205.558347253314,12339.859937312694,18545.84882427113
2023-11-19 12:00:00,20279.0,20942.82277656735,11868.756133448323,18220.602783631643
2023-11-19 13:00:00,19902.0,21002.52152852644,11861.886978039547,18260.33116338037
2023-11-19 14:00:00,19705.0,21651.650702824285,12446.933493690633,18890.235540084188
2023-11-19 15:00:00,19938.0,23189.316362832906,13453.950227452431,20268.70652221876
2023-11-19 16:00:00,20407.0,24223.40869180254,14437.293792426375,21287.57422198969
2023-11-19 17:00:00,20267.0,24711.37112318708,14951.11602012045,21783.29459226709
2023-11-19 18:00:00,20597.0,24633.026731294387,14849.1359608337,21697.85950015618
2023-11-19 19:00:00,20548.0,23803.904679570205,14355.598167390235,20969.41272591621
2023-11-19 20:00:00,20467.0,23066.396752531626,13866.488192060446,20306.42418439027
2023-11-19 21:00:00,20179.0,22785.04344458605,13678.067184079153,20052.95056643398
2023-11-19 22:00:00,20223.0,22785.09235991624,13875.901249490184,20112.335026788423
2023-11-19 23:00:00,19524.0,23190.36099931193,14430.50581491538,20562.404443992964
2023-11-20 00:00:00,19512.0,24231.202875702056,15335.056358311982,21562.358920485032
2023-11-20 01:00:00,21403.0,25654.79340746724,16600.722218232288,22938.57205069675
2023-11-20 02:00:00,23891.0,27205.99411207773,18108.378799752587,24476.709518380183
2023-11-20 03:00:00,25418.0,28076.27999560405,19502.67074381045,25504.197220065973
2023-11-20 04:00:00,25404.0,27703.622284885583,20301.374473764463,25482.94794154925
2023-11-20 05:00:00,25018.0,26841.0350213747,20182.23324590804,24843.394488734702
2023-11-20 06:00:00,24472.0,25997.932211640706,19212.003696271568,23962.15365702996
2023-11-20 07:00:00,23935.0,24587.69145949938,17805.92003585452,22553.16003240592
2023-11-20 08:00:00,22810.0,23211.436064679656,16441.03637808382,21180.3161587009
2023-11-20 09:00:00,21893.0,22392.816504455688,15370.333945603046,20286.07173679989
2023-11-20 10:00:00,21501.0,21660.84347475059,14576.954832126989,19535.676881963507
2023-11-20 11:00:00,21006.0,21205.558404155265,13973.760533067392,19036.019042828902
2023-11-20 12:00:00,20915.0,20942.82283128534,13619.793985027409,18745.91417740796
2023-11-20 13:00:00,20604.0,21002.521581144025,13719.998911298824,18817.764780190464
2023-11-20 14:00:00,20990.0,21651.65075343316,14401.450343095055,19476.590630331728
2023-11-20 15:00:00,22244.0,23189.31641146464,15493.691446461004,20880.628921963547
2023-11-20 16:00:00,23263.0,24223.408738543763,16550.666457081286,21921.58605410502
2023-11-20 17:00:00,23930.0,24711.371168175134,17126.21717710123,22435.82497085296
2023-11-20 18:00:00,24300.0,24633.026774589973,17073.857238533863,22365.27591377314
2023-11-20 19:00:00,23944.0,23803.904721233263,16617.731546334126,21648.05276876352
2023-11-20 20:00:00,23271.0,23066.396792609983,16153.83182164016,20992.62730131904
2023-11-20 21:00:00,22444.0,22785.043483145164,15978.530137676786,20743.089479504648
2023-11-20 22:00:00,22187.0,22785.092397037733,16177.606125531762,20802.84651558594
2023-11-20 23:00:00,22661.0,23190.361035077603,16721.888121530075,21249.819161013344
2023-11-21 00:00:00,23259.0,24231.202910138,17604.959660387725,22243.329935212914
2023-11-21 01:00:00,24301.0,25654.793440597317,18838.488078621645,23609.901832004613
2023-11-21 02:00:00,26361.0,27205.99414394381,20303.93061052339,25135.375083917686
2023-11-21 03:00:00,27952.0,28076.280026257067,21646.59061758445,26147.373203655283
2023-11-21 04:00:00,27528.0,27703.62231437476,22384.97244864911,26108.02735465706
2023-11-21 05:00:00,26928.0,26841.035049741004,22197.608149275795,25448.00697960144
2023-11-21 06:00:00,26306.0,25997.93223892821,21152.09511125331,24544.18110062573
2023-11-21 07:00:00,25573.0,24587.69148575091,19664.550919434823,23110.749315856083
2023-11-21 08:00:00,24241.0,23211.43608993521,18212.94598872763,21711.88905957294
2023-11-21 09:00:00,23138.0,22392.816528749696,17051.2008512239,20790.33182549196
2023-11-21 10:00:00,22472.0,21660.843498121507,16163.409883572884,20011.61341375692
2023-11-21 11:00:00,21634.0,21205.558426635216,15463.389803764683,19482.907839774056
2023-11-21 12:00:00,21198.0,20942.822852904457,15011.131791299837,19163.31553442307
2023-11-21 13:00:00,21026.0,21002.5216019352,15012.51114051484,19205.51846350909
2023-11-21 14:00:00,21446.0,21651.650773431425,15595.50842489692,19834.80806887107
2023-11-21 15:00:00,22724.0,23189.316430686667,16590.53740666702,21209.68272348077
2023-11-21 16:00:00,24308.0,24223.40875702252,17552.369590613478,22222.097007099805
2023-11-21 17:00:00,24573.0,24711.37118595854,18035.622968243108,22708.646720643905
2023-11-21 18:00:00,25010.0,24633.02679170268,17894.529237710733,22611.47752550509
2023-11-21 19:00:00,24544.0,23803.90473769945,17353.886986259346,21868.899412267416
2023-11-21 20:00:00,24358.0,23066.396808449943,16810.271819148114,21189.559311659392
2023-11-21 21:00:00,24025.0,22785.043498384275,16560.5653786629,20917.700062467866
2023-11-21 22:00:00,23972.0,22785.09241170601,16690.9789729329,20956.858380074074
2023-11-21 23:00:00,24731.0,23190.3610492049,17172.692114201403,21385.06036870385
2023-11-22 00:00:00,25373.0,24231.20292373723,17999.55738850792,22361.709263168435
2023-11-22 01:00:00,25715.0,25654.793453680544,19183.428426956096,23713.383945663205
2023-11-22 02:00:00,27034.0,27205.994156528315,20605.86635251729,25225.955815325004
2023-11-22 03:00:00,28028.0,28076.280038362667,21912.19732518845,26227.0552244104
2023-11-22 04:00:00,27635.0,27703.622326020595,22620.869652606256,26178.79652399629
2023-11-22 05:00:00,27004.0,26841.035060943577,22410.283641529008,25511.809635119207
2023-11-22 06:00:00,26376.0,25997.932249704776,21347.833229655767,24602.902543690077
2023-11-22 07:00:00,25657.0,24587.691496118223,19849.365592771654,23166.19372511425
2023-11-22 08:00:00,24340.0,23211.43609990901,18392.519248496006,21765.76104448511
2023-11-22 09:00:00,23102.0,22392.8165383439,17230.82743765712,20844.219808137863
2023-11-22 10:00:00,22607.0,21660.843507351125,16347.948487219674,20066.975001311686
2023-11-22 11:00:00,22247.0,21205.55843551321,15657.221391627156,19541.05732234739
2023-11-22 12:00:00,21648.0,20942.82286144308,15218.125370247555,19225.41361408442
2023-11-22 13:00:00,21432.0,21002.521610147392,15235.997210250029,19272.564290178183
2023-11-22 14:00:00,21535.0,21651.650781330667,15838.260270817926,19907.633628176845
2023-11-22 15:00:00,22787.0,23189.316438280817,16854.760279925078,21288.949590774093
2023-11-22 16:00:00,24226.0,24223.40876432421,17839.697720356708,22308.29545113396
2023-11-22 17:00:00,24496.0,24711.3711929848,18347.12425035261,22802.09711019514
2023-11-22 18:00:00,24864.0,24633.02679846344,18230.717346890728,22712.333962991623
2023-11-22 19:00:00,24719.0,23803.904744204403,17714.74056541163,21977.15549056657
2023-11-22 20:00:00,23907.0,23066.396814707536,17195.26031211248,21305.055863929018
2023-11-22 21:00:00,23109.0,22785.04350440438,16968.680991601515,21040.13475056352
2023-11-22 22:00:00,23165.0,22785.092417499804,17120.77417605187,21085.796945065424
2023-11-22 23:00:00,23486.0,23190.36105478345,17622.32203088923,21519.949347615184
2023-11-23 00:00:00,24689.0,24231.20292910641,18466.82636315188,22501.889959320048
2023-11-23 01:00:00,25775.0,25654.793458845907,19665.8400166771,23858.107426195264
2023-11-23 02:00:00,26866.0,27205.994161496907,21100.675953889306,25374.398699214624
2023-11-23 03:00:00,27706.0,28076.28004314223,22416.46662197934,26378.33601679336
2023-11-23 04:00:00,27172.0,27703.622330618597,23131.522056889,26331.99224849971
2023-11-23 05:00:00,26446.0,26841.035065366617,22924.159899911283,25665.972515730016
2023-11-23 06:00:00,25802.0,25997.932253959632,21861.74637490493,24757.07649024322
2023-11-23 07:00:00,25217.0,24587.69150021146,20360.154441065948,23319.430382467803
2023-11-23 08:00:00,24046.0,23211.43610384682,18897.099674179284,21917.13517494656
2023-11-23 09:00:00,22818.0,22392.816542131884,17726.24069855587,20992.84378905908
2023-11-23 10:00:00,22016.0,21660.84351099515,16831.405923125265,20212.01223463418
2023-11-23 11:00:00,21089.0,21205.55843901848,16126.144880706584,19681.73437152491
2023-11-23 12:00:00,20605.0,20942.82286481453,15670.18299373762,19361.030903491457
2023-11-23 13:00:00,19946.0,21002.52161339013,15669.133651500326,19402.505224823188
2023-11-23 14:00:00,20033.0,21651.650784449903,16250.721556593006,20031.37201609283
2023-11-23 15:00:00,20263.0,23189.316441280032,17245.1125565057,21406.05527584773
2023-11-23 16:00:00,20794.0,24223.40876720827,18206.839848198622,22418.438091505377
2023-11-23 17:00:00,20739.0,24711.37119575987,18690.294092992823,22905.048064929757
2023-11-23 18:00:00,20259.0,24633.0268011335,18549.49172317376,22807.96627774557
2023-11-23 19:00:00,20165.0,23803.904746773325,18009.02892944325,22065.4420015743
2023-11-23 20:00:00,19913.0,23066.39681717878,17465.292316837516,21386.0654670764
2023-11-23 21:00:00,19289.0,22785.0435067818,17214.98818305837,21114.026909664768
2023-11-23 22:00:00,19644.0,22785.09241978761,17344.166151881655,21152.81453941582
2023-11-23 23:00:00,21087.0,23190.36105698579,17823.85747873588,21580.409983510814
2023-11-24 00:00:00,21240.0,24231.20293122584,18647.779470607387,22556.1758930403
2023-11-24 01:00:00,21635.0,25654.79346088485,19827.66281368488,23906.654266724858
2023-11-24 02:00:00,22923.0,27205.99416345822,21244.957209563,25417.683077289654
2023-11-24 03:00:00,23717.0,28076.28004502894,22544.88797075456,26416.862422746624
2023-11-24 04:00:00,23025.0,27703.622332433617,23245.81207177016,26366.279254234574
2023-11-24 05:00:00,22663.0,26841.0350671126,23026.04686395277,25696.53860616465
2023-11-24 06:00:00,22411.0,25997.932255639225,21952.910524626623,24784.42573633544
2023-11-24 07:00:00,22650.0,24587.69150182724,20442.180467710365,23344.03819159217
2023-11-24 08:00:00,22178.0,23211.43610540123,18971.43026932477,21939.43435457829
2023-11-24 09:00:00,21426.0,22392.816543627167,17794.13192040587,21013.21115666078
2023-11-24 10:00:00,20922.0,21660.8435124336,16893.885140201943,20230.7560007641
2023-11-24 11:00:00,20320.0,21205.558440402183,16183.972015529824,19699.082512940477
2023-11-24 12:00:00,20088.0,20942.82286614546,15723.81574952932,19377.120731160616
2023-11-24 13:00:00,19705.0,21002.5216146703,15718.69735249609,19417.374336018034
2023-11-24 14:00:00,19947.0,21651.650785681337,16295.984171219046,20044.95080134265
2023-11-24 15:00:00,20637.0,23189.31644246422,17285.4654048207,21418.161131171164
2023-11-24 16:00:00,21507.0,24223.408768347104,18241.28441756888,22428.771463113637
2023-11-24 17:00:00,21517.0,24711.371196855605,18717.435303491377,22913.190428846337
2023-11-24 18:00:00,21289.0,24633.026802187724,18567.537896617232,22813.380130516576
2023-11-24 19:00:00,20390.0,23803.904747787583,18015.79862196088,22067.47291003957
2023-11-24 20:00:00,19933.0,23066.396818154477,17458.228081101937,21383.946197038716
2023-11-24 21:00:00,19570.0,22785.043507720435,17191.177228124056,21106.88362384152
2023-11-24 22:00:00,19258.0,22785.092420690795,17300.367770889643,21139.675025750446
2023-11-24 23:00:00,19690.0,23190.36105785509,17756.537018566396,21560.21384606848
2023-11-25 00:00:00,20577.0,24231.20293206234,18553.148521809308,22527.78660898643
2023-11-25 01:00:00,21777.0,25654.79346168958,19701.725208398857,23868.87298570236
2023-11-25 02:00:00,23796.0,27205.99416423232,21083.560328129846,25369.26401340158
2023-11-25 03:00:00,25334.0,28076.2800457736,22343.778775394632,26356.529664659905
2023-11-25 04:00:00,25244.0,27703.62233314998,23000.697213880398,26292.7447973691
2023-11-25 05:00:00,24863.0,26841.035067801717,22732.656142581305,25608.52139023559
2023-11-25 06:00:00,24543.0,25997.93225630214,21607.06291757252,24680.67145468325
2023-11-25 07:00:00,24219.0,24587.691502464968,20039.85190811909,23223.339624161203
2023-11-25 08:00:00,23109.0,23211.436106014728,18508.822303019107,21800.65196511604
2023-11-25 09:00:00,21984.0,22392.81654421733,17267.74035204535,20855.293686565736
2023-11-25 10:00:00,21334.0,21660.84351300133,16300.567760987044,20052.760787397045
2023-11-25 11:00:00,20588.0,21205.55844094832,15521.014500810756,19500.19525890705
2023-11-25 12:00:00,19952.0,20942.82286667078,14988.994822295012,19156.67445335805
2023-11-25 13:00:00,19794.0,21002.5216151756,14910.340328232449,19174.86722909265
2023-11-25 14:00:00,19862.0,21651.650786167407,15413.0240299894,19780.062759314
2023-11-25 15:00:00,20382.0,23189.31644293168,16327.49057892388,21130.76868372934
2023-11-25 16:00:00,21045.0,24223.408768796693,17208.582535549816,22118.96089882263
2023-11-25 17:00:00,21086.0,24711.37119728816,17611.030194518265,22581.268896457197
2023-11-25 18:00:00,20864.0,24633.02680260388,17389.21923151947,22459.88453127856
2023-11-25 19:00:00,20423.0,23803.904748187957,16768.14364855203,21693.17641829717
2023-11-25 20:00:00,19954.0,23066.396818539622,16144.614999858088,20989.86227293516
2023-11-25 21:00:00,19344.0,22785.043508090952,15815.789849889974,20694.26741063066
2023-11-25 22:00:00,19699.0,22785.09242104729,15868.19119941784,20710.02205455846
2023-11-25 23:00:00,19982.0,23190.36105819817,16273.344204993748,21115.256002236845
2023-11-26 00:00:00,20341.0,24231.202932392454,17025.477647350097,22069.485346879752
2023-11-26 01:00:00,20953.0,25654.793462007157,18136.84796042817,23399.409811533456
2023-11-26 02:00:00,23441.0,27205.994164537813,19489.44124513808,24891.02828871789
2023-11-26 03:00:00,25086.0,28076.28004606747,20729.025946255893,25872.103816124
2023-11-26 04:00:00,25236.0,27703.62233343269,21374.50472156154,25804.887049871344
2023-11-26 05:00:00,24940.0,26841.035068073663,21104.738747366955,25120.14617186165
2023-11-26 06:00:00,24610.0,25997.93225656376,19987.58357185193,24194.827651150204
2023-11-26 07:00:00,24175.0,24587.69150271664,18439.34278603016,22743.186887710694
2023-11-26 08:00:00,23265.0,23211.43610625684,16938.100113791963,21329.43530851737
2023-11-26 09:00:00,22167.0,22392.816544450237,15737.8167807583,20396.31661534265
2023-11-26 10:00:00,21516.0,21660.843513225387,14822.5559465348,19609.35724321821
2023-11-26 11:00:00,20891.0,21205.558441163845,14106.032517915392,19075.70066418931
2023-11-26 12:00:00,20416.0,20942.822866878098,13648.0671794423,18754.39616064736
2023-11-26 13:00:00,20239.0,21002.521615375023,13654.298525240058,18798.05468833453
2023-11-26 14:00:00,20197.0,21651.65078635924,14252.407242250136,19431.87772312651
2023-11-26 15:00:00,20422.0,23189.316443116182,15272.447542730552,20814.25577300049
2023-11-26 16:00:00,20979.0,24223.408768974157,16268.775706048316,21837.0188500964
2023-11-26 17:00:00,21279.0,24711.37119745889,16795.54323098252,22336.62280751598
2023-11-26 18:00:00,21683.0,24633.02680276813,16706.468836054035,22255.059412753904
2023-11-26 19:00:00,21002.0,23803.904748345973,16225.796743369934,21530.472346853163
2023-11-26 20:00:00,20729.0,23066.396818691635,15749.512175497444,20871.331425733377
2023-11-26 21:00:00,20297.0,22785.043508237188,15573.875953034632,20621.69324167642
2023-11-26 22:00:00,20046.0,22785.092421187997,15784.4538543832,20684.900851146554
2023-11-26 23:00:00,19964.0,23190.361058333565,16351.76097965726,21138.781034730677
2023-11-27 00:00:00,20564.0,24231.202932522723,17268.97248133223,22142.53379716557
2023-11-27 01:00:00,21933.0,25654.79346213247,18547.257373583005,23522.53263556763
2023-11-27 02:00:00,23997.0,27205.99416465836,20067.49073819463,25064.44313671924
2023-11-27 03:00:00,25980.0,28076.280046183438,21474.316893958367,26095.691100515916
2023-11-27 04:00:00,26016.0,27703.622333544245,22285.51194316849,26078.18921643152
2023-11-27 05:00:00,25794.0,26841.035068180983,22178.81882218117,25442.37019438104
2023-11-27 06:00:00,25379.0,25997.93225666699,21220.99384827824,24564.850734150365
2023-11-27 07:00:00,24735.0,24587.691502815956,19827.270914825654,23159.565326418862
2023-11-27 08:00:00,23507.0,23211.436106352376,18474.70381878909,21790.41642008339
2023-11-27 09:00:00,22298.0,22392.81654454214,17416.27346751595,20899.85362143428
2023-11-27 10:00:00,21676.0,21660.8435133138,16635.121640662663,20153.126951518458
2023-11-27 11:00:00,21409.0,21205.558441248893,16044.10952070156,19657.12376508469
2023-11-27 12:00:00,21222.0,20942.82286695991,15702.279732563478,19370.65992664098
2023-11-27 13:00:00,21221.0,21002.52161545372,15814.575689069106,19446.137837538336
2023-11-27 14:00:00,21472.0,21651.650786434944,16508.072112194015,20108.577184162663
2023-11-27 15:00:00,22915.0,23189.316443189,17612.311859971363,21516.215068223708
2023-11-27 16:00:00,25102.0,24223.408769044192,18681.23886133569,22560.75779673164
2023-11-27 17:00:00,26034.0,24711.37119752627,19268.694612977088,23078.568222161517
2023-11-27 18:00:00,25183.0,24633.02680283296,19228.192442676143,23011.57649478591
2023-11-27 19:00:00,24335.0,23803.90474840833,18783.876952427912,22297.896409614208
2023-11-27 20:00:00,23689.0,23066.396818751626,18331.73956179957,21645.999641666007
2023-11-27 21:00:00,23862.0,22785.043508294897,18168.15204366403,21399.976068905635
2023-11-27 22:00:00,24261.0,22785.09242124352,18378.89373003814,21463.232813881903
2023-11-27 23:00:00,24483.0,23190.36105838699,18934.7926596823,21913.69053877558
2023-11-28 00:00:00,24729.0,24231.202932574124,19829.43207086388,22910.67167406105
2023-11-28 01:00:00,24976.0,25654.79346218192,21074.47900512255,24280.699125064104
2023-11-28 02:00:00,26660.0,27205.994164705928,22551.39040309817,25809.6130362236
2023-11-28 03:00:00,28407.0,28076.280046229196,23905.46933402168,26825.036832566937
2023-11-28 04:00:00,28253.0,27703.622333588264,24655.219855834013,26789.101590261987
2023-11-28 05:00:00,27830.0,26841.03506822333,24479.17372454973,26132.47666512125
2023-11-28 06:00:00,27227.0,25997.932256707725,23444.928043889,25232.030992862103
2023-11-28 07:00:00,26341.0,24587.69150285514,21968.60011198653,23801.964085594554
2023-11-28 08:00:00,25126.0,23211.436106390072,20528.16005846157,22406.45329201152
2023-11-28 09:00:00,23715.0,22392.816544578403,19377.52813153352,21488.230020664934
2023-11-28 10:00:00,23137.0,21660.84351334869,18500.798425464185,20712.82998698333
2023-11-28 11:00:00,22383.0,21205.558441282454,17811.787377242195,20187.42712207037
2023-11-28 12:00:00,22016.0,20942.822866992192,17370.48588687686,19871.12177295759
2023-11-28 13:00:00,21793.0,21002.521615484773,17382.76897065843,19916.59582203687
2023-11-28 14:00:00,22137.0,21651.650786464816,17976.616925517086,20549.140628180496
2023-11-28 15:00:00,23542.0,23189.316443217733,18982.443238577875,21927.25448182577
2023-11-28 16:00:00,25702.0,24223.40876907183,19955.01914105837,22942.89188066779
2023-11-28 17:00:00,26557.0,24711.37119755286,20448.962352418414,23432.648544012525
2023-11-28 18:00:00,25606.0,24633.02680285853,20318.50430023271,23338.670052070785
2023-11-28 19:00:00,24768.0,23803.904748432946,19788.443302731564,22599.26631472253
2023-11-28 20:00:00,24288.0,23066.396818775294,19255.35469768535,21923.084182448318
2023-11-28 21:00:00,23484.0,22785.04350831767,19016.119861450523,21654.366414257525
2023-11-28 22:00:00,23510.0,22785.092421265424,19156.94983773331,21696.649646205788
2023-11-28 23:00:00,23820.0,23190.361058408067,19649.023875950315,22127.95990367074
2023-11-29 00:00:00,24007.0,24231.20293259441,20486.19430099557,23107.700343114757
2023-11-29 01:00:00,24773.0,25654.79346220143,21680.31448419301,24462.4497687989
2023-11-29 02:00:00,26576.0,27205.994164724696,23112.94529048006,25978.079502451303
2023-11-29 03:00:00,28305.0,28076.280046247248,24429.412623324824,26982.21981937052
2023-11-29 04:00:00,28241.0,27703.622333605632,25148.1645356953,26936.98499423253
2023-11-29 05:00:00,27760.0,26841.03506824004,24947.60108090524,26273.0048720396
2023-11-29 06:00:00,27123.0,25997.9322567238,23895.115945143687,25367.087363249764
2023-11-29 07:00:00,26423.0,24587.691502870603,22406.556054287103,23933.35086829555
2023-11-29 08:00:00,25115.0,23211.436106404948,20959.55967738696,22535.873177699552
2023-11-29 09:00:00,23784.0,22392.81654459271,19807.65980885592,21617.269523871677
2023-11-29 10:00:00,22943.0,21660.84351336245,18934.51453057197,20842.944818525302
2023-11-29 11:00:00,22339.0,21205.558441295696,18253.462593649598,20319.929687001862
2023-11-29 12:00:00,21829.0,20942.82286700493,17823.9829758159,20007.17089964822
2023-11-29 13:00:00,21611.0,21002.521615497026,17851.412224300075,20057.18879813794
2023-11-29 14:00:00,21867.0,21651.650786476603,18463.173460000013,20695.107588533625
2023-11-29 15:00:00,23110.0,23189.31644322907,19489.11217437252,22079.255162572103
2023-11-29 16:00:00,25142.0,24223.408769082736,20483.428615360943,23101.4147229662
2023-11-29 17:00:00,26405.0,24711.371197563352,21000.17420810455,23598.012100725708
2023-11-29 18:00:00,26615.0,24633.026802868622,20893.02619820521,23511.0266214696
2023-11-29 19:00:00,26257.0,23803.90474844265,20386.2479115007,22778.607697360065
2023-11-29 20:00:00,26045.0,23066.39681878464,19875.905526290542,22109.24943103641
2023-11-29 21:00:00,25754.0,22785.043508326657,19658.40322107468,21847.051422151064
2023-11-29 22:00:00,25767.0,22785.09242127407,19819.51234367491,21895.41839799432
2023-11-29 23:00:00,25608.0,23190.361058416383,20330.01483693177,22332.257191970995
2023-11-30 00:00:00,25041.0,24231.20293260241,21183.41228710824,23316.865738954155
2023-11-30 01:00:00,25071.0,25654.793462209127,22391.25731900813,24675.73261924883
2023-11-30 02:00:00,26798.0,27205.9941647321,23834.86267789384,26194.65471868062
2023-11-30 03:00:00,28470.0,28076.28004625437,25159.36059552409,27201.204211035285
2023-11-30 04:00:00,28250.0,27703.62233361249,25883.06089427096,27157.453901810022
2023-11-30 05:00:00,27716.0,26841.03506824663,25684.28100366827,26494.00884887312
2023-11-30 06:00:00,27107.0,25997.93225673014,24630.386937654366,25587.668661007407
2023-11-30 07:00:00,26322.0,24587.691502876703,23137.25144731483,24152.55948620814
2023-11-30 08:00:00,25044.0,23211.436106410816,21682.589902271386,22752.782245168983
2023-11-30 09:00:00,23527.0,22392.81654459836,20520.060722219645,21830.989797884744
2023-11-30 10:00:00,23147.0,21660.843513367883,19633.49211376863,21052.638093488105
2023-11-30 11:00:00,22645.0,21205.55844130092,18936.43340900226,20524.82093161132
2023-11-30 12:00:00,22476.0,20942.822867009952,18488.60983155312,20206.5589563729
2023-11-30 13:00:00,21907.0,21002.52161550186,18495.63457382224,20250.45550299797
2023-11-30 14:00:00,22031.0,21651.65078648125,19085.23214334257,20881.72519353965
2023-11-30 15:00:00,23115.0,23189.316443233543,20087.56819451027,22258.79196861656
2023-11-30 16:00:00,25042.0,24223.40876908704,21057.175733052343,23273.538858276628
2023-11-30 17:00:00,26331.0,24711.37119756749,21548.445230973244,23762.493407589216
2023-11-30 18:00:00,26158.0,24633.02680287261,21415.39293316162,23667.73664195931
2023-11-30 19:00:00,25533.0,23803.904748446483,20882.614844891817,22927.51777738008
2023-11-30 20:00:00,25613.0,23066.39681878833,20346.49738755985,22250.426989419782
2023-11-30 21:00:00,25806.0,22785.043508330204,20103.746677358944,21980.654459038826
2023-11-30 22:00:00,26137.0,22785.09242127748,20240.41215837272,22021.68834240605
2023-11-30 23:00:00,26079.0,23190.361058419665,20727.52490831682,22451.51021338881
2023-12-01 00:00:00,25466.0,24231.202932605564,21558.8020584388,23429.48267035553
2023-12-01 01:00:00,25722.0,25654.793462212165,22745.974121116305,24782.147659883405
2023-12-01 02:00:00,27021.0,27205.99416473502,24170.490626161343,26295.343103162915
2023-12-01 03:00:00,28490.0,28076.280046257183,25477.576716211857,27296.669047243584
2023-12-01 04:00:00,28344.0,27703.62233361519,26185.589197934285,27248.212392910915
2023-12-01 05:00:00,28011.0,26841.03506824923,25972.845256801997,26580.57812481506
2023-12-01 06:00:00,27310.0,25997.93225673264,24906.662906273337,25670.551451594845
2023-12-01 07:00:00,26485.0,24587.69150287911,23402.819398375905,24232.229871528147
2023-12-01 08:00:00,25303.0,23211.43610641313,21938.88814937696,22829.67171930228
2023-12-01 09:00:00,23832.0,22392.816544600584,20768.3409923544,21905.47387892673
2023-12-01 10:00:00,22740.0,21660.843513370022,19874.777490716955,21125.023706574106
2023-12-01 11:00:00,22529.0,21205.558441302983,19171.479577475333,20595.334782154685
2023-12-01 12:00:00,21995.0,20942.82286701193,18717.870303984622,20275.33709810374
2023-12-01 13:00:00,22016.0,21002.521615503767,18719.23053081005,20317.534290095653
2023-12-01 14:00:00,21752.0,21651.65078648309,19302.92745700765,20947.03378764045
2023-12-01 15:00:00,22768.0,23189.316443235308,20298.75013606814,22322.14655108516
2023-12-01 16:00:00,24794.0,24223.40876908874,21260.84178864362,23334.6386749552
2023-12-01 17:00:00,25685.0,24711.37119756913,21743.19636721279,23820.918748462223
2023-12-01 18:00:00,26195.0,24633.02680287418,21599.43356631508,23722.94883190645
2023-12-01 19:00:00,25228.0,23803.904748447992,21053.759673572724,22978.861225985413
2023-12-01 20:00:00,24983.0,23066.39681878978,20502.18515520672,22297.13331971486
2023-12-01 21:00:00,24495.0,22785.043508331604,20241.060832026204,22021.84870543998
2023-12-01 22:00:00,24651.0,22785.092421278827,20356.108280724256,22056.397179112457
2023-12-01 23:00:00,24642.0,23190.36105842096,20818.06468136325,22478.672145303644
2023-12-02 00:00:00,24472.0,24231.202932606808,21620.393457554503,23447.96009009112
2023-12-02 01:00:00,24925.0,25654.79346221336,22774.617412314223,24790.74064724362
2023-12-02 02:00:00,26147.0,27205.99416473617,24162.029672515066,26292.80481706984
2023-12-02 03:00:00,27590.0,28076.280046258293,25427.75501186865,27281.7225359414
2023-12-02 04:00:00,27318.0,27703.62233361625,26090.109975481224,27219.568626175744
2023-12-02 05:00:00,26804.0,26841.035068250258,25827.434945907276,26536.95503154736
2023-12-02 06:00:00,26309.0,25997.932256733628,24707.13716485311,25610.69372916947
2023-12-02 07:00:00,25793.0,24587.69150288006,23145.1508893694,24154.92931882686
2023-12-02 08:00:00,24736.0,23211.436106414043,21619.27519815367,22733.78783393593
2023-12-02 09:00:00,23493.0,22392.816544601465,20383.27623303471,21789.95445113144
2023-12-02 10:00:00,22660.0,21660.84351337087,19421.115593943345,20988.92513754261
2023-12-02 11:00:00,21976.0,21205.5584413038,18646.50314818624,20437.84185336853
2023-12-02 12:00:00,21346.0,20942.82286701272,18119.35304500496,20095.781920410387
2023-12-02 13:00:00,20997.0,21002.52161550452,18045.49678779893,20115.41416719284
2023-12-02 14:00:00,20971.0,21651.65078648381,18552.90729069896,20722.027737748354
2023-12-02 15:00:00,21490.0,23189.316443236003,19472.02910997733,22074.1302432584
2023-12-02 16:00:00,22388.0,24223.40876908941,20357.704713235107,23063.69755233312
2023-12-02 17:00:00,22608.0,24711.37119756977,20764.664304353428,23527.359129604865
2023-12-02 18:00:00,22811.0,24633.0268028748,20547.293470440207,23407.30680314442
2023-12-02 19:00:00,23045.0,23803.90474844859,19930.58612707566,22641.909162036707
2023-12-02 20:00:00,23045.0,23066.39681879036,19311.35374426661,21939.88389643323
2023-12-02 21:00:00,21284.0,22785.04350833216,18986.75280436408,21645.55629714173
2023-12-02 22:00:00,20984.0,22785.09242127936,19043.306228287885,21662.556563381917
2023-12-02 23:00:00,21120.0,23190.36105842147,19452.5390948514,22069.014469350448
2023-12-03 00:00:00,21019.0,24231.2029326073,20208.680109287063,23024.446085611227
2023-12-03 01:00:00,22460.0,25654.793462213835,21323.98563219612,24355.55111320852
2023-12-03 02:00:00,24207.0,27205.99416473663,22680.441693349887,25848.328423320603
2023-12-03 03:00:00,25845.0,28076.28004625873,23923.816668582105,26830.541032955734
2023-12-03 04:00:00,25791.0,27703.62233361668,24573.01314891436,26764.43957820598
2023-12-03 05:00:00,25208.0,26841.03506825066,24306.89224617309,26080.792221627387
2023-12-03 06:00:00,24725.0,25997.932256734017,23193.30944605595,25156.545413530595
2023-12-03 07:00:00,24436.0,24587.69150288044,21648.568279568808,23705.954535886944
2023-12-03 08:00:00,23856.0,23211.436106414403,20150.7524126133,22293.23099827407
2023-12-03 09:00:00,22777.0,22392.81654460181,18953.82301518409,21361.118485776493
2023-12-03 10:00:00,21821.0,21660.843513371205,18041.843193141944,20575.143417302424
2023-12-03 11:00:00,21160.0,21205.55844130412,17328.52780220838,20042.449249575395
2023-12-03 12:00:00,20485.0,20942.822867013027,16873.697477763453,19722.085250238157
2023-12-03 13:00:00,20334.0,21002.52161550482,16882.990767077514,19766.662360976625
2023-12-03 14:00:00,20330.0,21651.650786484097,17484.088312447137,20401.382044273007
2023-12-03 15:00:00,20641.0,23189.31644323628,18507.044283703588,21784.63479537647
2023-12-03 16:00:00,21275.0,24223.408769089678,19506.214920026432,22808.2506143707
2023-12-03 17:00:00,21462.0,24711.371197570024,20035.751682205533,23308.685342960674
2023-12-03 18:00:00,21175.0,24633.026802875043,19949.37325302894,23227.93073792121
2023-12-03 19:00:00,20521.0,23803.904748448826,19471.323821084003,22504.13047023938
2023-12-03 20:00:00,20521.0,23066.39681879058,18997.588577665618,21845.75434645309
2023-12-03 21:00:00,20350.0,22785.043508332372,18824.428314279223,21596.85895011643
2023-12-03 22:00:00,20910.0,22785.09242127957,19037.408782537776,21660.78732965703
2023-12-03 23:00:00,21671.0,23190.36105842167,19607.04505794127,22115.36625827755
2023-12-04 00:00:00,22350.0,24231.20293260749,20526.51227061829,23119.79573401073
2023-12-04 01:00:00,22598.0,25654.79346221402,21806.97941461779,24500.449247935147
2023-12-04 02:00:00,23992.0,27205.994164736807,23329.32155383861,26042.992381467346
2023-12-04 03:00:00,26095.0,28076.2800462589,24738.182991426467,27074.850929809167
2023-12-04 04:00:00,26012.0,27703.622333616844,25551.339816262956,27057.937578410678
2023-12-04 05:00:00,25682.0,26841.03506825082,25446.53495354017,26422.685033837624
2023-12-04 06:00:00,25212.0,25997.93225673417,24490.524711608352,25545.709993196426
2023-12-04 07:00:00,24471.0,24587.691502880585,23098.542977141587,24140.946945158885
2023-12-04 08:00:00,23814.0,23211.436106414545,21747.643542638747,22772.298337281805
2023-12-04 09:00:00,21778.0,22392.81654460195,20690.80731327634,21882.213775204265
2023-12-04 10:00:00,21468.0,21660.843513371336,19911.176068692483,21135.94327996768
2023-12-04 11:00:00,21261.0,21205.558441304245,19321.61099366697,20640.37420701306
2023-12-04 12:00:00,21397.0,20942.822867013147,18981.154717623634,20354.32242219629
2023-12-04 13:00:00,21039.0,21002.52161550493,19094.75066014684,20430.190328897505
2023-12-04 14:00:00,20702.0,21651.65078648421,19789.473552150743,21092.99761618417
2023-12-04 15:00:00,21671.0,23189.31644323639,20894.866263054075,22500.98138918169
2023-12-04 16:00:00,23742.0,24223.40876908978,21964.872735134413,23545.84795890317
2023-12-04 17:00:00,25160.0,24711.371197570126,22553.334480825768,24063.96018254682
2023-12-04 18:00:00,25469.0,24633.02680287514,22513.764845896207,23997.24821578146
2023-12-04 19:00:00,24781.0,23803.90474844892,22070.308452511246,23283.825859667617
2023-12-04 20:00:00,24185.0,23066.396818790672,21618.95674268823,22632.164795959936
2023-12-04 21:00:00,23733.0,22785.043508332463,21456.081513978737,22386.354910026344
2023-12-04 22:00:00,23823.0,22785.092421279653,21667.46212531782,22449.8033324911
2023-12-04 23:00:00,24223.0,23190.36105842175,22223.9266445987,22900.430734274836
2023-12-05 00:00:00,23939.0,24231.202932607568,23119.058341481992,23897.55955526989
2023-12-05 01:00:00,24117.0,25654.793462214093,24364.524291071,25267.712710871165
2023-12-05 02:00:00,25750.0,27205.99416473688,25841.781470075548,26796.73035633848
2023-12-05 03:00:00,27635.0,28076.28004625897,27196.13298558784,27812.23592805763
2023-12-05 04:00:00,27425.0,27703.62233361691,27946.08293595208,27776.360514317457
2023-12-05 05:00:00,26927.0,26841.035068250883,27770.16311975335,27119.773483701625
2023-12-05 06:00:00,26238.0,25997.93225673423,26735.97068545152,26219.34378534941
2023-12-05 07:00:00,25355.0,24587.691502880643,25259.622978230123,24789.270945485485
2023-12-05 08:00:00,23822.0,23211.4361064146,23819.090176940208,23393.73232757228
2023-12-05 09:00:00,22287.0,22392.816544602003,22668.29258125214,22475.45935559704
2023-12-05 10:00:00,22147.0,21660.843513371387,21791.32433911445,21699.987761094304
2023-12-05 11:00:00,22299.0,21205.558441304296,21102.001943424548,21174.49149194037
2023-12-05 12:00:00,21984.0,20942.822867013198,20660.316352332356,20858.070912608942
2023-12-05 13:00:00,21626.0,21002.521615504986,20672.142642433097,20903.40792358341
2023-12-05 14:00:00,21650.0,21651.650786484253,21265.461173256823,21535.793902516023
2023-12-05 15:00:00,22395.0,23189.316443236432,22270.685496683636,22913.72715927059
2023-12-05 16:00:00,24508.0,24223.40876908982,23242.58691091471,23929.16221163729
2023-12-05 17:00:00,25608.0,24711.371197570166,23735.78320459087,24418.694799676374
2023-12-05 18:00:00,25273.0,24633.026802875174,23604.50587672268,24324.470525029425
2023-12-05 19:00:00,24144.0,23803.90474844896,23073.55331911606,23584.79931964909
2023-12-05 20:00:00,23771.0,23066.39681879071,22539.500945348445,22908.32805675803
2023-12-05 21:00:00,23016.0,22785.043508332496,22299.23020979565,22639.29951877144
2023-12-05 22:00:00,23057.0,22785.092421279685,22438.952236360587,22681.250365803957
2023-12-05 23:00:00,23677.0,23190.361058421782,22929.84635685528,23112.20664795183
2023-12-06 00:00:00,24354.0,24231.2029326076,23765.764980747128,24091.57154704945
2023-12-06 01:00:00,24184.0,25654.79346221412,24958.561566168475,25445.923893400428
2023-12-06 02:00:00,26156.0,27205.994164736905,26389.79706698114,26961.13503541017
2023-12-06 03:00:00,27679.0,28076.280046258995,27704.797477808523,27964.83527572385
2023-12-06 04:00:00,27451.0,27703.62233361693,28422.010944941398,27919.138917014272
2023-12-06 05:00:00,26814.0,26841.03506825091,28219.83761720265,27254.675832936427
2023-12-06 06:00:00,26179.0,25997.932256734257,27165.671278494465,26348.25396326232
2023-12-06 07:00:00,25404.0,24587.691502880665,25675.358954338764,24913.99173831809
2023-12-06 08:00:00,23879.0,23211.43610641462,24226.539016013678,23515.96697929433
2023-12-06 09:00:00,22630.0,22392.816544602025,23072.744562006843,22596.79494982347
2023-12-06 10:00:00,22134.0,21660.84351337141,22197.633780567143,21821.880593530128
2023-12-06 11:00:00,21806.0,21205.558441304314,21514.54553116717,21298.25456826317
2023-12-06 12:00:00,21422.0,20942.82286701321,21082.95890229352,20984.863677597303
2023-12-06 13:00:00,21309.0,21002.521615505,21108.21055388939,21034.22829702032
2023-12-06 14:00:00,21360.0,21651.65078648427,21717.72372179688,21671.47266707805
2023-12-06 15:00:00,22292.0,23189.31644323645,22741.34401452352,23054.92471462257
2023-12-06 16:00:00,24271.0,24223.408769089838,23733.27179920413,24076.367678124123
2023-12-06 17:00:00,25392.0,24711.37119757018,24247.5586222864,24572.227424985045
2023-12-06 18:00:00,25417.0,24633.026802875196,24137.881852869406,24484.48331787345
2023-12-06 19:00:00,25631.0,23803.90474844897,23628.50494232601,23751.28480661208
2023-12-06 20:00:00,25131.0,23066.396818790723,23115.49419665781,23081.12603215085
2023-12-06 21:00:00,25038.0,22785.04350833251,22895.253924172503,22818.106633084502
2023-12-06 22:00:00,25281.0,22785.0924212797,23053.555604604597,22865.631376277168
2023-12-06 23:00:00,25842.0,23190.361058421797,23561.181314811987,23301.60713533885
2023-12-07 00:00:00,25325.0,24231.202932607608,24411.632777156618,24285.33188597231
2023-12-07 01:00:00,25248.0,25654.793462214133,25616.46275469304,25643.29424995781
2023-12-07 02:00:00,26610.0,27205.99416473692,27056.984132943948,27161.291155199026
2023-12-07 03:00:00,27650.0,28076.28004625901,28378.32928606712,28166.894818201443
2023-12-07 04:00:00,27830.0,27703.622333616942,29098.80818089913,28122.1780878016
2023-12-07 05:00:00,27471.0,26841.03506825092,28896.73839352877,27457.746065834275
2023-12-07 06:00:00,26422.0,25997.932256734268,27839.48608646808,26550.398405654407
2023-12-07 07:00:00,25532.0,24587.691502880672,26342.92416150633,25114.261300468366
2023-12-07 08:00:00,23971.0,23211.43610641463,24884.76814099388,23713.4357167884
2023-12-07 09:00:00,22777.0,22392.816544602032,23718.67659939802,22790.574561040827
2023-12-07 10:00:00,22283.0,21660.843513371416,22828.477900162583,22011.133829408765
2023-12-07 11:00:00,21714.0,21205.55844130432,22127.721534280776,21482.20736919726
2023-12-07 12:00:00,21180.0,20942.82286701322,21676.132886204345,21162.81587277056
2023-12-07 13:00:00,21385.0,21002.521615505008,21679.3253113458,21205.562724257245
2023-12-07 14:00:00,21278.0,21651.65078648428,22265.02348221074,21835.66259520221
2023-12-07 15:00:00,22210.0,23189.316443236457,23263.39322008578,23211.53947629125
2023-12-07 16:00:00,24249.0,24223.40876908984,24228.967699893878,24225.07644833105
2023-12-07 17:00:00,25303.0,24711.371197570188,24716.137564459223,24712.8011076369
2023-12-07 18:00:00,25945.0,24633.0268028752,24578.91923173636,24616.794531533546
2023-12-07 19:00:00,25103.0,23803.90474844898,24041.90888200733,23875.30598851648
2023-12-07 20:00:00,24566.0,23066.39681879073,23501.49311364332,23196.925707246508
2023-12-07 21:00:00,23656.0,22785.043508332517,23254.378221836778,22925.843922383792
2023-12-07 22:00:00,23579.0,22785.092421279704,23386.61383157496,22965.54884436828
2023-12-07 23:00:00,23797.0,23190.3610584218,23869.2312035302,23394.02210195432
2023-12-08 00:00:00,24197.0,24231.20293260761,24695.94765380646,24370.626348967264
2023-12-08 01:00:00,24544.0,25654.793462214137,25878.49388162049,25721.90358803604
2023-12-08 02:00:00,26012.0,27205.99416473692,27298.3196055619,27233.69179698441
2023-12-08 03:00:00,27771.0,28076.28004625901,28600.650159010584,28233.59108008448
2023-12-08 04:00:00,27628.0,27703.62233361695,29303.84254129186,28183.688395919424
2023-12-08 05:00:00,27213.0,26841.035068250923,29086.21413244541,27514.588787509267
2023-12-08 06:00:00,26604.0,25997.93225673427,28015.083142477397,26603.077522457206
2023-12-08 07:00:00,25840.0,24587.69150288068,26506.227021831917,25163.252158566043
2023-12-08 08:00:00,24407.0,23211.436106414632,25037.21938711124,23759.17109062361
2023-12-08 09:00:00,22876.0,22392.81654460204,23861.53227361237,22833.431263305138
2023-12-08 10:00:00,22353.0,21660.84351337142,22962.765448911086,22051.42009403332
2023-12-08 11:00:00,22099.0,21205.558441304325,22254.201051997094,21520.15122451216
2023-12-08 12:00:00,21796.0,20942.822867013223,21795.262342132184,21198.55470954891
2023-12-08 13:00:00,21706.0,21002.52161550501,21791.230389648223,21239.13424774797
2023-12-08 14:00:00,21864.0,21651.65078648428,22369.472605230225,21866.997332108065
2023-12-08 15:00:00,22641.0,23189.31644323646,23359.778255839938,23240.454987017503
2023-12-08 16:00:00,24654.0,24223.408769089845,24316.290777458053,24251.273371600302
2023-12-08 17:00:00,25895.0,24711.37119757019,24793.004339773044,24735.861140231045
2023-12-08 18:00:00,26539.0,24633.026802875203,24643.538856281688,24636.180418897147
2023-12-08 19:00:00,25851.0,23803.904748448986,24092.100835455,23890.363574550785
2023-12-08 20:00:00,24826.0,23066.39681879073,23534.70096617719,23206.88806300667
2023-12-08 21:00:00,23567.0,22785.04350833252,23267.69029366687,22929.837543932823
2023-12-08 22:00:00,23202.0,22785.092421279707,23376.79062089925,22962.60188116557
2023-12-08 23:00:00,22941.0,23190.3610584218,23832.73935599096,23383.074547692548
2023-12-09 00:00:00,23110.0,24231.20293260761,24629.000152373024,24350.54209853724
2023-12-09 01:00:00,24001.0,25654.793462214137,25777.096044666872,25691.48423694996
2023-12-09 02:00:00,25493.0,27205.99416473692,27158.320393108363,27191.69203324835
2023-12-09 03:00:00,27348.0,28076.28004625901,28417.79820656617,28178.735494351156
2023-12-09 04:00:00,27240.0,27703.62233361695,29073.84626701614,28114.689513636706
2023-12-09 05:00:00,26805.0,26841.035068250923,28804.805195628905,27430.16610646432
2023-12-09 06:00:00,26452.0,25997.93225673427,27678.082474482027,26501.9773220586
2023-12-09 07:00:00,25773.0,24587.69150288068,26109.61260279116,25044.267832853817
2023-12-09 08:00:00,24647.0,23211.436106414632,24577.19490278902,23621.163745326947
2023-12-09 09:00:00,23252.0,22392.81654460204,23334.59576206417,22675.35030984068
2023-12-09 10:00:00,22566.0,21660.84351337142,22365.777027694665,21872.32356766839
2023-12-09 11:00:00,21540.0,21205.558441304325,21584.448815842406,21319.225553665747
2023-12-09 12:00:00,20878.0,20942.822867013223,21050.525526336736,20975.13366481028
2023-12-09 13:00:00,20792.0,21002.52161550501,20969.838914821496,20992.716805299955
2023-12-09 14:00:00,20621.0,21651.65078648428,21470.36214933877,21597.264195340627
2023-12-09 15:00:00,21467.0,23189.31644323646,22382.54004169721,22947.283522774684
2023-12-09 16:00:00,22400.0,24223.408769089845,23261.215316704485,23934.75073337424
2023-12-09 17:00:00,22836.0,24711.37119757019,23661.118437104007,24396.29536943033
2023-12-09 18:00:00,23211.0,24633.026802875203,23436.635250430994,24274.109337141937
2023-12-09 19:00:00,22324.0,23803.904748448986,22812.75993435472,23506.5613042207
2023-12-09 20:00:00,21189.0,23066.39681879073,22186.304222567174,22802.369039923666
2023-12-09 21:00:00,20749.0,22785.04350833252,21854.42486270367,22505.85791464386
2023-12-09 22:00:00,20386.0,22785.092421279707,21903.645042512217,22520.65820764946
2023-12-09 23:00:00,20560.0,23190.3610584218,22305.490109283768,22924.89977368039
2023-12-10 00:00:00,20923.0,24231.20293260761,23054.18903824397,23878.09876429852
2023-12-10 01:00:00,21628.0,25654.793462214137,24161.998461556766,25206.954962016927
2023-12-10 02:00:00,23763.0,27205.99416473692,25510.904682105687,26697.467319947547
2023-12-10 03:00:00,25740.0,28076.28004625901,26746.67635037954,27677.398937495167
2023-12-10 04:00:00,25733.0,27703.62233361695,27388.21633358044,27609.000533605995
2023-12-10 05:00:00,25464.0,26841.035068250923,27114.386021198603,26923.040354135224
2023-12-10 06:00:00,25213.0,25997.93225673427,25993.04117817817,25996.46493316744
2023-12-10 07:00:00,25025.0,24587.69150288068,24440.48561620832,24543.529736878965
2023-12-10 08:00:00,23996.0,23211.436106414632,22934.80328337535,23128.446259502845
2023-12-10 09:00:00,22815.0,22392.81654460204,21729.95563332652,22193.95827121938
2023-12-10 10:00:00,22760.0,21660.84351337142,20810.006057081384,21405.592276484407
2023-12-10 11:00:00,22121.0,21205.558441304325,20088.66969692119,20870.491817989383
2023-12-10 12:00:00,21673.0,20942.822867013223,19625.76747627753,20547.706249792514
2023-12-10 13:00:00,21268.0,21002.52161550501,19626.93823184677,20589.846600407534
2023-12-10 14:00:00,21426.0,21651.65078648428,20219.862896866623,21222.114419598984
2023-12-10 15:00:00,21748.0,23189.31644323646,21234.595933453405,22602.900290301543
2023-12-10 16:00:00,22541.0,24223.408769089845,22225.493874448526,23624.034300697447
2023-12-10 17:00:00,22844.0,24711.37119757019,22746.708475888558,24121.972381065694
2023-12-10 18:00:00,23325.0,24633.026802875203,22651.958716892277,24038.70637708032
2023-12-10 19:00:00,22264.0,23803.904748448986,22165.48908397552,23312.38004910694
2023-12-10 20:00:00,21807.0,23066.39681879073,21683.28506763188,22651.46329344308
2023-12-10 21:00:00,21519.0,22785.04350833252,21501.6077599374,22400.01278381398
2023-12-10 22:00:00,21858.0,22785.092421279707,21706.023214410605,22461.37165921897
2023-12-10 23:00:00,21817.0,23190.3610584218,22267.046809776904,22913.36678382833
2023-12-11 00:00:00,22151.0,24231.20293260761,23177.85398072997,23915.19824704432
2023-12-11 01:00:00,22326.0,25654.793462214137,24449.614027139003,25293.2396316916
2023-12-11 02:00:00,24389.0,27205.99416473692,25963.20232010073,26833.15661134606
2023-12-11 03:00:00,26690.0,28076.28004625901,27363.263471150756,27862.37507372653
2023-12-11 04:00:00,26872.0,27703.62233361695,28167.573878888412,27842.807797198388
2023-12-11 05:00:00,26577.0,26841.035068250923,28053.876779475613,27204.887581618328
2023-12-11 06:00:00,26189.0,25997.93225673427,27088.9287934796,26325.231217757868
2023-12-11 07:00:00,25543.0,24587.69150288068,25687.96412101716,24917.77328832162
2023-12-11 08:00:00,24160.0,23211.436106414632,24328.03686927778,23546.416335273578
2023-12-11 09:00:00,22889.0,22392.81654460204,23262.128259320627,22653.61005901761
2023-12-11 10:00:00,22093.0,21660.84351337142,22473.38038788364,21904.604575725083
2023-12-11 11:00:00,22119.0,21205.558441304325,21874.65475803269,21406.287336322835
2023-12-11 12:00:00,21846.0,20942.822867013223,21524.994318671248,21117.47430251063
2023-12-11 13:00:00,21422.0,21002.52161550501,21629.3428100351,21190.56797386404
2023-12-11 14:00:00,21540.0,21651.65078648428,22314.775284808413,21850.58813598152
2023-12-11 15:00:00,22963.0,23189.31644323646,23410.834935365445,23255.771990875157
2023-12-11 16:00:00,25368.0,24223.408769089845,24471.4660280544,24297.82594677921
2023-12-11 17:00:00,26784.0,24711.37119757019,25050.51040049976,24813.11295844906
2023-12-11 18:00:00,26628.0,24633.026802875203,25001.48172479663,24743.563279451628
2023-12-11 19:00:00,26285.0,23803.904748448986,24548.524950511342,24027.29080906769
2023-12-11 20:00:00,25810.0,23066.39681879073,24087.631848145717,23372.767327597227
2023-12-11 21:00:00,25443.0,22785.04350833252,23915.174544823058,23124.08281927968
2023-12-11 22:00:00,25074.0,22785.092421279707,24116.93273010994,23184.64451392877
2023-12-11 23:00:00,24697.0,23190.3610584218,24663.73480356484,23632.37318196471
2023-12-12 00:00:00,24284.0,24231.20293260761,25549.16436758862,24626.591363101918
2023-12-12 01:00:00,24459.0,25654.793462214137,26784.88883100663,25993.822072851886
2023-12-12 02:00:00,26789.0,27205.99416473692,28252.365505307236,27519.90556690801
2023-12-12 03:00:00,28706.0,28076.28004625901,29596.89783331619,28532.46538237616
2023-12-12 04:00:00,28600.0,27703.62233361695,30336.990250138108,28493.6327085733
2023-12-12 05:00:00,28154.0,26841.035068250923,30151.17489208802,27834.07701540205
2023-12-12 06:00:00,27538.0,25997.93225673427,29107.049246321287,26930.667353610377
2023-12-12 07:00:00,26798.0,24587.69150288068,27620.73099764644,25497.6033513104
2023-12-12 08:00:00,25210.0,23211.436106414632,26170.190665517566,24099.06247414551
2023-12-12 09:00:00,23658.0,22392.81654460204,25009.348891104757,23177.77624855285
2023-12-12 10:00:00,23008.0,21660.84351337142,24122.30016478465,22399.280508795386
2023-12-12 11:00:00,22675.0,21205.558441304325,23422.861322790937,21870.74930575031
2023-12-12 12:00:00,22363.0,20942.822867013223,22971.023667476504,21551.283107152205
2023-12-12 13:00:00,21723.0,21002.52161550501,22972.6626205695,21593.56391702436
2023-12-12 14:00:00,22190.0,21651.65078648428,23555.75888751465,22222.883216793394
2023-12-12 15:00:00,23509.0,23189.31644323646,24550.72636704519,23597.73942037908
2023-12-12 16:00:00,24648.0,24223.408769089845,25512.336705004516,24610.087149864245
2023-12-12 17:00:00,27179.0,24711.37119757019,25995.20803851677,25096.522249854163
2023-12-12 18:00:00,26899.0,24633.026802875203,25853.5722158843,24999.19042677793
2023-12-12 19:00:00,26059.0,23803.904748448986,25312.22797903238,24256.401717624
2023-12-12 20:00:00,25124.0,23066.39681879073,24767.75109241526,23576.80310087809
2023-12-12 21:00:00,24471.0,22785.04350833252,24517.023362077376,23304.637464455973
2023-12-12 22:00:00,24448.0,22785.092421279707,24646.256264350173,23343.44157420085
2023-12-12 23:00:00,24552.0,23190.3610584218,25126.629484224395,23771.241586162578
2023-12-13 00:00:00,24757.0,24231.20293260761,25951.99578509357,24747.4407883534
2023-12-13 01:00:00,24844.0,25654.793462214137,27134.20897970908,26098.618117462614
2023-12-13 02:00:00,26728.0,27205.99416473692,28554.830377248963,27610.64502849053
2023-12-13 03:00:00,28661.0,28076.28004625901,29859.18632859707,28611.151930960423
2023-12-13 04:00:00,28644.0,27703.62233361695,30565.725336555537,28562.253234498523
2023-12-13 05:00:00,28353.0,26841.035068250923,30352.84790744584,27894.578920009397
2023-12-13 06:00:00,28012.0,25997.93225673427,29287.94818325153,26984.93703468945
2023-12-13 07:00:00,26987.0,24587.69150288068,27786.87354820314,25547.44611647741
2023-12-13 08:00:00,26147.0,23211.436106414632,26327.26273293726,24146.18409437142
2023-12-13 09:00:00,24516.0,22392.81654460204,25162.649195945916,23223.7663400052
2023-12-13 10:00:00,23201.0,21660.84351337142,24276.691486027317,22445.597905168182
2023-12-13 11:00:00,22638.0,21205.558441304325,23582.72882384981,21918.70955606797
2023-12-13 12:00:00,22495.0,20942.822867013223,23140.240659666404,21602.048204809176
2023-12-13 13:00:00,22181.0,21002.52161550501,23154.56401573657,21648.13433557448
2023-12-13 14:00:00,22364.0,21651.65078648428,23753.12249083655,22282.09229778996
2023-12-13 15:00:00,23704.0,23189.31644323646,24765.762056847718,23662.25012731984
2023-12-13 16:00:00,24667.0,24223.408769089845,25746.68344489472,24680.391171831303
2023-12-13 17:00:00,26987.0,24711.37119757019,26249.93856588633,25172.94140806503
2023-12-13 18:00:00,26667.0,24633.026802875203,26129.205153900057,25081.88030818265
2023-12-13 19:00:00,25132.0,23803.904748448986,25608.74702578145,24345.35743164872
2023-12-13 20:00:00,24861.0,23066.39681879073,25084.630853486247,23671.867029199384
2023-12-13 21:00:00,24063.0,22785.04350833252,24853.26131169949,23405.50884934261
2023-12-13 22:00:00,24224.0,22785.092421279707,25000.410247043328,23449.687769008797
2023-12-13 23:00:00,24718.0,23190.3610584218,25496.86010364499,23882.31077198876
2023-12-14 00:00:00,24853.0,24231.20293260761,26336.11297159348,24862.675944303373
2023-12-14 01:00:00,25385.0,25654.793462214137,27529.72198205969,26217.2720181678
2023-12-14 02:00:00,26882.0,27205.99416473692,28959.000389090423,27731.89603204297
2023-12-14 03:00:00,28922.0,28076.28004625901,30269.080935747043,28734.120313105417
2023-12-14 04:00:00,28798.0,27703.62233361695,30978.273958131384,28686.01782097128
2023-12-14 05:00:00,28497.0,26841.035068250923,30764.89740197449,28018.19376836799
2023-12-14 06:00:00,27808.0,25997.93225673427,29696.317799757227,27107.44791964116
2023-12-14 07:00:00,27085.0,24587.69150288068,28188.408423571127,25667.90657908781
2023-12-14 08:00:00,26272.0,23211.436106414632,26718.88516637185,24263.6708244018
2023-12-14 09:00:00,23993.0,22392.81654460204,25541.406973571804,23337.393673292965
2023-12-14 10:00:00,23323.0,21660.84351337142,24639.80257978858,22554.53123329657
2023-12-14 11:00:00,22755.0,21205.558441304325,23927.62184752553,22022.177463170687
2023-12-14 12:00:00,22196.0,20942.822867013223,23464.59053296636,21699.353166799163
2023-12-14 13:00:00,21971.0,21002.52161550501,23456.32236352395,21738.66183991069
2023-12-14 14:00:00,22074.0,21651.65078648428,24030.54238388109,22365.31826570332
2023-12-14 15:00:00,23739.0,23189.31644323646,25017.41678793065,23737.74654664472
2023-12-14 16:00:00,26041.0,24223.408769089845,25971.4791230947,24747.8298752913
2023-12-14 17:00:00,27256.0,24711.37119757019,26447.12040510388,25232.09595983029
2023-12-14 18:00:00,26980.0,24633.026802875203,26298.35742497105,25132.625989503955
2023-12-14 19:00:00,26276.0,23803.904748448986,25749.786736116945,24387.669344749367
2023-12-14 20:00:00,26032.0,23066.39681879073,25197.795310347872,23705.816366257877
2023-12-14 21:00:00,25519.0,22785.04350833252,24939.089816295767,23431.25740072149
2023-12-14 22:00:00,25276.0,22785.092421279707,25059.72025260187,23467.480770676357
2023-12-14 23:00:00,25172.0,23190.3610584218,25530.718253684387,23892.468217000576
2023-12-15 00:00:00,24451.0,24231.20293260761,26345.80150946449,24865.58250566468
2023-12-15 01:00:00,25061.0,25654.793462214137,27516.701093089094,26213.365751476624
2023-12-15 02:00:00,26848.0,27205.99416473692,28924.867097145783,27721.65604445957
2023-12-15 03:00:00,28747.0,28076.28004625901,30215.525229073643,28718.0536011034
2023-12-15 04:00:00,28582.0,27703.62233361695,30907.032862293017,28664.64549221977
2023-12-15 05:00:00,28274.0,26841.035068250923,30677.70775099536,27992.03687307425
2023-12-15 06:00:00,27687.0,25997.93225673427,29594.86847933716,27077.01312351513
2023-12-15 07:00:00,26948.0,24587.69150288068,28074.29287192513,25633.671913594007
2023-12-15 08:00:00,25595.0,23211.436106414632,26593.55491950277,24226.071750341074
2023-12-15 09:00:00,24110.0,22392.81654460204,25406.12703152816,23296.80969067987
2023-12-15 10:00:00,23442.0,21660.84351337142,24495.609349634546,22511.273264250354
2023-12-15 11:00:00,22718.0,21205.558441304325,23775.2843868918,21976.476224980564
2023-12-15 12:00:00,22499.0,20942.822867013223,23304.575776529557,21651.34873986812
2023-12-15 13:00:00,22286.0,21002.52161550501,23288.764962800586,21688.39461969368
2023-12-15 14:00:00,22300.0,21651.65078648428,23855.21973021748,22312.72146960424
2023-12-15 15:00:00,23435.0,23189.31644323646,24833.729719443218,23682.640426098485
2023-12-15 16:00:00,25560.0,24223.408769089845,25778.438740082154,24689.917760387536
2023-12-15 17:00:00,26798.0,24711.37119757019,26243.34133527925,25170.962238882905
2023-12-15 18:00:00,26849.0,24633.026802875203,26082.05779187757,25067.73609957591
2023-12-15 19:00:00,26832.0,23803.904748448986,25518.794991522715,24318.3718213711
2023-12-15 20:00:00,26293.0,23066.39681879073,24949.56399611801,23631.346971988914
2023-12-15 21:00:00,24943.0,22785.04350833252,24670.71622368012,23350.7453229368
2023-12-15 22:00:00,24590.0,22785.092421279707,24767.973849842838,23379.956849848644
2023-12-15 23:00:00,24025.0,23190.3610584218,25212.074655089007,23796.87513742196
2023-12-16 00:00:00,23714.0,24231.20293260761,25996.48266515133,24760.78685237073
2023-12-16 01:00:00,24718.0,25654.793462214137,27132.721286509328,26098.17180950269
2023-12-16 02:00:00,26484.0,27205.99416473692,28502.08425114778,27594.821190660172
2023-12-16 03:00:00,28110.0,28076.28004625901,29749.69693930675,28578.30511417333
2023-12-16 04:00:00,27761.0,27703.62233361695,30393.87650431782,28510.69858482721
2023-12-16 05:00:00,27232.0,26841.035068250923,30112.96393807556,27822.61372919831
2023-12-16 06:00:00,26732.0,25997.93225673427,28974.3670932591,26890.86270769172
2023-12-16 07:00:00,26171.0,24587.69150288068,27394.020839379555,25429.590303830337
2023-12-16 08:00:00,25138.0,23211.436106414632,25849.724868588237,24002.922735066717
2023-12-16 09:00:00,23800.0,22392.81654460204,24595.245938061827,23053.54536263997
2023-12-16 10:00:00,22894.0,21660.84351337142,23614.54626411084,22246.954338593245
2023-12-16 11:00:00,22145.0,21205.558441304325,22821.336331765626,21690.291808442715
2023-12-16 12:00:00,21676.0,20942.822867013223,22275.530909347617,21342.63527971354
2023-12-16 13:00:00,21562.0,21002.52161550501,22182.96212055747,21356.653767020747
2023-12-16 14:00:00,21520.0,21651.65078648428,22671.603501150505,21957.636600884147
2023-12-16 15:00:00,22130.0,23189.31644323646,23571.90023017362,23304.091579317606
2023-12-16 16:00:00,23147.0,24223.408769089845,24438.695399257427,24287.99475814012
2023-12-16 17:00:00,23955.0,24711.37119757019,24826.71983750825,24745.97578955161
2023-12-16 18:00:00,23606.0,24633.026802875203,24590.359758406037,24620.22668953445
2023-12-16 19:00:00,22745.0,23803.904748448986,23954.609705034225,23849.116235424557
2023-12-16 20:00:00,22936.0,23066.39681879073,23316.28177603413,23141.362305963758
2023-12-16 21:00:00,22318.0,22785.04350833252,22972.533083507933,22841.29038088514
2023-12-16 22:00:00,21855.0,22785.092421279707,23009.88717913578,22852.53084863653
2023-12-16 23:00:00,21946.0,23190.3610584218,23399.86977362866,23253.213672983857
2023-12-17 00:00:00,22432.0,24231.20293260761,24136.710205059564,24202.8551143432
2023-12-17 01:00:00,23167.0,25654.793462214137,25232.665467948504,25528.15506393445
2023-12-17 02:00:00,25046.0,27205.99416473692,26569.72222690643,27015.11258338777
2023-12-17 03:00:00,26217.0,28076.28004625901,27793.64949361336,27991.49088046531
2023-12-17 04:00:00,26405.0,27703.62233361695,28423.35049586152,27919.54078229032
2023-12-17 05:00:00,26014.0,26841.035068250923,28137.68698314136,27230.03064271805
2023-12-17 06:00:00,25662.0,25997.93225673427,27004.51507972833,26299.90710363249
2023-12-17 07:00:00,25236.0,24587.69150288068,25440.13895609088,24843.425738843733
2023-12-17 08:00:00,24275.0,23211.436106414632,23922.64291848367,23424.79815003534
2023-12-17 09:00:00,23119.0,22392.81654460204,22705.98877776217,22486.768214550077
2023-12-17 10:00:00,22441.0,21660.84351337142,21774.240281953826,21694.86254394614
2023-12-17 11:00:00,21979.0,21205.558441304325,21041.11292936613,21156.224787722866
2023-12-17 12:00:00,21201.0,20942.822867013223,20566.42799885006,20829.904406564277
2023-12-17 13:00:00,20916.0,21002.52161550501,20555.824681772603,20868.512535385285
2023-12-17 14:00:00,20906.0,21651.65078648428,21136.984265392,21497.2508301566
2023-12-17 15:00:00,21113.0,23189.31644323646,22139.96156500708,22874.509979767645
2023-12-17 16:00:00,21632.0,24223.408769089845,23119.11346615135,23892.120178208294
2023-12-17 17:00:00,22023.0,24711.37119757019,23628.592076429148,24386.53746122788
2023-12-17 18:00:00,23290.0,24633.026802875203,23522.116726049997,24299.75377982764
2023-12-17 19:00:00,23462.0,23803.904748448986,23023.932251746483,23569.91299943823
2023-12-17 20:00:00,23986.0,23066.39681879073,22530.02449333911,22905.485121155245
2023-12-17 21:00:00,24010.0,22785.04350833252,22336.65489163108,22650.52692332209
2023-12-17 22:00:00,24001.0,22785.092421279707,22529.389847907023,22708.381649267903
2023-12-17 23:00:00,23904.0,23190.3610584218,23078.74508786866,23156.87626725586
2023-12-18 00:00:00,23925.0,24231.20293260761,23977.89639232296,24155.210970522217
2023-12-18 01:00:00,24430.0,25654.793462214137,25238.013406462604,25529.75944548868
2023-12-18 02:00:00,25286.0,27205.99416473692,26739.9718457608,27066.18746904408
2023-12-18 03:00:00,26830.0,28076.28004625901,28128.416665302862,28091.921031972164
2023-12-18 04:00:00,26688.0,27703.62233361695,28921.124606342302,28068.873015434558
2023-12-18 05:00:00,26350.0,26841.035068250923,28795.83924680328,27427.476321816623
2023-12-18 06:00:00,25826.0,25997.93225673427,27819.317548060397,26544.347844132102
2023-12-18 07:00:00,25154.0,24587.69150288068,26406.79405016819,25133.42226706693
2023-12-18 08:00:00,24469.0,23211.436106414632,25035.323199288112,23758.602234276677
2023-12-18 09:00:00,22413.0,22392.81654460204,23957.886554503657,22862.33754757252
2023-12-18 10:00:00,22287.0,21660.84351337142,23157.626549617267,22109.878424245173
2023-12-18 11:00:00,21753.0,21205.558441304325,22547.405023799816,21608.112416052973
2023-12-18 12:00:00,21474.0,20942.822867013223,22186.26526105981,21315.8555852272
2023-12-18 13:00:00,21529.0,21002.52161550501,22279.151335730086,21385.51053157253
2023-12-18 14:00:00,21614.0,21651.65078648428,22953.13863363469,22042.097140629405
2023-12-18 15:00:00,22640.0,23189.31644323646,24037.770679221703,23443.852714032037
2023-12-18 16:00:00,24492.0,24223.408769089845,25086.99206989985,24482.483759332845
2023-12-18 17:00:00,26155.0,24711.37119757019,25654.64497330198,24994.353330289727
2023-12-18 18:00:00,26777.0,24633.026802875203,25594.24339052312,24921.39177916957
2023-12-18 19:00:00,27004.0,23803.904748448986,25129.93259900232,24201.71310361498
2023-12-18 20:00:00,27343.0,23066.39681879073,24657.70469608989,23543.78918198048
2023-12-18 21:00:00,27387.0,22785.04350833252,24473.932134599385,23291.710096212577
2023-12-18 22:00:00,27094.0,22785.092421279707,24664.39492879152,23348.88317353325
2023-12-18 23:00:00,26437.0,23190.3610584218,25199.92180173621,23793.229281416123
2023-12-19 00:00:00,26231.0,24231.20293260761,26074.096678183865,24784.07105628049
2023-12-19 01:00:00,26626.0,25654.793462214137,27298.58728841069,26147.931610073105
2023-12-19 02:00:00,27597.0,27205.99416473692,28754.85126386192,27670.651294474417
2023-12-19 03:00:00,28607.0,28076.28004625901,30088.19236641473,28679.85374230572
2023-12-19 04:00:00,28479.0,27703.62233361695,30817.1153489686,28637.670238222443
2023-12-19 05:00:00,27723.0,26841.035068250923,30620.15266451662,27974.77034713063
2023-12-19 06:00:00,27089.0,25997.93225673427,29564.90211563964,27068.023214405883
2023-12-19 07:00:00,26251.0,24587.69150288068,28067.481701411856,25631.628562440023
2023-12-19 08:00:00,24768.0,23211.436106414632,26605.86225433581,24229.763950790984
2023-12-19 09:00:00,23483.0,22392.81654460204,25433.964727396637,23305.160999440413
2023-12-19 10:00:00,22911.0,21660.84351337142,24535.88392160027,22523.355635840075
2023-12-19 11:00:00,22531.0,21205.558441304325,23825.436982512983,21991.52200366692
2023-12-19 12:00:00,22024.0,20942.822867013223,23362.615520604835,21668.760663090707
2023-12-19 13:00:00,21832.0,21002.52161550501,23353.295264455028,21707.753710190016
2023-12-19 14:00:00,21708.0,21651.65078648428,23925.457225092217,22333.792718066663
2023-12-19 15:00:00,22840.0,23189.31644323646,24909.515605514756,23705.376191919942
2023-12-19 16:00:00,24130.0,24223.408769089845,25860.242354579856,24714.458844736844
2023-12-19 17:00:00,25242.0,24711.37119757019,26332.255911130964,25197.63661163842
2023-12-19 18:00:00,25974.0,24633.026802875203,26179.788423828668,25097.05528916124
2023-12-19 19:00:00,26572.0,23803.904748448986,25627.6389336714,24351.025004015704
2023-12-19 20:00:00,26826.0,23066.39681879073,25072.383502845296,23668.1928240071
2023-12-19 21:00:00,26173.0,22785.04350833252,24810.90423379088,23392.801725970025
2023-12-19 22:00:00,25503.0,22785.092421279707,24929.412897836348,23428.3885642467
2023-12-19 23:00:00,26086.0,23190.3610584218,25399.08947367725,23852.97958299844
2023-12-20 00:00:00,26190.0,24231.20293260761,26213.78701698781,24825.978157921672
2023-12-20 01:00:00,26063.0,25654.793462214137,27385.359631432868,26173.96331297976
2023-12-20 02:00:00,26979.0,27205.99416473692,28795.36891570276,27682.80659002667
2023-12-20 03:00:00,28357.0,28076.28004625901,30089.141508818444,28680.13848502684
2023-12-20 04:00:00,27966.0,27703.62233361695,30785.12620027812,28628.073493615306
2023-12-20 05:00:00,27409.0,26841.035068250923,30561.723781711516,27957.241682289092
2023-12-20 06:00:00,26706.0,25997.93225673427,29486.328678857702,27044.4511833713
2023-12-20 07:00:00,25922.0,24587.69150288068,27974.788558475346,25603.820619559072
2023-12-20 08:00:00,24474.0,23211.436106414632,26504.74243212052,24199.4280041264
2023-12-20 09:00:00,23082.0,22392.81654460204,25329.72403782392,23273.8887925686
2023-12-20 10:00:00,22167.0,21660.84351337142,24433.39220229865,22492.608120049583
2023-12-20 11:00:00,21828.0,21205.558441304325,23729.08642289048,21962.61683578017
2023-12-20 12:00:00,21258.0,20942.822867013223,23276.28642487812,21642.86193437269
2023-12-20 13:00:00,21249.0,21002.52161550501,23280.329504098565,21685.86398208308
2023-12-20 14:00:00,21151.0,21651.65078648428,23868.63953139771,22316.74740995831
2023-12-20 15:00:00,22168.0,23189.31644323646,24871.062749194734,23693.840335023942
2023-12-20 16:00:00,24117.0,24223.408769089845,25841.80015759616,24708.926185641736
2023-12-20 17:00:00,25464.0,24711.37119757019,26334.90393518126,25198.43101885351
2023-12-20 18:00:00,26443.0,24633.026802875203,26204.05208180757,25104.33438655491
2023-12-20 19:00:00,27140.0,23803.904748448986,25673.5086787899,24364.785927551256
2023-12-20 20:00:00,27108.0,23066.39681879073,25139.340660933944,23688.27997143369
2023-12-20 21:00:00,26827.0,22785.04350833252,24897.95296421946,23418.9163450986
2023-12-20 22:00:00,26651.0,22785.092421279707,25035.117694942983,23460.10000337869
2023-12-20 23:00:00,27227.0,23190.3610584218,25521.61755538786,23889.738007511616
2023-12-21 00:00:00,27242.0,24231.20293260761,26350.954892159945,24867.128520473318
2023-12-21 01:00:00,26947.0,25654.793462214137,27534.68309136213,26218.76035095853
2023-12-21 02:00:00,27740.0,27205.99416473692,28954.115660356823,27730.43061342289
2023-12-21 03:00:00,28882.0,28076.28004625901,30254.38559392736,28729.71171055951
2023-12-21 04:00:00,28466.0,27703.62233361695,30953.80347825245,28678.6766770076
2023-12-21 05:00:00,27955.0,26841.035068250923,30730.687507488103,28007.93080002208
2023-12-21 06:00:00,27380.0,25997.93225673427,29652.404460952253,27094.273917999664
2023-12-21 07:00:00,26453.0,24587.69150288068,28134.82785588573,25651.83240878219
2023-12-21 08:00:00,25003.0,23211.436106414632,26655.673828746007,24244.707423114043
2023-12-21 09:00:00,23873.0,22392.81654460204,25468.601566765323,23315.55205125102
2023-12-21 10:00:00,23077.0,21660.84351337142,24557.44004475843,22529.82247278752
2023-12-21 11:00:00,22400.0,21205.558441304325,23835.739363684563,21994.612718018398
2023-12-21 12:00:00,21791.0,20942.822867013223,23363.225516534625,21668.94366186964
2023-12-21 13:00:00,21565.0,21002.52161550501,23345.512465826465,21705.418870601447
2023-12-21 14:00:00,21267.0,21651.65078648428,23910.325489651383,22329.253197434413
2023-12-21 15:00:00,22372.0,23189.31644323646,24887.831013564024,23698.87081433473
2023-12-21 16:00:00,23698.0,24223.408769089845,25832.562814978624,24706.154982856475
2023-12-21 17:00:00,24845.0,24711.37119757019,26298.91213788654,25187.63347966509
2023-12-21 18:00:00,25663.0,24633.026802875203,26140.895999799235,25085.38756195241
2023-12-21 19:00:00,26100.0,23803.904748448986,25583.11117892584,24337.66667759204
2023-12-21 20:00:00,26240.0,23066.39681879073,25021.944870109444,23653.061234186345
2023-12-21 21:00:00,25661.0,22785.04350833252,24754.103963272413,23375.761644814484
2023-12-21 22:00:00,25346.0,22785.092421279707,24865.638676554976,23409.25629786229
2023-12-21 23:00:00,25125.0,23190.3610584218,25327.580862155035,23831.52699954177
2023-12-22 00:00:00,25164.0,24231.20293260761,26133.648425971787,24801.936580616864
2023-12-22 01:00:00,25469.0,25654.793462214137,27295.57265527879,26147.02722013353
2023-12-22 02:00:00,26713.0,27205.99416473692,28694.80385531185,27652.6370719094
2023-12-22 03:00:00,27909.0,28076.28004625901,29976.567943908405,28646.366415553828
2023-12-22 04:00:00,27550.0,27703.62233361695,30659.222503396013,28590.30238455067
2023-12-22 05:00:00,27080.0,26841.035068250923,30421.085494994564,27915.050196274013
2023-12-22 06:00:00,26589.0,25997.93225673427,29329.475708079568,26997.39529213786
2023-12-22 07:00:00,25960.0,24587.69150288068,27800.17117063609,25551.4354032073
2023-12-22 08:00:00,24562.0,23211.436106414632,26310.7460749985,24141.22909698979
2023-12-22 09:00:00,23737.0,22392.81654460204,25114.673030356847,23209.37349032848
2023-12-22 10:00:00,22290.0,21660.84351337142,24195.552376252504,22421.256172235742
2023-12-22 11:00:00,21504.0,21205.558441304325,23466.666821829163,21883.89095546177
2023-12-22 12:00:00,21162.0,20942.822867013223,22987.440194522547,21556.20806526602
2023-12-22 13:00:00,21056.0,21002.52161550501,22963.1541309762,21590.711370146364
2023-12-22 14:00:00,21382.0,21651.65078648428,23521.17660617124,22212.50853239037
2023-12-22 15:00:00,22338.0,23189.31644323646,24491.29744945193,23579.9107451011
2023-12-22 16:00:00,23674.0,24223.408769089845,25427.66065718087,24584.68433551715
2023-12-22 17:00:00,24577.0,24711.37119757019,25884.2609574036,25063.23812552021
2023-12-22 18:00:00,24812.0,24633.026802875203,25714.71881997548,24957.53440800528
2023-12-22 19:00:00,24893.0,23803.904748448986,25143.24130770069,24205.705716224493
2023-12-22 20:00:00,24519.0,23066.39681879073,24565.83966170876,23516.22967166614
2023-12-22 21:00:00,24342.0,22785.04350833252,24278.865477365463,23233.1900990424
2023-12-22 22:00:00,23565.0,22785.092421279707,24368.04110575475,23259.97702662222
2023-12-22 23:00:00,23359.0,23190.3610584218,24804.104500894453,23674.484091163595
2023-12-23 00:00:00,23874.0,24231.20293260761,25580.51986016136,24635.998010873736
2023-12-23 01:00:00,24389.0,25654.793462214137,26708.810759721397,25970.998651466314
2023-12-23 02:00:00,25892.0,27205.99416473692,28070.27109931665,27465.27724511084
2023-12-23 03:00:00,27466.0,28076.28004625901,29310.026425264605,28446.403959960684
2023-12-23 04:00:00,27360.0,27703.62233361695,29946.39405460533,28376.453849913465
2023-12-23 05:00:00,26982.0,26841.035068250923,29657.715141326367,27686.03909017355
2023-12-23 06:00:00,26411.0,25997.93225673427,28511.397698261597,26751.971889192464
2023-12-23 07:00:00,25646.0,24587.69150288068,26923.376752801847,25288.397077857026
2023-12-23 08:00:00,24622.0,23211.436106414632,25371.452153524835,23859.44092054769
2023-12-23 09:00:00,23614.0,22392.81654460204,24109.39081175152,22907.78882474688
2023-12-23 10:00:00,22200.0,21660.84351337142,23121.155096119088,22098.93698819572
2023-12-23 11:00:00,21310.0,21205.558441304325,22320.45564182604,21540.02760146084
2023-12-23 12:00:00,20843.0,20942.822867013223,21767.20736569032,21190.138216616357
2023-12-23 13:00:00,20513.0,21002.52161550501,21667.24253777498,21201.937892186
2023-12-23 14:00:00,20645.0,21651.65078648428,22148.534838210824,21800.71600200224
2023-12-23 15:00:00,20676.0,23189.31644323646,23041.52958852185,23144.98038682208
2023-12-23 16:00:00,21282.0,24223.408769089845,23901.070020790627,24126.70714460008
2023-12-23 17:00:00,22100.0,24711.37119757019,24281.887102608016,24582.525969081536
2023-12-23 18:00:00,22022.0,24633.026802875203,24038.36718395045,24454.628917197777
2023-12-23 19:00:00,21462.0,23803.904748448986,23395.50494242876,23681.384806642916
2023-12-23 20:00:00,21199.0,23066.39681879073,22750.11260920402,22971.51155591472
2023-12-23 21:00:00,20694.0,22785.04350833252,22399.34742689128,22669.334683900142
2023-12-23 22:00:00,20892.0,22785.092421279707,22429.73307571007,22678.484617608818
2023-12-23 23:00:00,21419.0,23190.3610584218,22812.79539289263,23077.09135876305
2023-12-24 00:00:00,22241.0,24231.20293260761,23542.763841053707,24024.671205141443
2023-12-24 01:00:00,22324.0,25654.793462214137,24631.89553721234,25347.924084713595
2023-12-24 02:00:00,23991.0,27205.99416473692,25962.17726651956,26832.84909527171
2023-12-24 03:00:00,25889.0,28076.28004625901,27179.378159128777,27807.20948011994
2023-12-24 04:00:00,25968.0,27703.62233361695,27802.401559328737,27733.256101330488
2023-12-24 05:00:00,25704.0,26841.035068250923,27510.10933108244,27041.757347100374
2023-12-24 06:00:00,25490.0,25997.93225673427,26370.357711123288,26109.65989305097
2023-12-24 07:00:00,25075.0,24587.69150288068,24799.4509803277,24651.21934611478
2023-12-24 08:00:00,24106.0,23211.436106414632,23275.47355337742,23230.647340503467
2023-12-24 09:00:00,22903.0,22392.81654460204,22052.38734749589,22290.68778547019
2023-12-24 10:00:00,22119.0,21660.84351337142,21114.25621506266,21496.86732387879
2023-12-24 11:00:00,21225.0,21205.558441304325,20374.795756745098,20956.32963593656
2023-12-24 12:00:00,20652.0,20942.822867013223,19893.827351575925,20628.124212382038
2023-12-24 13:00:00,20433.0,21002.52161550501,19876.99028930197,20664.8622176441
2023-12-24 14:00:00,20329.0,21651.65078648428,20451.965953327835,21291.745336537348
2023-12-24 15:00:00,20593.0,23189.31644323646,21448.8092531712,22667.16428621688
2023-12-24 16:00:00,21305.0,24223.408769089845,22421.877166495386,23682.949288311505
2023-12-24 17:00:00,21990.0,24711.37119757019,22925.32189100998,24175.556405602125
2023-12-24 18:00:00,22492.0,24633.026802875203,22812.8628449878,24086.97761550898
2023-12-24 19:00:00,21762.0,23803.904748448986,22308.74495117984,23355.35680926824
2023-12-24 20:00:00,21182.0,23066.39681879073,21808.95413340425,22689.164013174788
2023-12-24 21:00:00,21444.0,22785.04350833252,21609.75191435261,22432.456030138543
2023-12-24 22:00:00,21130.0,22785.092421279707,21796.70477520528,22488.576127457374
2023-12-24 23:00:00,21323.0,23190.3610584218,22340.3285195532,22935.35129676122
2023-12-25 00:00:00,21432.0,24231.20293260761,23233.799003922944,23931.98175400221
2023-12-25 01:00:00,22097.0,25654.793462214137,24488.28594726573,25304.841207729616
2023-12-25 02:00:00,23806.0,27205.99416473692,25984.665136739644,26839.59545633773
2023-12-25 03:00:00,25560.0,28076.28004625901,27367.58159707118,27863.670511502656
2023-12-25 04:00:00,25113.0,27703.62233361695,28154.812137091438,27838.97927465929
2023-12-25 05:00:00,24478.0,26841.035068250923,28024.100400260693,27195.954667853854
2023-12-25 06:00:00,24067.0,25997.93225673427,27042.203411444643,26311.213603147386
2023-12-25 07:00:00,23794.0,24587.69150288068,25624.355772119638,24898.69078365236
2023-12-25 08:00:00,23096.0,23211.436106414632,24247.611987816552,23522.288870835207
2023-12-25 09:00:00,22192.0,22392.81654460204,23164.95367495497,22624.457683707915
2023-12-25 10:00:00,21834.0,21660.84351337142,22359.523322570327,21870.44745613109
2023-12-25 11:00:00,20909.0,21205.558441304325,21744.18282308202,21367.14575583763
2023-12-25 12:00:00,20572.0,20942.822867013223,21377.975511639524,21073.368660401116
2023-12-25 13:00:00,20505.0,21002.52161550501,21465.84551169125,21141.51878436088
2023-12-25 14:00:00,20387.0,21651.65078648428,22134.86825611583,21796.616027373748
2023-12-25 15:00:00,20790.0,23189.31644323646,23214.587314355816,23196.897704572268
2023-12-25 16:00:00,21424.0,24223.408769089845,24258.94732678208,24234.07033639751
2023-12-25 17:00:00,21845.0,24711.37119757019,24821.790501910116,24744.496988872164
2023-12-25 18:00:00,22069.0,24633.026802875203,24756.63087968734,24670.10802591884
2023-12-25 19:00:00,21891.0,23803.904748448986,24287.613774351288,23949.017456219677
2023-12-25 20:00:00,21352.0,23066.39681879073,23810.73131801062,23289.697168556697
2023-12-25 21:00:00,20285.0,22785.04350833252,23622.355996141792,23036.2372546753
2023-12-25 22:00:00,20619.0,22785.092421279707,23808.267853694157,23092.04505100404
2023-12-25 23:00:00,20223.0,23190.3610584218,24339.2956423076,23535.04143358754
2023-12-26 00:00:00,20673.0,24231.20293260761,25209.02331330629,24524.549046817217
2023-12-26 01:00:00,21034.0,25654.793462214137,26429.118621468715,25887.09100999051
2023-12-26 02:00:00,22755.0,27205.99416473692,27881.03922070621,27408.507681527703
2023-12-26 03:00:00,24374.0,28076.28004625901,29210.088893261927,28416.422700359883
2023-12-26 04:00:00,24192.0,27703.62233361695,29934.77241058761,28372.967356708148
2023-12-26 05:00:00,24005.0,26841.035068250923,29733.62224186446,27708.81122033498
2023-12-26 06:00:00,23719.0,25997.93225673427,28674.236204021967,26800.823440920576
2023-12-26 07:00:00,23479.0,24587.69150288068,27172.73230849381,25363.203744564613
2023-12-26 08:00:00,22546.0,23211.436106414632,25707.08139775197,23960.129693815838
2023-12-26 09:00:00,21440.0,22392.81654460204,24531.20443325897,23034.332911199115
2023-12-26 10:00:00,21047.0,21660.84351337142,23629.196222076505,22251.34932598294
2023-12-26 11:00:00,20473.0,21205.558441304325,22914.873913932257,21718.353083092705
2023-12-26 12:00:00,20151.0,20942.822867013223,22448.229121401288,21394.44474332964
2023-12-26 13:00:00,19852.0,21002.52161550501,22435.13757315612,21432.306402800343
2023-12-26 14:00:00,20220.0,21651.65078648428,23003.580278288337,22057.229634025494
2023-12-26 15:00:00,20976.0,23189.31644323646,23983.97143584396,23427.71294101871
2023-12-26 16:00:00,22282.0,24223.408769089845,24931.082988707927,24435.71103497527
2023-12-26 17:00:00,23168.0,24711.37119757019,25399.533367731285,24917.81984861852
2023-12-26 18:00:00,23766.0,24633.026802875203,25243.554711572397,24816.18517548436
2023-12-26 19:00:00,24231.0,23803.904748448986,24687.946049222104,24069.11713868092
2023-12-26 20:00:00,24665.0,23066.39681879073,24129.283428860275,23385.262801811597
2023-12-26 21:00:00,24301.0,22785.04350833252,23864.44893686652,23108.86513689272
2023-12-26 22:00:00,24074.0,22785.092421279707,23979.6543265836,23143.460992870878
2023-12-26 23:00:00,24048.0,23190.3610584218,24446.0795566492,23567.07660789002
2023-12-27 00:00:00,24330.0,24231.20293260761,25257.57766073148,24539.115351044773
2023-12-27 01:00:00,24256.0,25654.793462214137,26426.002718472235,25886.156239091564
2023-12-27 02:00:00,25493.0,27205.99416473692,27832.91630255593,27394.070806082625
2023-12-27 03:00:00,27135.0,28076.28004625901,29123.6450240117,28390.48953958481
2023-12-27 04:00:00,26979.0,27703.62233361695,29816.637642354966,28337.52692623835
2023-12-27 05:00:00,26488.0,26841.035068250923,29590.294917270046,27665.81302295666
2023-12-27 06:00:00,25813.0,25997.93225673427,28512.011240560463,26752.155951882127
2023-12-27 07:00:00,25221.0,24587.69150288068,26997.63424307962,25310.674324940355
2023-12-27 08:00:00,24068.0,23211.436106414632,25524.80289857687,23905.446144063302
2023-12-27 09:00:00,23275.0,22392.81654460204,24347.05090502557,22979.08685272909
2023-12-27 10:00:00,21757.0,21660.84351337142,23448.03704754164,22197.001573622485
2023-12-27 11:00:00,21119.0,21205.558441304325,22741.10077965956,21666.221142810893
2023-12-27 12:00:00,20930.0,20942.822867013223,22285.72178094079,21345.692541191493
2023-12-27 13:00:00,20598.0,21002.52161550501,22287.237299514945,21387.936320707988
2023-12-27 14:00:00,20956.0,21651.65078648428,22873.071156664428,22018.076897538325
2023-12-27 15:00:00,21564.0,23189.31644323646,23873.069543237925,23394.4423732369
2023-12-27 16:00:00,23649.0,24223.408769089845,24841.433405848235,24408.81616011736
2023-12-27 17:00:00,24288.0,24711.37119757019,25332.21486763716,24897.62429859028
2023-12-27 18:00:00,24508.0,24633.026802875203,25199.091871148084,24802.846323357066
2023-12-27 19:00:00,23764.0,23803.904748448986,24666.328438385608,24062.63185542997
2023-12-27 20:00:00,24615.0,23066.39681879073,24129.991442965773,23385.475206043244
2023-12-27 21:00:00,25184.0,22785.04350833252,23886.485757760507,23115.476183160918
2023-12-27 22:00:00,25481.0,22785.092421279707,24021.583424042325,23156.039722108493
2023-12-27 23:00:00,25727.0,23190.3610584218,24506.06707716506,23585.072864044778
2023-12-28 00:00:00,25029.0,24231.20293260761,25333.438994892877,24561.87375129319
2023-12-28 01:00:00,24834.0,25654.793462214137,26515.252492635747,25912.93117134062
2023-12-28 02:00:00,26096.0,27205.99416473692,27932.82100510635,27424.042216847745
2023-12-28 03:00:00,27643.0,28076.28004625901,29231.277452596136,28422.779268160142
2023-12-28 04:00:00,27479.0,27703.62233361695,29928.932344903948,28371.21533700305
2023-12-28 05:00:00,26798.0,26841.035068250923,29704.103797941803,27699.955687158184
2023-12-28 06:00:00,26170.0,25997.93225673427,28624.158510865363,26785.8001329736
2023-12-28 07:00:00,25292.0,24587.69150288068,27104.96991895627,25342.87502770335
2023-12-28 08:00:00,24042.0,23211.436106414632,25624.254074813936,23935.28149693442
2023-12-28 09:00:00,22733.0,22392.81654460204,24435.67007995638,23005.67260520834
2023-12-28 10:00:00,21672.0,21660.84351337142,23523.04682164552,22219.504505853645
2023-12-28 11:00:00,21113.0,21205.558441304325,22799.934311446123,21683.87120234686
2023-12-28 12:00:00,20579.0,20942.822867013223,22326.05845113012,21357.79354224829
2023-12-28 13:00:00,20439.0,21002.52161550501,22307.03311011602,21393.87506388831
2023-12-28 14:00:00,20645.0,21651.65078648428,22870.58347164286,22017.330592031856
2023-12-28 15:00:00,21642.0,23189.31644323646,23846.87586454283,23386.584269628373
2023-12-28 16:00:00,23154.0,24223.408769089845,24790.44396770739,24393.519328675105
2023-12-28 17:00:00,24180.0,24711.37119757019,25255.678924782227,24874.6635157338
2023-12-28 18:00:00,25266.0,24633.026802875203,25096.59765120573,24772.09805737436
2023-12-28 19:00:00,25443.0,23803.904748448986,24537.796821214957,24024.072370278773
2023-12-28 20:00:00,25562.0,23066.39681879073,23975.66352394636,23339.17683033742
2023-12-28 21:00:00,24936.0,22785.04350833252,23706.90454184376,23061.601818385887
2023-12-28 22:00:00,24481.0,22785.092421279707,23817.569983775877,23094.83569002856
2023-12-28 23:00:00,24072.0,23190.3610584218,24278.691590898903,23516.86021816493
2023-12-29 00:00:00,23791.0,24231.20293260761,25083.98715630441,24487.03819971665
2023-12-29 01:00:00,23651.0,25654.793462214137,26245.187852733223,25831.911779369864
2023-12-29 02:00:00,25353.0,27205.99416473692,27643.74386909056,27337.319076043008
2023-12-29 03:00:00,27073.0,28076.28004625901,28924.881005174564,28330.860333933677
2023-12-29 04:00:00,26796.0,27703.62233361695,29606.95672352173,28274.622650588382
2023-12-29 05:00:00,26312.0,26841.035068250923,29368.28886388792,27599.211206942015
2023-12-29 06:00:00,25784.0,25997.93225673427,28276.19609234808,26681.41140741841
2023-12-29 07:00:00,25189.0,24587.69150288068,26746.456311986178,25235.32094561232
2023-12-29 08:00:00,24001.0,23211.436106414632,25256.6435884782,23824.998351033704
2023-12-29 09:00:00,22627.0,22392.81654460204,24060.23040264654,22893.040702015387
2023-12-29 10:00:00,21761.0,21660.84351337142,23140.81696398846,22104.83554855653
2023-12-29 11:00:00,20914.0,21205.558441304325,22411.685849914527,21567.396663887383
2023-12-29 12:00:00,20625.0,20942.822867013223,21932.260754466053,21239.65423324907
2023-12-29 13:00:00,20503.0,21002.52161550501,21907.82317917274,21274.112084605327
2023-12-29 14:00:00,20569.0,21651.65078648428,22465.74096230344,21895.87783923003
2023-12-29 15:00:00,21387.0,23189.31644323646,23435.803794785945,23263.262648701304
2023-12-29 16:00:00,22718.0,24223.408769089845,24372.15553293382,24268.032798243035
2023-12-29 17:00:00,23574.0,24711.37119757019,24828.790763090656,24746.59706722633
2023-12-29 18:00:00,24122.0,24633.026802875203,24659.32981182893,24640.91770556132
2023-12-29 19:00:00,24419.0,23803.904748448986,24087.97959697368,23889.127203006392
2023-12-29 20:00:00,24448.0,23066.39681879073,23510.751213096704,23199.703137082524
2023-12-29 21:00:00,23794.0,22785.04350833252,23223.99610739993,22916.72928805274
2023-12-29 22:00:00,23522.0,22785.092421279707,23313.436481189787,22943.59563925273
2023-12-29 23:00:00,23325.0,23190.3610584218,23749.810137115957,23358.195782030045
2023-12-30 00:00:00,23285.0,24231.20293260761,24526.58111959425,24319.816388703606
2023-12-30 01:00:00,23575.0,25654.793462214137,25655.272850295165,25654.937278638445
2023-12-30 02:00:00,24940.0,27205.99416473692,27017.17907282755,27149.34963716411
2023-12-30 03:00:00,26561.0,28076.28004625901,28257.42517586447,28130.623585140645
2023-12-30 04:00:00,26311.0,27703.62233361695,28894.32831724,28060.834128703864
2023-12-30 05:00:00,25861.0,26841.035068250923,28606.22949019152,27370.5933948331
2023-12-30 06:00:00,25481.0,25997.93225673427,27460.53654527561,26436.71354329667
2023-12-30 07:00:00,24901.0,24587.69150288068,25873.18434605056,24973.33935583164
2023-12-30 08:00:00,23721.0,23211.436106414632,24321.972575773707,23544.59704722236
2023-12-30 09:00:00,22638.0,22392.81654460204,23060.667978990958,22593.17197491871
2023-12-30 10:00:00,21983.0,21660.84351337142,22073.232755806526,21784.56028610195
2023-12-30 11:00:00,21364.0,21205.558441304325,21273.37737177631,21225.90412044592
2023-12-30 12:00:00,20495.0,20942.822867013223,20721.01657234203,20876.280978611863
2023-12-30 13:00:00,20270.0,21002.52161550501,20621.982454775785,20888.359867286243
2023-12-30 14:00:00,20116.0,21651.65078648428,21104.24852497185,21487.430108030552
2023-12-30 15:00:00,20332.0,23189.31644323646,21998.259928711494,22831.99948887897
2023-12-30 16:00:00,21115.0,24223.408769089845,22858.85972093054,23814.04405464205
2023-12-30 17:00:00,21580.0,24711.37119757019,23240.77869065517,24270.193445495683
2023-12-30 18:00:00,22500.0,24633.026802875203,22998.4030077946,24142.63966435102
2023-12-30 19:00:00,23251.0,23803.904748448986,22356.727168535417,23369.751474474917
2023-12-30 20:00:00,23725.0,23066.39681879073,21712.563221177705,22660.246739506823
2023-12-30 21:00:00,23794.0,22785.04350833252,21363.06822411133,22358.45092306616
2023-12-30 22:00:00,22950.0,22785.092421279707,21394.765671859484,22367.99439645364
2023-12-30 23:00:00,22739.0,23190.3610584218,21779.1812146636,22767.00710529434
2023-12-31 00:00:00,22068.0,24231.20293260761,22510.54412672192,23715.005290841906
2023-12-31 01:00:00,21902.0,25654.793462214137,23601.11133528469,25038.688824135304
2023-12-31 02:00:00,23544.0,27205.99416473692,24932.869434380853,26524.0567456301
2023-12-31 03:00:00,25641.0,28076.28004625901,26151.58736170554,27498.872240892968
2023-12-31 04:00:00,25584.0,27703.62233361695,26776.16826775671,27425.38611385888
2023-12-31 05:00:00,25412.0,26841.035068250923,26485.47382133654,26734.36669417661
2023-12-31 06:00:00,25215.0,25997.93225673427,25347.360062780077,25802.76059854801
2023-12-31 07:00:00,24683.0,24587.69150288068,23778.13107520541,24344.823374578093
2023-12-31 08:00:00,24153.0,23211.436106414632,22255.87107425104,22924.766596765552
2023-12-31 09:00:00,22361.0,22392.81654460204,21034.54177680192,21985.334114262
2023-12-31 10:00:00,21795.0,21660.84351337142,20098.206833664637,21192.052509459383
2023-12-31 11:00:00,21056.0,21205.558441304325,19360.58164260691,20652.0654016951
2023-12-31 12:00:00,20393.0,20942.822867013223,18881.48737855172,20324.42222047477
2023-12-31 13:00:00,19902.0,21002.52161550501,18866.56312587385,20361.73406861566
2023-12-31 14:00:00,19860.0,21651.65078648428,19443.490061332872,20989.202568938857
2023-12-31 15:00:00,20296.0,23189.31644323646,20442.322886729537,22365.21837628438
2023-12-31 16:00:00,20786.0,24223.408769089845,21417.41837054966,23381.61164952779
2023-12-31 17:00:00,21173.0,24711.37119757019,21922.928500323786,23874.838388396267
2023-12-31 18:00:00,21684.0,24633.026802875203,21812.57248285833,23786.89050687014
2023-12-31 19:00:00,22739.0,23803.904748448986,21310.59502823485,23055.91183238474
2023-12-31 20:00:00,22901.0,23066.39681879073,20812.98184651785,22390.372327108867
2023-12-31 21:00:00,22916.0,22785.04350833252,20615.9942454243,22134.32872946005
2023-12-31 22:00:00,22749.0,22785.092421279707,20805.19848997528,22191.124241888378
2023-12-31 23:00:00,22943.0,23190.3610584218,21351.110166527436,22638.58579085349
