period,respondent,respondent-name,type,type-name,value,value-units
2023-01-01T00,CISO,California Independent System Operator,D,Demand,24007,megawatthours
2023-01-01T01,CISO,California Independent System Operator,D,Demand,24546,megawatthours
2023-01-01T02,CISO,California Independent System Operator,D,Demand,25344,megawatthours
2023-01-01T03,CISO,California Independent System Operator,D,Demand,26468,megawatthours
2023-01-01T04,CISO,California Independent System Operator,D,Demand,26047,megawatthours
2023-01-01T05,CISO,California Independent System Operator,D,Demand,25240,megawatthours
2023-01-01T06,CISO,California Independent System Operator,D,Demand,24466,megawatthours
2023-01-01T07,CISO,California Independent System Operator,D,Demand,23858,megawatthours
2023-01-01T08,CISO,California Independent System Operator,D,Demand,23133,megawatthours
2023-01-01T09,CISO,California Independent System Operator,D,Demand,22049,megawatthours
2023-01-01T10,CISO,California Independent System Operator,D,Demand,21298,megawatthours
2023-01-01T11,CISO,California Independent System Operator,D,Demand,20807,megawatthours
2023-01-01T12,CISO,California Independent System Operator,D,Demand,20301,megawatthours
2023-01-01T13,CISO,California Independent System Operator,D,Demand,19927,megawatthours
2023-01-01T14,CISO,California Independent System Operator,D,Demand,19979,megawatthours
2023-01-01T15,CISO,California Independent System Operator,D,Demand,20278,megawatthours
2023-01-01T16,CISO,California Independent System Operator,D,Demand,20653,megawatthours
2023-01-01T17,CISO,California Independent System Operator,D,Demand,20607,megawatthours
2023-01-01T18,CISO,California Independent System Operator,D,Demand,20033,megawatthours
2023-01-01T19,CISO,California Independent System Operator,D,Demand,19461,megawatthours
2023-01-01T20,CISO,California Independent System Operator,D,Demand,19279,megawatthours
2023-01-01T21,CISO,California Independent System Operator,D,Demand,19297,megawatthours
2023-01-01T22,CISO,California Independent System Operator,D,Demand,19275,megawatthours
2023-01-01T23,CISO,California Independent System Operator,D,Demand,19596,megawatthours
2023-01-02T00,CISO,California Independent System Operator,D,Demand,19644,megawatthours
2023-01-02T01,CISO,California Independent System Operator,D,Demand,20649,megawatthours
2023-01-02T02,CISO,California Independent System Operator,D,Demand,22399,megawatthours
2023-01-02T03,CISO,California Independent System Operator,D,Demand,24778,megawatthours
2023-01-02T04,CISO,California Independent System Operator,D,Demand,25166,megawatthours
2023-01-02T05,CISO,California Independent System Operator,D,Demand,25110,megawatthours
2023-01-02T06,CISO,California Independent System Operator,D,Demand,24640,megawatthours
2023-01-02T07,CISO,California Independent System Operator,D,Demand,24259,megawatthours
2023-01-02T08,CISO,California Independent System Operator,D,Demand,23210,megawatthours
2023-01-02T09,CISO,California Independent System Operator,D,Demand,21897,megawatthours
2023-01-02T10,CISO,California Independent System Operator,D,Demand,21483,megawatthours
2023-01-02T11,CISO,California Independent System Operator,D,Demand,20773,megawatthours
2023-01-02T12,CISO,California Independent System Operator,D,Demand,20329,megawatthours
2023-01-02T13,CISO,California Independent System Operator,D,Demand,20335,megawatthours
2023-01-02T14,CISO,California Independent System Operator,D,Demand,20527,megawatthours
2023-01-02T15,CISO,California Independent System Operator,D,Demand,21468,megawatthours
2023-01-02T16,CISO,California Independent System Operator,D,Demand,22710,megawatthours
2023-01-02T17,CISO,California Independent System Operator,D,Demand,23098,megawatthours
2023-01-02T18,CISO,California Independent System Operator,D,Demand,22971,megawatthours
2023-01-02T19,CISO,California Independent System Operator,D,Demand,23346,megawatthours
2023-01-02T20,CISO,California Independent System Operator,D,Demand,23474,megawatthours
2023-01-02T21,CISO,California Independent System Operator,D,Demand,24281,megawatthours
2023-01-02T22,CISO,California Independent System Operator,D,Demand,24429,megawatthours
2023-01-02T23,CISO,California Independent System Operator,D,Demand,25190,megawatthours
2023-01-03T00,CISO,California Independent System Operator,D,Demand,25918,megawatthours
2023-01-03T01,CISO,California Independent System Operator,D,Demand,26121,megawatthours
2023-01-03T02,CISO,California Independent System Operator,D,Demand,27310,megawatthours
2023-01-03T03,CISO,California Independent System Operator,D,Demand,28567,megawatthours
2023-01-03T04,CISO,California Independent System Operator,D,Demand,28396,megawatthours
2023-01-03T05,CISO,California Independent System Operator,D,Demand,27724,megawatthours
2023-01-03T06,CISO,California Independent System Operator,D,Demand,26872,megawatthours
2023-01-03T07,CISO,California Independent System Operator,D,Demand,26019,megawatthours
2023-01-03T08,CISO,California Independent System Operator,D,Demand,24535,megawatthours
2023-01-03T09,CISO,California Independent System Operator,D,Demand,23243,megawatthours
2023-01-03T10,CISO,California Independent System Operator,D,Demand,22414,megawatthours
2023-01-03T11,CISO,California Independent System Operator,D,Demand,21928,megawatthours
2023-01-03T12,CISO,California Independent System Operator,D,Demand,21828,megawatthours
2023-01-03T13,CISO,California Independent System Operator,D,Demand,21641,megawatthours
2023-01-03T14,CISO,California Independent System Operator,D,Demand,21683,megawatthours
2023-01-03T15,CISO,California Independent System Operator,D,Demand,22990,megawatthours
2023-01-03T16,CISO,California Independent System Operator,D,Demand,24875,megawatthours
2023-01-03T17,CISO,California Independent System Operator,D,Demand,26168,megawatthours
2023-01-03T18,CISO,California Independent System Operator,D,Demand,26992,megawatthours
2023-01-03T19,CISO,California Independent System Operator,D,Demand,26883,megawatthours
2023-01-03T20,CISO,California Independent System Operator,D,Demand,26827,megawatthours
2023-01-03T21,CISO,California Independent System Operator,D,Demand,26337,megawatthours
2023-01-03T22,CISO,California Independent System Operator,D,Demand,26407,megawatthours
2023-01-03T23,CISO,California Independent System Operator,D,Demand,26301,megawatthours
2023-01-04T00,CISO,California Independent System Operator,D,Demand,26099,megawatthours
2023-01-04T01,CISO,California Independent System Operator,D,Demand,26638,megawatthours
2023-01-04T02,CISO,California Independent System Operator,D,Demand,27617,megawatthours
2023-01-04T03,CISO,California Independent System Operator,D,Demand,29102,megawatthours
2023-01-04T04,CISO,California Independent System Operator,D,Demand,28764,megawatthours
2023-01-04T05,CISO,California Independent System Operator,D,Demand,28294,megawatthours
2023-01-04T06,CISO,California Independent System Operator,D,Demand,27589,megawatthours
2023-01-04T07,CISO,California Independent System Operator,D,Demand,26630,megawatthours
2023-01-04T08,CISO,California Independent System Operator,D,Demand,25085,megawatthours
2023-01-04T09,CISO,California Independent System Operator,D,Demand,23884,megawatthours
2023-01-04T10,CISO,California Independent System Operator,D,Demand,23211,megawatthours
2023-01-04T11,CISO,California Independent System Operator,D,Demand,22651,megawatthours
2023-01-04T12,CISO,California Independent System Operator,D,Demand,22159,megawatthours
2023-01-04T13,CISO,California Independent System Operator,D,Demand,21837,megawatthours
2023-01-04T14,CISO,California Independent System Operator,D,Demand,22127,megawatthours
2023-01-04T15,CISO,California Independent System Operator,D,Demand,22685,megawatthours
2023-01-04T16,CISO,California Independent System Operator,D,Demand,24344,megawatthours
2023-01-04T17,CISO,California Independent System Operator,D,Demand,25546,megawatthours
2023-01-04T18,CISO,California Independent System Operator,D,Demand,26359,megawatthours
2023-01-04T19,CISO,California Independent System Operator,D,Demand,26236,megawatthours
2023-01-04T20,CISO,California Independent System Operator,D,Demand,26413,megawatthours
2023-01-04T21,CISO,California Independent System Operator,D,Demand,26235,megawatthours
2023-01-04T22,CISO,California Independent System Operator,D,Demand,26001,megawatthours
2023-01-04T23,CISO,California Independent System Operator,D,Demand,25879,megawatthours
2023-01-05T00,CISO,California Independent System Operator,D,Demand,25564,megawatthours
2023-01-05T01,CISO,California Independent System Operator,D,Demand,25674,megawatthours
2023-01-05T02,CISO,California Independent System Operator,D,Demand,26690,megawatthours
2023-01-05T03,CISO,California Independent System Operator,D,Demand,28147,megawatthours
2023-01-05T04,CISO,California Independent System Operator,D,Demand,28017,megawatthours
2023-01-05T05,CISO,California Independent System Operator,D,Demand,27209,megawatthours
2023-01-05T06,CISO,California Independent System Operator,D,Demand,26516,megawatthours
2023-01-05T07,CISO,California Independent System Operator,D,Demand,25527,megawatthours
2023-01-05T08,CISO,California Independent System Operator,D,Demand,24112,megawatthours
2023-01-05T09,CISO,California Independent System Operator,D,Demand,23450,megawatthours
2023-01-05T10,CISO,California Independent System Operator,D,Demand,22655,megawatthours
2023-01-05T11,CISO,California Independent System Operator,D,Demand,22219,megawatthours
2023-01-05T12,CISO,California Independent System Operator,D,Demand,21701,megawatthours
2023-01-05T13,CISO,California Independent System Operator,D,Demand,21073,megawatthours
2023-01-05T14,CISO,California Independent System Operator,D,Demand,20951,megawatthours
2023-01-05T15,CISO,California Independent System Operator,D,Demand,21804,megawatthours
2023-01-05T16,CISO,California Independent System Operator,D,Demand,23725,megawatthours
2023-01-05T17,CISO,California Independent System Operator,D,Demand,25103,megawatthours
2023-01-05T18,CISO,California Independent System Operator,D,Demand,25942,megawatthours
2023-01-05T19,CISO,California Independent System Operator,D,Demand,26402,megawatthours
2023-01-05T20,CISO,California Independent System Operator,D,Demand,27238,megawatthours
2023-01-05T21,CISO,California Independent System Operator,D,Demand,27090,megawatthours
2023-01-05T22,CISO,California Independent System Operator,D,Demand,27185,megawatthours
2023-01-05T23,CISO,California Independent System Operator,D,Demand,26226,megawatthours
2023-01-06T00,CISO,California Independent System Operator,D,Demand,25477,megawatthours
2023-01-06T01,CISO,California Independent System Operator,D,Demand,25253,megawatthours
2023-01-06T02,CISO,California Independent System Operator,D,Demand,25931,megawatthours
2023-01-06T03,CISO,California Independent System Operator,D,Demand,27614,megawatthours
2023-01-06T04,CISO,California Independent System Operator,D,Demand,27834,megawatthours
2023-01-06T05,CISO,California Independent System Operator,D,Demand,27301,megawatthours
2023-01-06T06,CISO,California Independent System Operator,D,Demand,26638,megawatthours
2023-01-06T07,CISO,California Independent System Operator,D,Demand,25800,megawatthours
2023-01-06T08,CISO,California Independent System Operator,D,Demand,24429,megawatthours
2023-01-06T09,CISO,California Independent System Operator,D,Demand,23001,megawatthours
2023-01-06T10,CISO,California Independent System Operator,D,Demand,22409,megawatthours
2023-01-06T11,CISO,California Independent System Operator,D,Demand,21903,megawatthours
2023-01-06T12,CISO,California Independent System Operator,D,Demand,21858,megawatthours
2023-01-06T13,CISO,California Independent System Operator,D,Demand,21645,megawatthours
2023-01-06T14,CISO,California Independent System Operator,D,Demand,21769,megawatthours
2023-01-06T15,CISO,California Independent System Operator,D,Demand,22902,megawatthours
2023-01-06T16,CISO,California Independent System Operator,D,Demand,24434,megawatthours
2023-01-06T17,CISO,California Independent System Operator,D,Demand,25719,megawatthours
2023-01-06T18,CISO,California Independent System Operator,D,Demand,25628,megawatthours
2023-01-06T19,CISO,California Independent System Operator,D,Demand,24787,megawatthours
2023-01-06T20,CISO,California Independent System Operator,D,Demand,23766,megawatthours
2023-01-06T21,CISO,California Independent System Operator,D,Demand,23248,megawatthours
2023-01-06T22,CISO,California Independent System Operator,D,Demand,22598,megawatthours
2023-01-06T23,CISO,California Independent System Operator,D,Demand,22741,megawatthours
2023-01-07T00,CISO,California Independent System Operator,D,Demand,23297,megawatthours
2023-01-07T01,CISO,California Independent System Operator,D,Demand,23581,megawatthours
2023-01-07T02,CISO,California Independent System Operator,D,Demand,25216,megawatthours
2023-01-07T03,CISO,California Independent System Operator,D,Demand,27226,megawatthours
2023-01-07T04,CISO,California Independent System Operator,D,Demand,27141,megawatthours
2023-01-07T05,CISO,California Independent System Operator,D,Demand,26705,megawatthours
2023-01-07T06,CISO,California Independent System Operator,D,Demand,26243,megawatthours
2023-01-07T07,CISO,California Independent System Operator,D,Demand,25581,megawatthours
2023-01-07T08,CISO,California Independent System Operator,D,Demand,24342,megawatthours
2023-01-07T09,CISO,California Independent System Operator,D,Demand,23140,megawatthours
2023-01-07T10,CISO,California Independent System Operator,D,Demand,22150,megawatthours
2023-01-07T11,CISO,California Independent System Operator,D,Demand,21850,megawatthours
2023-01-07T12,CISO,California Independent System Operator,D,Demand,21215,megawatthours
2023-01-07T13,CISO,California Independent System Operator,D,Demand,20855,megawatthours
2023-01-07T14,CISO,California Independent System Operator,D,Demand,20963,megawatthours
2023-01-07T15,CISO,California Independent System Operator,D,Demand,21615,megawatthours
2023-01-07T16,CISO,California Independent System Operator,D,Demand,22414,megawatthours
2023-01-07T17,CISO,California Independent System Operator,D,Demand,22735,megawatthours
2023-01-07T18,CISO,California Independent System Operator,D,Demand,23365,megawatthours
2023-01-07T19,CISO,California Independent System Operator,D,Demand,22958,megawatthours
2023-01-07T20,CISO,California Independent System Operator,D,Demand,22809,megawatthours
2023-01-07T21,CISO,California Independent System Operator,D,Demand,22013,megawatthours
2023-01-07T22,CISO,California Independent System Operator,D,Demand,21896,megawatthours
2023-01-07T23,CISO,California Independent System Operator,D,Demand,21764,megawatthours
2023-01-08T00,CISO,California Independent System Operator,D,Demand,22131,megawatthours
2023-01-08T01,CISO,California Independent System Operator,D,Demand,22930,megawatthours
2023-01-08T02,CISO,California Independent System Operator,D,Demand,24079,megawatthours
2023-01-08T03,CISO,California Independent System Operator,D,Demand,25792,megawatthours
2023-01-08T04,CISO,California Independent System Operator,D,Demand,25704,megawatthours
2023-01-08T05,CISO,California Independent System Operator,D,Demand,25348,megawatthours
2023-01-08T06,CISO,California Independent System Operator,D,Demand,24889,megawatthours
2023-01-08T07,CISO,California Independent System Operator,D,Demand,24303,megawatthours
2023-01-08T08,CISO,California Independent System Operator,D,Demand,23633,megawatthours
2023-01-08T09,CISO,California Independent System Operator,D,Demand,22588,megawatthours
2023-01-08T10,CISO,California Independent System Operator,D,Demand,21750,megawatthours
2023-01-08T11,CISO,California Independent System Operator,D,Demand,20841,megawatthours
2023-01-08T12,CISO,California Independent System Operator,D,Demand,20439,megawatthours
2023-01-08T13,CISO,California Independent System Operator,D,Demand,19978,megawatthours
2023-01-08T14,CISO,California Independent System Operator,D,Demand,19891,megawatthours
2023-01-08T15,CISO,California Independent System Operator,D,Demand,20303,megawatthours
2023-01-08T16,CISO,California Independent System Operator,D,Demand,20886,megawatthours
2023-01-08T17,CISO,California Independent System Operator,D,Demand,21408,megawatthours
2023-01-08T18,CISO,California Independent System Operator,D,Demand,21443,megawatthours
2023-01-08T19,CISO,California Independent System Operator,D,Demand,20838,megawatthours
2023-01-08T20,CISO,California Independent System Operator,D,Demand,20406,megawatthours
2023-01-08T21,CISO,California Independent System Operator,D,Demand,20128,megawatthours
2023-01-08T22,CISO,California Independent System Operator,D,Demand,20137,megawatthours
2023-01-08T23,CISO,California Independent System Operator,D,Demand,20606,megawatthours
2023-01-09T00,CISO,California Independent System Operator,D,Demand,21262,megawatthours
2023-01-09T01,CISO,California Independent System Operator,D,Demand,22023,megawatthours
2023-01-09T02,CISO,California Independent System Operator,D,Demand,23346,megawatthours
2023-01-09T03,CISO,California Independent System Operator,D,Demand,25549,megawatthours
2023-01-09T04,CISO,California Independent System Operator,D,Demand,25784,megawatthours
2023-01-09T05,CISO,California Independent System Operator,D,Demand,25483,megawatthours
2023-01-09T06,CISO,California Independent System Operator,D,Demand,24865,megawatthours
2023-01-09T07,CISO,California Independent System Operator,D,Demand,23825,megawatthours
2023-01-09T08,CISO,California Independent System Operator,D,Demand,22573,megawatthours
2023-01-09T09,CISO,California Independent System Operator,D,Demand,21183,megawatthours
2023-01-09T10,CISO,California Independent System Operator,D,Demand,20897,megawatthours
2023-01-09T11,CISO,California Independent System Operator,D,Demand,20758,megawatthours
2023-01-09T12,CISO,California Independent System Operator,D,Demand,20933,megawatthours
2023-01-09T13,CISO,California Independent System Operator,D,Demand,20974,megawatthours
2023-01-09T14,CISO,California Independent System Operator,D,Demand,21132,megawatthours
2023-01-09T15,CISO,California Independent System Operator,D,Demand,21885,megawatthours
2023-01-09T16,CISO,California Independent System Operator,D,Demand,23885,megawatthours
2023-01-09T17,CISO,California Independent System Operator,D,Demand,25814,megawatthours
2023-01-09T18,CISO,California Independent System Operator,D,Demand,26183,megawatthours
2023-01-09T19,CISO,California Independent System Operator,D,Demand,26593,megawatthours
2023-01-09T20,CISO,California Independent System Operator,D,Demand,26531,megawatthours
2023-01-09T21,CISO,California Independent System Operator,D,Demand,26928,megawatthours
2023-01-09T22,CISO,California Independent System Operator,D,Demand,25993,megawatthours
2023-01-09T23,CISO,California Independent System Operator,D,Demand,25551,megawatthours
2023-01-10T00,CISO,California Independent System Operator,D,Demand,25506,megawatthours
2023-01-10T01,CISO,California Independent System Operator,D,Demand,25913,megawatthours
2023-01-10T02,CISO,California Independent System Operator,D,Demand,26785,megawatthours
2023-01-10T03,CISO,California Independent System Operator,D,Demand,27985,megawatthours
2023-01-10T04,CISO,California Independent System Operator,D,Demand,27911,megawatthours
2023-01-10T05,CISO,California Independent System Operator,D,Demand,27314,megawatthours
2023-01-10T06,CISO,California Independent System Operator,D,Demand,26570,megawatthours
2023-01-10T07,CISO,California Independent System Operator,D,Demand,25712,megawatthours
2023-01-10T08,CISO,California Independent System Operator,D,Demand,24208,megawatthours
2023-01-10T09,CISO,California Independent System Operator,D,Demand,22770,megawatthours
2023-01-10T10,CISO,California Independent System Operator,D,Demand,22130,megawatthours
2023-01-10T11,CISO,California Independent System Operator,D,Demand,21528,megawatthours
2023-01-10T12,CISO,California Independent System Operator,D,Demand,21162,megawatthours
2023-01-10T13,CISO,California Independent System Operator,D,Demand,20912,megawatthours
2023-01-10T14,CISO,California Independent System Operator,D,Demand,21231,megawatthours
2023-01-10T15,CISO,California Independent System Operator,D,Demand,22155,megawatthours
2023-01-10T16,CISO,California Independent System Operator,D,Demand,23913,megawatthours
2023-01-10T17,CISO,California Independent System Operator,D,Demand,25578,megawatthours
2023-01-10T18,CISO,California Independent System Operator,D,Demand,26361,megawatthours
2023-01-10T19,CISO,California Independent System Operator,D,Demand,26603,megawatthours
2023-01-10T20,CISO,California Independent System Operator,D,Demand,26430,megawatthours
2023-01-10T21,CISO,California Independent System Operator,D,Demand,26488,megawatthours
2023-01-10T22,CISO,California Independent System Operator,D,Demand,26615,megawatthours
2023-01-10T23,CISO,California Independent System Operator,D,Demand,26207,megawatthours
2023-01-11T00,CISO,California Independent System Operator,D,Demand,25524,megawatthours
2023-01-11T01,CISO,California Independent System Operator,D,Demand,25670,megawatthours
2023-01-11T02,CISO,California Independent System Operator,D,Demand,26579,megawatthours
2023-01-11T03,CISO,California Independent System Operator,D,Demand,28332,megawatthours
2023-01-11T04,CISO,California Independent System Operator,D,Demand,28445,megawatthours
2023-01-11T05,CISO,California Independent System Operator,D,Demand,27840,megawatthours
2023-01-11T06,CISO,California Independent System Operator,D,Demand,27229,megawatthours
2023-01-11T07,CISO,California Independent System Operator,D,Demand,26229,megawatthours
2023-01-11T08,CISO,California Independent System Operator,D,Demand,24734,megawatthours
2023-01-11T09,CISO,California Independent System Operator,D,Demand,23699,megawatthours
2023-01-11T10,CISO,California Independent System Operator,D,Demand,22746,megawatthours
2023-01-11T11,CISO,California Independent System Operator,D,Demand,22023,megawatthours
2023-01-11T12,CISO,California Independent System Operator,D,Demand,21942,megawatthours
2023-01-11T13,CISO,California Independent System Operator,D,Demand,21733,megawatthours
2023-01-11T14,CISO,California Independent System Operator,D,Demand,21918,megawatthours
2023-01-11T15,CISO,California Independent System Operator,D,Demand,23271,megawatthours
2023-01-11T16,CISO,California Independent System Operator,D,Demand,25796,megawatthours
2023-01-11T17,CISO,California Independent System Operator,D,Demand,27246,megawatthours
2023-01-11T18,CISO,California Independent System Operator,D,Demand,27408,megawatthours
2023-01-11T19,CISO,California Independent System Operator,D,Demand,27809,megawatthours
2023-01-11T20,CISO,California Independent System Operator,D,Demand,26842,megawatthours
2023-01-11T21,CISO,California Independent System Operator,D,Demand,26005,megawatthours
2023-01-11T22,CISO,California Independent System Operator,D,Demand,25732,megawatthours
2023-01-11T23,CISO,California Independent System Operator,D,Demand,25622,megawatthours
2023-01-12T00,CISO,California Independent System Operator,D,Demand,25832,megawatthours
2023-01-12T01,CISO,California Independent System Operator,D,Demand,26276,megawatthours
2023-01-12T02,CISO,California Independent System Operator,D,Demand,27587,megawatthours
2023-01-12T03,CISO,California Independent System Operator,D,Demand,28995,megawatthours
2023-01-12T04,CISO,California Independent System Operator,D,Demand,29009,megawatthours
2023-01-12T05,CISO,California Independent System Operator,D,Demand,28513,megawatthours
2023-01-12T06,CISO,California Independent System Operator,D,Demand,27804,megawatthours
2023-01-12T07,CISO,California Independent System Operator,D,Demand,26914,megawatthours
2023-01-12T08,CISO,California Independent System Operator,D,Demand,25239,megawatthours
2023-01-12T09,CISO,California Independent System Operator,D,Demand,23960,megawatthours
2023-01-12T10,CISO,California Independent System Operator,D,Demand,23536,megawatthours
2023-01-12T11,CISO,California Independent System Operator,D,Demand,22918,megawatthours
2023-01-12T12,CISO,California Independent System Operator,D,Demand,22608,megawatthours
2023-01-12T13,CISO,California Independent System Operator,D,Demand,22365,megawatthours
2023-01-12T14,CISO,California Independent System Operator,D,Demand,22280,megawatthours
2023-01-12T15,CISO,California Independent System Operator,D,Demand,22992,megawatthours
2023-01-12T16,CISO,California Independent System Operator,D,Demand,25003,megawatthours
2023-01-12T17,CISO,California Independent System Operator,D,Demand,26112,megawatthours
2023-01-12T18,CISO,California Independent System Operator,D,Demand,25882,megawatthours
2023-01-12T19,CISO,California Independent System Operator,D,Demand,25433,megawatthours
2023-01-12T20,CISO,California Independent System Operator,D,Demand,24534,megawatthours
2023-01-12T21,CISO,California Independent System Operator,D,Demand,23739,megawatthours
2023-01-12T22,CISO,California Independent System Operator,D,Demand,23295,megawatthours
2023-01-12T23,CISO,California Independent System Operator,D,Demand,23162,megawatthours
2023-01-13T00,CISO,California Independent System Operator,D,Demand,22649,megawatthours
2023-01-13T01,CISO,California Independent System Operator,D,Demand,23546,megawatthours
2023-01-13T02,CISO,California Independent System Operator,D,Demand,24960,megawatthours
2023-01-13T03,CISO,California Independent System Operator,D,Demand,26848,megawatthours
2023-01-13T04,CISO,California Independent System Operator,D,Demand,27194,megawatthours
2023-01-13T05,CISO,California Independent System Operator,D,Demand,26602,megawatthours
2023-01-13T06,CISO,California Independent System Operator,D,Demand,25944,megawatthours
2023-01-13T07,CISO,California Independent System Operator,D,Demand,25164,megawatthours
2023-01-13T08,CISO,California Independent System Operator,D,Demand,23922,megawatthours
2023-01-13T09,CISO,California Independent System Operator,D,Demand,22890,megawatthours
2023-01-13T10,CISO,California Independent System Operator,D,Demand,21978,megawatthours
2023-01-13T11,CISO,California Independent System Operator,D,Demand,21391,megawatthours
2023-01-13T12,CISO,California Independent System Operator,D,Demand,20895,megawatthours
2023-01-13T13,CISO,California Independent System Operator,D,Demand,20451,megawatthours
2023-01-13T14,CISO,California Independent System Operator,D,Demand,20885,megawatthours
2023-01-13T15,CISO,California Independent System Operator,D,Demand,22014,megawatthours
2023-01-13T16,CISO,California Independent System Operator,D,Demand,24195,megawatthours
2023-01-13T17,CISO,California Independent System Operator,D,Demand,25633,megawatthours
2023-01-13T18,CISO,California Independent System Operator,D,Demand,25618,megawatthours
2023-01-13T19,CISO,California Independent System Operator,D,Demand,25420,megawatthours
2023-01-13T20,CISO,California Independent System Operator,D,Demand,25451,megawatthours
2023-01-13T21,CISO,California Independent System Operator,D,Demand,25505,megawatthours
2023-01-13T22,CISO,California Independent System Operator,D,Demand,25548,megawatthours
2023-01-13T23,CISO,California Independent System Operator,D,Demand,24673,megawatthours
2023-01-14T00,CISO,California Independent System Operator,D,Demand,24288,megawatthours
2023-01-14T01,CISO,California Independent System Operator,D,Demand,24376,megawatthours
2023-01-14T02,CISO,California Independent System Operator,D,Demand,25253,megawatthours
2023-01-14T03,CISO,California Independent System Operator,D,Demand,27112,megawatthours
2023-01-14T04,CISO,California Independent System Operator,D,Demand,26910,megawatthours
2023-01-14T05,CISO,California Independent System Operator,D,Demand,26400,megawatthours
2023-01-14T06,CISO,California Independent System Operator,D,Demand,25703,megawatthours
2023-01-14T07,CISO,California Independent System Operator,D,Demand,25058,megawatthours
2023-01-14T08,CISO,California Independent System Operator,D,Demand,23704,megawatthours
2023-01-14T09,CISO,California Independent System Operator,D,Demand,22239,megawatthours
2023-01-14T10,CISO,California Independent System Operator,D,Demand,21662,megawatthours
2023-01-14T11,CISO,California Independent System Operator,D,Demand,21039,megawatthours
2023-01-14T12,CISO,California Independent System Operator,D,Demand,20473,megawatthours
2023-01-14T13,CISO,California Independent System Operator,D,Demand,20195,megawatthours
2023-01-14T14,CISO,California Independent System Operator,D,Demand,20159,megawatthours
2023-01-14T15,CISO,California Independent System Operator,D,Demand,20620,megawatthours
2023-01-14T16,CISO,California Independent System Operator,D,Demand,21592,megawatthours
2023-01-14T17,CISO,California Independent System Operator,D,Demand,22032,megawatthours
2023-01-14T18,CISO,California Independent System Operator,D,Demand,22921,megawatthours
2023-01-14T19,CISO,California Independent System Operator,D,Demand,23779,megawatthours
2023-01-14T20,CISO,California Independent System Operator,D,Demand,24211,megawatthours
2023-01-14T21,CISO,California Independent System Operator,D,Demand,24181,megawatthours
2023-01-14T22,CISO,California Independent System Operator,D,Demand,24230,megawatthours
2023-01-14T23,CISO,California Independent System Operator,D,Demand,24672,megawatthours
2023-01-15T00,CISO,California Independent System Operator,D,Demand,24815,megawatthours
2023-01-15T01,CISO,California Independent System Operator,D,Demand,25084,megawatthours
2023-01-15T02,CISO,California Independent System Operator,D,Demand,25467,megawatthours
2023-01-15T03,CISO,California Independent System Operator,D,Demand,26613,megawatthours
2023-01-15T04,CISO,California Independent System Operator,D,Demand,26265,megawatthours
2023-01-15T05,CISO,California Independent System Operator,D,Demand,26069,megawatthours
2023-01-15T06,CISO,California Independent System Operator,D,Demand,25374,megawatthours
2023-01-15T07,CISO,California Independent System Operator,D,Demand,24508,megawatthours
2023-01-15T08,CISO,California Independent System Operator,D,Demand,23456,megawatthours
2023-01-15T09,CISO,California Independent System Operator,D,Demand,22189,megawatthours
2023-01-15T10,CISO,California Independent System Operator,D,Demand,21152,megawatthours
2023-01-15T11,CISO,California Independent System Operator,D,Demand,20643,megawatthours
2023-01-15T12,CISO,California Independent System Operator,D,Demand,20379,megawatthours
2023-01-15T13,CISO,California Independent System Operator,D,Demand,19899,megawatthours
2023-01-15T14,CISO,California Independent System Operator,D,Demand,20032,megawatthours
2023-01-15T15,CISO,California Independent System Operator,D,Demand,20395,megawatthours
2023-01-15T16,CISO,California Independent System Operator,D,Demand,21132,megawatthours
2023-01-15T17,CISO,California Independent System Operator,D,Demand,21351,megawatthours
2023-01-15T18,CISO,California Independent System Operator,D,Demand,22089,megawatthours
2023-01-15T19,CISO,California Independent System Operator,D,Demand,22567,megawatthours
2023-01-15T20,CISO,California Independent System Operator,D,Demand,22873,megawatthours
2023-01-15T21,CISO,California Independent System Operator,D,Demand,22709,megawatthours
2023-01-15T22,CISO,California Independent System Operator,D,Demand,22679,megawatthours
2023-01-15T23,CISO,California Independent System Operator,D,Demand,22978,megawatthours
2023-01-16T00,CISO,California Independent System Operator,D,Demand,23741,megawatthours
2023-01-16T01,CISO,California Independent System Operator,D,Demand,24416,megawatthours
2023-01-16T02,CISO,California Independent System Operator,D,Demand,25067,megawatthours
2023-01-16T03,CISO,California Independent System Operator,D,Demand,26439,megawatthours
2023-01-16T04,CISO,California Independent System Operator,D,Demand,26548,megawatthours
2023-01-16T05,CISO,California Independent System Operator,D,Demand,26128,megawatthours
2023-01-16T06,CISO,California Independent System Operator,D,Demand,25438,megawatthours
2023-01-16T07,CISO,California Independent System Operator,D,Demand,24807,megawatthours
2023-01-16T08,CISO,California Independent System Operator,D,Demand,23606,megawatthours
2023-01-16T09,CISO,California Independent System Operator,D,Demand,22183,megawatthours
2023-01-16T10,CISO,California Independent System Operator,D,Demand,21788,megawatthours
2023-01-16T11,CISO,California Independent System Operator,D,Demand,21106,megawatthours
2023-01-16T12,CISO,California Independent System Operator,D,Demand,20874,megawatthours
2023-01-16T13,CISO,California Independent System Operator,D,Demand,20661,megawatthours
2023-01-16T14,CISO,California Independent System Operator,D,Demand,20824,megawatthours
2023-01-16T15,CISO,California Independent System Operator,D,Demand,21965,megawatthours
2023-01-16T16,CISO,California Independent System Operator,D,Demand,23486,megawatthours
2023-01-16T17,CISO,California Independent System Operator,D,Demand,24357,megawatthours
2023-01-16T18,CISO,California Independent System Operator,D,Demand,24876,megawatthours
2023-01-16T19,CISO,California Independent System Operator,D,Demand,25454,megawatthours
2023-01-16T20,CISO,California Independent System Operator,D,Demand,24794,megawatthours
2023-01-16T21,CISO,California Independent System Operator,D,Demand,24309,megawatthours
2023-01-16T22,CISO,California Independent System Operator,D,Demand,24379,megawatthours
2023-01-16T23,CISO,California Independent System Operator,D,Demand,24158,megawatthours
2023-01-17T00,CISO,California Independent System Operator,D,Demand,24266,megawatthours
2023-01-17T01,CISO,California Independent System Operator,D,Demand,24823,megawatthours
2023-01-17T02,CISO,California Independent System Operator,D,Demand,26007,megawatthours
2023-01-17T03,CISO,California Independent System Operator,D,Demand,28333,megawatthours
2023-01-17T04,CISO,California Independent System Operator,D,Demand,28458,megawatthours
2023-01-17T05,CISO,California Independent System Operator,D,Demand,27882,megawatthours
2023-01-17T06,CISO,California Independent System Operator,D,Demand,27268,megawatthours
2023-01-17T07,CISO,California Independent System Operator,D,Demand,26310,megawatthours
2023-01-17T08,CISO,California Independent System Operator,D,Demand,24781,megawatthours
2023-01-17T09,CISO,California Independent System Operator,D,Demand,23115,megawatthours
2023-01-17T10,CISO,California Independent System Operator,D,Demand,22508,megawatthours
2023-01-17T11,CISO,California Independent System Operator,D,Demand,21967,megawatthours
2023-01-17T12,CISO,California Independent System Operator,D,Demand,21694,megawatthours
2023-01-17T13,CISO,California Independent System Operator,D,Demand,21724,megawatthours
2023-01-17T14,CISO,California Independent System Operator,D,Demand,21783,megawatthours
2023-01-17T15,CISO,California Independent System Operator,D,Demand,23149,megawatthours
2023-01-17T16,CISO,California Independent System Operator,D,Demand,25686,megawatthours
2023-01-17T17,CISO,California Independent System Operator,D,Demand,27269,megawatthours
2023-01-17T18,CISO,California Independent System Operator,D,Demand,27001,megawatthours
2023-01-17T19,CISO,California Independent System Operator,D,Demand,25847,megawatthours
2023-01-17T20,CISO,California Independent System Operator,D,Demand,24865,megawatthours
2023-01-17T21,CISO,California Independent System Operator,D,Demand,23992,megawatthours
2023-01-17T22,CISO,California Independent System Operator,D,Demand,23069,megawatthours
2023-01-17T23,CISO,California Independent System Operator,D,Demand,22581,megawatthours
2023-01-18T00,CISO,California Independent System Operator,D,Demand,22075,megawatthours
2023-01-18T01,CISO,California Independent System Operator,D,Demand,23073,megawatthours
2023-01-18T02,CISO,California Independent System Operator,D,Demand,25368,megawatthours
2023-01-18T03,CISO,California Independent System Operator,D,Demand,28036,megawatthours
2023-01-18T04,CISO,California Independent System Operator,D,Demand,28674,megawatthours
2023-01-18T05,CISO,California Independent System Operator,D,Demand,28329,megawatthours
2023-01-18T06,CISO,California Independent System Operator,D,Demand,27720,megawatthours
2023-01-18T07,CISO,California Independent System Operator,D,Demand,26934,megawatthours
2023-01-18T08,CISO,California Independent System Operator,D,Demand,25705,megawatthours
2023-01-18T09,CISO,California Independent System Operator,D,Demand,24189,megawatthours
2023-01-18T10,CISO,California Independent System Operator,D,Demand,23585,megawatthours
2023-01-18T11,CISO,California Independent System Operator,D,Demand,22930,megawatthours
2023-01-18T12,CISO,California Independent System Operator,D,Demand,22730,megawatthours
2023-01-18T13,CISO,California Independent System Operator,D,Demand,22326,megawatthours
2023-01-18T14,CISO,California Independent System Operator,D,Demand,22599,megawatthours
2023-01-18T15,CISO,California Independent System Operator,D,Demand,23960,megawatthours
2023-01-18T16,CISO,California Independent System Operator,D,Demand,26480,megawatthours
2023-01-18T17,CISO,California Independent System Operator,D,Demand,27750,megawatthours
2023-01-18T18,CISO,California Independent System Operator,D,Demand,27050,megawatthours
2023-01-18T19,CISO,California Independent System Operator,D,Demand,25453,megawatthours
2023-01-18T20,CISO,California Independent System Operator,D,Demand,24427,megawatthours
2023-01-18T21,CISO,California Independent System Operator,D,Demand,23435,megawatthours
2023-01-18T22,CISO,California Independent System Operator,D,Demand,23007,megawatthours
2023-01-18T23,CISO,California Independent System Operator,D,Demand,22583,megawatthours
2023-01-19T00,CISO,California Independent System Operator,D,Demand,22596,megawatthours
2023-01-19T01,CISO,California Independent System Operator,D,Demand,23710,megawatthours
2023-01-19T02,CISO,California Independent System Operator,D,Demand,25863,megawatthours
2023-01-19T03,CISO,California Independent System Operator,D,Demand,28099,megawatthours
2023-01-19T04,CISO,California Independent System Operator,D,Demand,28582,megawatthours
2023-01-19T05,CISO,California Independent System Operator,D,Demand,28163,megawatthours
2023-01-19T06,CISO,California Independent System Operator,D,Demand,27627,megawatthours
2023-01-19T07,CISO,California Independent System Operator,D,Demand,26748,megawatthours
2023-01-19T08,CISO,California Independent System Operator,D,Demand,25109,megawatthours
2023-01-19T09,CISO,California Independent System Operator,D,Demand,23714,megawatthours
2023-01-19T10,CISO,California Independent System Operator,D,Demand,23235,megawatthours
2023-01-19T11,CISO,California Independent System Operator,D,Demand,22483,megawatthours
2023-01-19T12,CISO,California Independent System Operator,D,Demand,22424,megawatthours
2023-01-19T13,CISO,California Independent System Operator,D,Demand,22516,megawatthours
2023-01-19T14,CISO,California Independent System Operator,D,Demand,22783,megawatthours
2023-01-19T15,CISO,California Independent System Operator,D,Demand,24234,megawatthours
2023-01-19T16,CISO,California Independent System Operator,D,Demand,26390,megawatthours
2023-01-19T17,CISO,California Independent System Operator,D,Demand,27622,megawatthours
2023-01-19T18,CISO,California Independent System Operator,D,Demand,26810,megawatthours
2023-01-19T19,CISO,California Independent System Operator,D,Demand,25990,megawatthours
2023-01-19T20,CISO,California Independent System Operator,D,Demand,25118,megawatthours
2023-01-19T21,CISO,California Independent System Operator,D,Demand,24081,megawatthours
2023-01-19T22,CISO,California Independent System Operator,D,Demand,23474,megawatthours
2023-01-19T23,CISO,California Independent System Operator,D,Demand,22952,megawatthours
2023-01-20T00,CISO,California Independent System Operator,D,Demand,22938,megawatthours
2023-01-20T01,CISO,California Independent System Operator,D,Demand,24320,megawatthours
2023-01-20T02,CISO,California Independent System Operator,D,Demand,26340,megawatthours
2023-01-20T03,CISO,California Independent System Operator,D,Demand,28476,megawatthours
2023-01-20T04,CISO,California Independent System Operator,D,Demand,29036,megawatthours
2023-01-20T05,CISO,California Independent System Operator,D,Demand,28462,megawatthours
2023-01-20T06,CISO,California Independent System Operator,D,Demand,27769,megawatthours
2023-01-20T07,CISO,California Independent System Operator,D,Demand,26894,megawatthours
2023-01-20T08,CISO,California Independent System Operator,D,Demand,25749,megawatthours
2023-01-20T09,CISO,California Independent System Operator,D,Demand,24094,megawatthours
2023-01-20T10,CISO,California Independent System Operator,D,Demand,23267,megawatthours
2023-01-20T11,CISO,California Independent System Operator,D,Demand,22766,megawatthours
2023-01-20T12,CISO,California Independent System Operator,D,Demand,22759,megawatthours
2023-01-20T13,CISO,California Independent System Operator,D,Demand,22557,megawatthours
2023-01-20T14,CISO,California Independent System Operator,D,Demand,22794,megawatthours
2023-01-20T15,CISO,California Independent System Operator,D,Demand,24189,megawatthours
2023-01-20T16,CISO,California Independent System Operator,D,Demand,26305,megawatthours
2023-01-20T17,CISO,California Independent System Operator,D,Demand,27521,megawatthours
2023-01-20T18,CISO,California Independent System Operator,D,Demand,26791,megawatthours
2023-01-20T19,CISO,California Independent System Operator,D,Demand,25346,megawatthours
2023-01-20T20,CISO,California Independent System Operator,D,Demand,23944,megawatthours
2023-01-20T21,CISO,California Independent System Operator,D,Demand,23151,megawatthours
2023-01-20T22,CISO,California Independent System Operator,D,Demand,22671,megawatthours
2023-01-20T23,CISO,California Independent System Operator,D,Demand,21936,megawatthours
2023-01-21T00,CISO,California Independent System Operator,D,Demand,21487,megawatthours
2023-01-21T01,CISO,California Independent System Operator,D,Demand,22725,megawatthours
2023-01-21T02,CISO,California Independent System Operator,D,Demand,24770,megawatthours
2023-01-21T03,CISO,California Independent System Operator,D,Demand,27289,megawatthours
2023-01-21T04,CISO,California Independent System Operator,D,Demand,27875,megawatthours
2023-01-21T05,CISO,California Independent System Operator,D,Demand,27545,megawatthours
2023-01-21T06,CISO,California Independent System Operator,D,Demand,27096,megawatthours
2023-01-21T07,CISO,California Independent System Operator,D,Demand,26519,megawatthours
2023-01-21T08,CISO,California Independent System Operator,D,Demand,25719,megawatthours
2023-01-21T09,CISO,California Independent System Operator,D,Demand,24591,megawatthours
2023-01-21T10,CISO,California Independent System Operator,D,Demand,23512,megawatthours
2023-01-21T11,CISO,California Independent System Operator,D,Demand,22818,megawatthours
2023-01-21T12,CISO,California Independent System Operator,D,Demand,22140,megawatthours
2023-01-21T13,CISO,California Independent System Operator,D,Demand,21907,megawatthours
2023-01-21T14,CISO,California Independent System Operator,D,Demand,22179,megawatthours
2023-01-21T15,CISO,California Independent System Operator,D,Demand,22764,megawatthours
2023-01-21T16,CISO,California Independent System Operator,D,Demand,23595,megawatthours
2023-01-21T17,CISO,California Independent System Operator,D,Demand,24199,megawatthours
2023-01-21T18,CISO,California Independent System Operator,D,Demand,24214,megawatthours
2023-01-21T19,CISO,California Independent System Operator,D,Demand,22665,megawatthours
2023-01-21T20,CISO,California Independent System Operator,D,Demand,21497,megawatthours
2023-01-21T21,CISO,California Independent System Operator,D,Demand,20201,megawatthours
2023-01-21T22,CISO,California Independent System Operator,D,Demand,19557,megawatthours
2023-01-21T23,CISO,California Independent System Operator,D,Demand,19153,megawatthours
2023-01-22T00,CISO,California Independent System Operator,D,Demand,19376,megawatthours
2023-01-22T01,CISO,California Independent System Operator,D,Demand,20467,megawatthours
2023-01-22T02,CISO,California Independent System Operator,D,Demand,22613,megawatthours
2023-01-22T03,CISO,California Independent System Operator,D,Demand,25387,megawatthours
2023-01-22T04,CISO,California Independent System Operator,D,Demand,26309,megawatthours
2023-01-22T05,CISO,California Independent System Operator,D,Demand,25913,megawatthours
2023-01-22T06,CISO,California Independent System Operator,D,Demand,25591,megawatthours
2023-01-22T07,CISO,California Independent System Operator,D,Demand,25145,megawatthours
2023-01-22T08,CISO,California Independent System Operator,D,Demand,24589,megawatthours
2023-01-22T09,CISO,California Independent System Operator,D,Demand,23628,megawatthours
2023-01-22T10,CISO,California Independent System Operator,D,Demand,22803,megawatthours
2023-01-22T11,CISO,California Independent System Operator,D,Demand,21953,megawatthours
2023-01-22T12,CISO,California Independent System Operator,D,Demand,21551,megawatthours
2023-01-22T13,CISO,California Independent System Operator,D,Demand,21376,megawatthours
2023-01-22T14,CISO,California Independent System Operator,D,Demand,21471,megawatthours
2023-01-22T15,CISO,California Independent System Operator,D,Demand,21988,megawatthours
2023-01-22T16,CISO,California Independent System Operator,D,Demand,22741,megawatthours
2023-01-22T17,CISO,California Independent System Operator,D,Demand,22995,megawatthours
2023-01-22T18,CISO,California Independent System Operator,D,Demand,22343,megawatthours
2023-01-22T19,CISO,California Independent System Operator,D,Demand,21397,megawatthours
2023-01-22T20,CISO,California Independent System Operator,D,Demand,20901,megawatthours
2023-01-22T21,CISO,California Independent System Operator,D,Demand,19476,megawatthours
2023-01-22T22,CISO,California Independent System Operator,D,Demand,19040,megawatthours
2023-01-22T23,CISO,California Independent System Operator,D,Demand,19431,megawatthours
2023-01-23T00,CISO,California Independent System Operator,D,Demand,19436,megawatthours
2023-01-23T01,CISO,California Independent System Operator,D,Demand,20456,megawatthours
2023-01-23T02,CISO,California Independent System Operator,D,Demand,22812,megawatthours
2023-01-23T03,CISO,California Independent System Operator,D,Demand,25533,megawatthours
2023-01-23T04,CISO,California Independent System Operator,D,Demand,26342,megawatthours
2023-01-23T05,CISO,California Independent System Operator,D,Demand,26468,megawatthours
2023-01-23T06,CISO,California Independent System Operator,D,Demand,25947,megawatthours
2023-01-23T07,CISO,California Independent System Operator,D,Demand,25178,megawatthours
2023-01-23T08,CISO,California Independent System Operator,D,Demand,23844,megawatthours
2023-01-23T09,CISO,California Independent System Operator,D,Demand,22761,megawatthours
2023-01-23T10,CISO,California Independent System Operator,D,Demand,21755,megawatthours
2023-01-23T11,CISO,California Independent System Operator,D,Demand,21608,megawatthours
2023-01-23T12,CISO,California Independent System Operator,D,Demand,21707,megawatthours
2023-01-23T13,CISO,California Independent System Operator,D,Demand,21492,megawatthours
2023-01-23T14,CISO,California Independent System Operator,D,Demand,21842,megawatthours
2023-01-23T15,CISO,California Independent System Operator,D,Demand,23387,megawatthours
2023-01-23T16,CISO,California Independent System Operator,D,Demand,25839,megawatthours
2023-01-23T17,CISO,California Independent System Operator,D,Demand,27058,megawatthours
2023-01-23T18,CISO,California Independent System Operator,D,Demand,26083,megawatthours
2023-01-23T19,CISO,California Independent System Operator,D,Demand,24876,megawatthours
2023-01-23T20,CISO,California Independent System Operator,D,Demand,23915,megawatthours
2023-01-23T21,CISO,California Independent System Operator,D,Demand,23247,megawatthours
2023-01-23T22,CISO,California Independent System Operator,D,Demand,22974,megawatthours
2023-01-23T23,CISO,California Independent System Operator,D,Demand,22332,megawatthours
2023-01-24T00,CISO,California Independent System Operator,D,Demand,21908,megawatthours
2023-01-24T01,CISO,California Independent System Operator,D,Demand,22622,megawatthours
2023-01-24T02,CISO,California Independent System Operator,D,Demand,24861,megawatthours
2023-01-24T03,CISO,California Independent System Operator,D,Demand,27641,megawatthours
2023-01-24T04,CISO,California Independent System Operator,D,Demand,28333,megawatthours
2023-01-24T05,CISO,California Independent System Operator,D,Demand,27976,megawatthours
2023-01-24T06,CISO,California Independent System Operator,D,Demand,27349,megawatthours
2023-01-24T07,CISO,California Independent System Operator,D,Demand,26511,megawatthours
2023-01-24T08,CISO,California Independent System Operator,D,Demand,25058,megawatthours
2023-01-24T09,CISO,California Independent System Operator,D,Demand,23704,megawatthours
2023-01-24T10,CISO,California Independent System Operator,D,Demand,22725,megawatthours
2023-01-24T11,CISO,California Independent System Operator,D,Demand,22035,megawatthours
2023-01-24T12,CISO,California Independent System Operator,D,Demand,21798,megawatthours
2023-01-24T13,CISO,California Independent System Operator,D,Demand,22396,megawatthours
2023-01-24T14,CISO,California Independent System Operator,D,Demand,22808,megawatthours
2023-01-24T15,CISO,California Independent System Operator,D,Demand,23810,megawatthours
2023-01-24T16,CISO,California Independent System Operator,D,Demand,26516,megawatthours
2023-01-24T17,CISO,California Independent System Operator,D,Demand,27638,megawatthours
2023-01-24T18,CISO,California Independent System Operator,D,Demand,26484,megawatthours
2023-01-24T19,CISO,California Independent System Operator,D,Demand,24588,megawatthours
2023-01-24T20,CISO,California Independent System Operator,D,Demand,23327,megawatthours
2023-01-24T21,CISO,California Independent System Operator,D,Demand,22828,megawatthours
2023-01-24T22,CISO,California Independent System Operator,D,Demand,22352,megawatthours
2023-01-24T23,CISO,California Independent System Operator,D,Demand,22422,megawatthours
2023-01-25T00,CISO,California Independent System Operator,D,Demand,22190,megawatthours
2023-01-25T01,CISO,California Independent System Operator,D,Demand,22660,megawatthours
2023-01-25T02,CISO,California Independent System Operator,D,Demand,24576,megawatthours
2023-01-25T03,CISO,California Independent System Operator,D,Demand,27174,megawatthours
2023-01-25T04,CISO,California Independent System Operator,D,Demand,27933,megawatthours
2023-01-25T05,CISO,California Independent System Operator,D,Demand,27545,megawatthours
2023-01-25T06,CISO,California Independent System Operator,D,Demand,27062,megawatthours
2023-01-25T07,CISO,California Independent System Operator,D,Demand,26148,megawatthours
2023-01-25T08,CISO,California Independent System Operator,D,Demand,24761,megawatthours
2023-01-25T09,CISO,California Independent System Operator,D,Demand,23504,megawatthours
2023-01-25T10,CISO,California Independent System Operator,D,Demand,22388,megawatthours
2023-01-25T11,CISO,California Independent System Operator,D,Demand,22013,megawatthours
2023-01-25T12,CISO,California Independent System Operator,D,Demand,21722,megawatthours
2023-01-25T13,CISO,California Independent System Operator,D,Demand,21868,megawatthours
2023-01-25T14,CISO,California Independent System Operator,D,Demand,22378,megawatthours
2023-01-25T15,CISO,California Independent System Operator,D,Demand,23949,megawatthours
2023-01-25T16,CISO,California Independent System Operator,D,Demand,26466,megawatthours
2023-01-25T17,CISO,California Independent System Operator,D,Demand,27524,megawatthours
2023-01-25T18,CISO,California Independent System Operator,D,Demand,26230,megawatthours
2023-01-25T19,CISO,California Independent System Operator,D,Demand,24663,megawatthours
2023-01-25T20,CISO,California Independent System Operator,D,Demand,23636,megawatthours
2023-01-25T21,CISO,California Independent System Operator,D,Demand,23179,megawatthours
2023-01-25T22,CISO,California Independent System Operator,D,Demand,22844,megawatthours
2023-01-25T23,CISO,California Independent System Operator,D,Demand,22539,megawatthours
2023-01-26T00,CISO,California Independent System Operator,D,Demand,21982,megawatthours
2023-01-26T01,CISO,California Independent System Operator,D,Demand,22811,megawatthours
2023-01-26T02,CISO,California Independent System Operator,D,Demand,24472,megawatthours
2023-01-26T03,CISO,California Independent System Operator,D,Demand,26660,megawatthours
2023-01-26T04,CISO,California Independent System Operator,D,Demand,27355,megawatthours
2023-01-26T05,CISO,California Independent System Operator,D,Demand,27029,megawatthours
2023-01-26T06,CISO,California Independent System Operator,D,Demand,26404,megawatthours
2023-01-26T07,CISO,California Independent System Operator,D,Demand,25540,megawatthours
2023-01-26T08,CISO,California Independent System Operator,D,Demand,24030,megawatthours
2023-01-26T09,CISO,California Independent System Operator,D,Demand,22666,megawatthours
2023-01-26T10,CISO,California Independent System Operator,D,Demand,22251,megawatthours
2023-01-26T11,CISO,California Independent System Operator,D,Demand,22005,megawatthours
2023-01-26T12,CISO,California Independent System Operator,D,Demand,21602,megawatthours
2023-01-26T13,CISO,California Independent System Operator,D,Demand,21376,megawatthours
2023-01-26T14,CISO,California Independent System Operator,D,Demand,21984,megawatthours
2023-01-26T15,CISO,California Independent System Operator,D,Demand,23247,megawatthours
2023-01-26T16,CISO,California Independent System Operator,D,Demand,25317,megawatthours
2023-01-26T17,CISO,California Independent System Operator,D,Demand,26287,megawatthours
2023-01-26T18,CISO,California Independent System Operator,D,Demand,25221,megawatthours
2023-01-26T19,CISO,California Independent System Operator,D,Demand,23737,megawatthours
2023-01-26T20,CISO,California Independent System Operator,D,Demand,23112,megawatthours
2023-01-26T21,CISO,California Independent System Operator,D,Demand,22313,megawatthours
2023-01-26T22,CISO,California Independent System Operator,D,Demand,21768,megawatthours
2023-01-26T23,CISO,California Independent System Operator,D,Demand,21549,megawatthours
2023-01-27T00,CISO,California Independent System Operator,D,Demand,21758,megawatthours
2023-01-27T01,CISO,California Independent System Operator,D,Demand,22268,megawatthours
2023-01-27T02,CISO,California Independent System Operator,D,Demand,24132,megawatthours
2023-01-27T03,CISO,California Independent System Operator,D,Demand,26494,megawatthours
2023-01-27T04,CISO,California Independent System Operator,D,Demand,27387,megawatthours
2023-01-27T05,CISO,California Independent System Operator,D,Demand,27176,megawatthours
2023-01-27T06,CISO,California Independent System Operator,D,Demand,26706,megawatthours
2023-01-27T07,CISO,California Independent System Operator,D,Demand,25815,megawatthours
2023-01-27T08,CISO,California Independent System Operator,D,Demand,24460,megawatthours
2023-01-27T09,CISO,California Independent System Operator,D,Demand,23248,megawatthours
2023-01-27T10,CISO,California Independent System Operator,D,Demand,22544,megawatthours
2023-01-27T11,CISO,California Independent System Operator,D,Demand,22078,megawatthours
2023-01-27T12,CISO,California Independent System Operator,D,Demand,21837,megawatthours
2023-01-27T13,CISO,California Independent System Operator,D,Demand,21975,megawatthours
2023-01-27T14,CISO,California Independent System Operator,D,Demand,22147,megawatthours
2023-01-27T15,CISO,California Independent System Operator,D,Demand,23325,megawatthours
2023-01-27T16,CISO,California Independent System Operator,D,Demand,25505,megawatthours
2023-01-27T17,CISO,California Independent System Operator,D,Demand,26652,megawatthours
2023-01-27T18,CISO,California Independent System Operator,D,Demand,25385,megawatthours
2023-01-27T19,CISO,California Independent System Operator,D,Demand,24032,megawatthours
2023-01-27T20,CISO,California Independent System Operator,D,Demand,23445,megawatthours
2023-01-27T21,CISO,California Independent System Operator,D,Demand,22525,megawatthours
2023-01-27T22,CISO,California Independent System Operator,D,Demand,21824,megawatthours
2023-01-27T23,CISO,California Independent System Operator,D,Demand,21478,megawatthours
2023-01-28T00,CISO,California Independent System Operator,D,Demand,21796,megawatthours
2023-01-28T01,CISO,California Independent System Operator,D,Demand,22666,megawatthours
2023-01-28T02,CISO,California Independent System Operator,D,Demand,23881,megawatthours
2023-01-28T03,CISO,California Independent System Operator,D,Demand,26037,megawatthours
2023-01-28T04,CISO,California Independent System Operator,D,Demand,26559,megawatthours
2023-01-28T05,CISO,California Independent System Operator,D,Demand,26160,megawatthours
2023-01-28T06,CISO,California Independent System Operator,D,Demand,25731,megawatthours
2023-01-28T07,CISO,California Independent System Operator,D,Demand,25450,megawatthours
2023-01-28T08,CISO,California Independent System Operator,D,Demand,24286,megawatthours
2023-01-28T09,CISO,California Independent System Operator,D,Demand,22931,megawatthours
2023-01-28T10,CISO,California Independent System Operator,D,Demand,22123,megawatthours
2023-01-28T11,CISO,California Independent System Operator,D,Demand,21362,megawatthours
2023-01-28T12,CISO,California Independent System Operator,D,Demand,20905,megawatthours
2023-01-28T13,CISO,California Independent System Operator,D,Demand,20735,megawatthours
2023-01-28T14,CISO,California Independent System Operator,D,Demand,21063,megawatthours
2023-01-28T15,CISO,California Independent System Operator,D,Demand,21971,megawatthours
2023-01-28T16,CISO,California Independent System Operator,D,Demand,23042,megawatthours
2023-01-28T17,CISO,California Independent System Operator,D,Demand,23070,megawatthours
2023-01-28T18,CISO,California Independent System Operator,D,Demand,22372,megawatthours
2023-01-28T19,CISO,California Independent System Operator,D,Demand,21684,megawatthours
2023-01-28T20,CISO,California Independent System Operator,D,Demand,21356,megawatthours
2023-01-28T21,CISO,California Independent System Operator,D,Demand,20065,megawatthours
2023-01-28T22,CISO,California Independent System Operator,D,Demand,19020,megawatthours
2023-01-28T23,CISO,California Independent System Operator,D,Demand,18719,megawatthours
2023-01-29T00,CISO,California Independent System Operator,D,Demand,19015,megawatthours
2023-01-29T01,CISO,California Independent System Operator,D,Demand,20068,megawatthours
2023-01-29T02,CISO,California Independent System Operator,D,Demand,21827,megawatthours
2023-01-29T03,CISO,California Independent System Operator,D,Demand,24369,megawatthours
2023-01-29T04,CISO,California Independent System Operator,D,Demand,25283,megawatthours
2023-01-29T05,CISO,California Independent System Operator,D,Demand,25032,megawatthours
2023-01-29T06,CISO,California Independent System Operator,D,Demand,24555,megawatthours
2023-01-29T07,CISO,California Independent System Operator,D,Demand,24038,megawatthours
2023-01-29T08,CISO,California Independent System Operator,D,Demand,23356,megawatthours
2023-01-29T09,CISO,California Independent System Operator,D,Demand,22217,megawatthours
2023-01-29T10,CISO,California Independent System Operator,D,Demand,21437,megawatthours
2023-01-29T11,CISO,California Independent System Operator,D,Demand,21005,megawatthours
2023-01-29T12,CISO,California Independent System Operator,D,Demand,20378,megawatthours
2023-01-29T13,CISO,California Independent System Operator,D,Demand,20105,megawatthours
2023-01-29T14,CISO,California Independent System Operator,D,Demand,20193,megawatthours
2023-01-29T15,CISO,California Independent System Operator,D,Demand,20650,megawatthours
2023-01-29T16,CISO,California Independent System Operator,D,Demand,21360,megawatthours
2023-01-29T17,CISO,California Independent System Operator,D,Demand,21697,megawatthours
2023-01-29T18,CISO,California Independent System Operator,D,Demand,22275,megawatthours
2023-01-29T19,CISO,California Independent System Operator,D,Demand,23472,megawatthours
2023-01-29T20,CISO,California Independent System Operator,D,Demand,23792,megawatthours
2023-01-29T21,CISO,California Independent System Operator,D,Demand,23467,megawatthours
2023-01-29T22,CISO,California Independent System Operator,D,Demand,23384,megawatthours
2023-01-29T23,CISO,California Independent System Operator,D,Demand,22438,megawatthours
2023-01-30T00,CISO,California Independent System Operator,D,Demand,22171,megawatthours
2023-01-30T01,CISO,California Independent System Operator,D,Demand,22754,megawatthours
2023-01-30T02,CISO,California Independent System Operator,D,Demand,23901,megawatthours
2023-01-30T03,CISO,California Independent System Operator,D,Demand,26007,megawatthours
2023-01-30T04,CISO,California Independent System Operator,D,Demand,26686,megawatthours
2023-01-30T05,CISO,California Independent System Operator,D,Demand,26495,megawatthours
2023-01-30T06,CISO,California Independent System Operator,D,Demand,25837,megawatthours
2023-01-30T07,CISO,California Independent System Operator,D,Demand,24982,megawatthours
2023-01-30T08,CISO,California Independent System Operator,D,Demand,23489,megawatthours
2023-01-30T09,CISO,California Independent System Operator,D,Demand,22335,megawatthours
2023-01-30T10,CISO,California Independent System Operator,D,Demand,21795,megawatthours
2023-01-30T11,CISO,California Independent System Operator,D,Demand,21552,megawatthours
2023-01-30T12,CISO,California Independent System Operator,D,Demand,21133,megawatthours
2023-01-30T13,CISO,California Independent System Operator,D,Demand,21104,megawatthours
2023-01-30T14,CISO,California Independent System Operator,D,Demand,21475,megawatthours
2023-01-30T15,CISO,California Independent System Operator,D,Demand,22759,megawatthours
2023-01-30T16,CISO,California Independent System Operator,D,Demand,25253,megawatthours
2023-01-30T17,CISO,California Independent System Operator,D,Demand,26760,megawatthours
2023-01-30T18,CISO,California Independent System Operator,D,Demand,26446,megawatthours
2023-01-30T19,CISO,California Independent System Operator,D,Demand,25129,megawatthours
2023-01-30T20,CISO,California Independent System Operator,D,Demand,24758,megawatthours
2023-01-30T21,CISO,California Independent System Operator,D,Demand,24578,megawatthours
2023-01-30T22,CISO,California Independent System Operator,D,Demand,24992,megawatthours
2023-01-30T23,CISO,California Independent System Operator,D,Demand,25017,megawatthours
2023-01-31T00,CISO,California Independent System Operator,D,Demand,24343,megawatthours
2023-01-31T01,CISO,California Independent System Operator,D,Demand,24955,megawatthours
2023-01-31T02,CISO,California Independent System Operator,D,Demand,26039,megawatthours
2023-01-31T03,CISO,California Independent System Operator,D,Demand,27924,megawatthours
2023-01-31T04,CISO,California Independent System Operator,D,Demand,28781,megawatthours
2023-01-31T05,CISO,California Independent System Operator,D,Demand,28202,megawatthours
2023-01-31T06,CISO,California Independent System Operator,D,Demand,27526,megawatthours
2023-01-31T07,CISO,California Independent System Operator,D,Demand,26530,megawatthours
2023-01-31T08,CISO,California Independent System Operator,D,Demand,25109,megawatthours
2023-01-31T09,CISO,California Independent System Operator,D,Demand,23663,megawatthours
2023-01-31T10,CISO,California Independent System Operator,D,Demand,23108,megawatthours
2023-01-31T11,CISO,California Independent System Operator,D,Demand,23242,megawatthours
2023-01-31T12,CISO,California Independent System Operator,D,Demand,22787,megawatthours
2023-01-31T13,CISO,California Independent System Operator,D,Demand,22821,megawatthours
2023-01-31T14,CISO,California Independent System Operator,D,Demand,22777,megawatthours
2023-01-31T15,CISO,California Independent System Operator,D,Demand,24189,megawatthours
2023-01-31T16,CISO,California Independent System Operator,D,Demand,26450,megawatthours
2023-01-31T17,CISO,California Independent System Operator,D,Demand,27535,megawatthours
2023-01-31T18,CISO,California Independent System Operator,D,Demand,26157,megawatthours
2023-01-31T19,CISO,California Independent System Operator,D,Demand,24422,megawatthours
2023-01-31T20,CISO,California Independent System Operator,D,Demand,23255,megawatthours
2023-01-31T21,CISO,California Independent System Operator,D,Demand,22353,megawatthours
2023-01-31T22,CISO,California Independent System Operator,D,Demand,22414,megawatthours
2023-01-31T23,CISO,California Independent System Operator,D,Demand,22191,megawatthours
2023-02-01T00,CISO,California Independent System Operator,D,Demand,22323,megawatthours
2023-02-01T01,CISO,California Independent System Operator,D,Demand,22773,megawatthours
2023-02-01T02,CISO,California Independent System Operator,D,Demand,24198,megawatthours
2023-02-01T03,CISO,California Independent System Operator,D,Demand,26891,megawatthours
2023-02-01T04,CISO,California Independent System Operator,D,Demand,27995,megawatthours
2023-02-01T05,CISO,California Independent System Operator,D,Demand,27798,megawatthours
2023-02-01T06,CISO,California Independent System Operator,D,Demand,27341,megawatthours
2023-02-01T07,CISO,California Independent System Operator,D,Demand,26597,megawatthours
2023-02-01T08,CISO,California Independent System Operator,D,Demand,25094,megawatthours
2023-02-01T09,CISO,California Independent System Operator,D,Demand,23680,megawatthours
2023-02-01T10,CISO,California Independent System Operator,D,Demand,23124,megawatthours
2023-02-01T11,CISO,California Independent System Operator,D,Demand,23218,megawatthours
2023-02-01T12,CISO,California Independent System Operator,D,Demand,22742,megawatthours
2023-02-01T13,CISO,California Independent System Operator,D,Demand,22420,megawatthours
2023-02-01T14,CISO,California Independent System Operator,D,Demand,22727,megawatthours
2023-02-01T15,CISO,California Independent System Operator,D,Demand,24159,megawatthours
2023-02-01T16,CISO,California Independent System Operator,D,Demand,26476,megawatthours
2023-02-01T17,CISO,California Independent System Operator,D,Demand,27416,megawatthours
2023-02-01T18,CISO,California Independent System Operator,D,Demand,25815,megawatthours
2023-02-01T19,CISO,California Independent System Operator,D,Demand,23987,megawatthours
2023-02-01T20,CISO,California Independent System Operator,D,Demand,23060,megawatthours
2023-02-01T21,CISO,California Independent System Operator,D,Demand,22369,megawatthours
2023-02-01T22,CISO,California Independent System Operator,D,Demand,21612,megawatthours
2023-02-01T23,CISO,California Independent System Operator,D,Demand,21193,megawatthours
2023-02-02T00,CISO,California Independent System Operator,D,Demand,21661,megawatthours
2023-02-02T01,CISO,California Independent System Operator,D,Demand,21976,megawatthours
2023-02-02T02,CISO,California Independent System Operator,D,Demand,24127,megawatthours
2023-02-02T03,CISO,California Independent System Operator,D,Demand,26823,megawatthours
2023-02-02T04,CISO,California Independent System Operator,D,Demand,27824,megawatthours
2023-02-02T05,CISO,California Independent System Operator,D,Demand,27549,megawatthours
2023-02-02T06,CISO,California Independent System Operator,D,Demand,27071,megawatthours
2023-02-02T07,CISO,California Independent System Operator,D,Demand,26354,megawatthours
2023-02-02T08,CISO,California Independent System Operator,D,Demand,24770,megawatthours
2023-02-02T09,CISO,California Independent System Operator,D,Demand,23447,megawatthours
2023-02-02T10,CISO,California Independent System Operator,D,Demand,23093,megawatthours
2023-02-02T11,CISO,California Independent System Operator,D,Demand,22656,megawatthours
2023-02-02T12,CISO,California Independent System Operator,D,Demand,22444,megawatthours
2023-02-02T13,CISO,California Independent System Operator,D,Demand,22079,megawatthours
2023-02-02T14,CISO,California Independent System Operator,D,Demand,22415,megawatthours
2023-02-02T15,CISO,California Independent System Operator,D,Demand,24042,megawatthours
2023-02-02T16,CISO,California Independent System Operator,D,Demand,26249,megawatthours
2023-02-02T17,CISO,California Independent System Operator,D,Demand,27176,megawatthours
2023-02-02T18,CISO,California Independent System Operator,D,Demand,26309,megawatthours
2023-02-02T19,CISO,California Independent System Operator,D,Demand,25273,megawatthours
2023-02-02T20,CISO,California Independent System Operator,D,Demand,24319,megawatthours
2023-02-02T21,CISO,California Independent System Operator,D,Demand,23087,megawatthours
2023-02-02T22,CISO,California Independent System Operator,D,Demand,22274,megawatthours
2023-02-02T23,CISO,California Independent System Operator,D,Demand,22448,megawatthours
2023-02-03T00,CISO,California Independent System Operator,D,Demand,22489,megawatthours
2023-02-03T01,CISO,California Independent System Operator,D,Demand,23258,megawatthours
2023-02-03T02,CISO,California Independent System Operator,D,Demand,24510,megawatthours
2023-02-03T03,CISO,California Independent System Operator,D,Demand,26853,megawatthours
2023-02-03T04,CISO,California Independent System Operator,D,Demand,27522,megawatthours
2023-02-03T05,CISO,California Independent System Operator,D,Demand,27272,megawatthours
2023-02-03T06,CISO,California Independent System Operator,D,Demand,26541,megawatthours
2023-02-03T07,CISO,California Independent System Operator,D,Demand,25603,megawatthours
2023-02-03T08,CISO,California Independent System Operator,D,Demand,24064,megawatthours
2023-02-03T09,CISO,California Independent System Operator,D,Demand,22844,megawatthours
2023-02-03T10,CISO,California Independent System Operator,D,Demand,22341,megawatthours
2023-02-03T11,CISO,California Independent System Operator,D,Demand,21736,megawatthours
2023-02-03T12,CISO,California Independent System Operator,D,Demand,21386,megawatthours
2023-02-03T13,CISO,California Independent System Operator,D,Demand,21201,megawatthours
2023-02-03T14,CISO,California Independent System Operator,D,Demand,21483,megawatthours
2023-02-03T15,CISO,California Independent System Operator,D,Demand,22842,megawatthours
2023-02-03T16,CISO,California Independent System Operator,D,Demand,25220,megawatthours
2023-02-03T17,CISO,California Independent System Operator,D,Demand,26293,megawatthours
2023-02-03T18,CISO,California Independent System Operator,D,Demand,26045,megawatthours
2023-02-03T19,CISO,California Independent System Operator,D,Demand,25628,megawatthours
2023-02-03T20,CISO,California Independent System Operator,D,Demand,25449,megawatthours
2023-02-03T21,CISO,California Independent System Operator,D,Demand,24537,megawatthours
2023-02-03T22,CISO,California Independent System Operator,D,Demand,24178,megawatthours
2023-02-03T23,CISO,California Independent System Operator,D,Demand,23907,megawatthours
2023-02-04T00,CISO,California Independent System Operator,D,Demand,23887,megawatthours
2023-02-04T01,CISO,California Independent System Operator,D,Demand,23859,megawatthours
2023-02-04T02,CISO,California Independent System Operator,D,Demand,24262,megawatthours
2023-02-04T03,CISO,California Independent System Operator,D,Demand,25963,megawatthours
2023-02-04T04,CISO,California Independent System Operator,D,Demand,26556,megawatthours
2023-02-04T05,CISO,California Independent System Operator,D,Demand,26002,megawatthours
2023-02-04T06,CISO,California Independent System Operator,D,Demand,25485,megawatthours
2023-02-04T07,CISO,California Independent System Operator,D,Demand,24902,megawatthours
2023-02-04T08,CISO,California Independent System Operator,D,Demand,24033,megawatthours
2023-02-04T09,CISO,California Independent System Operator,D,Demand,23045,megawatthours
2023-02-04T10,CISO,California Independent System Operator,D,Demand,22483,megawatthours
2023-02-04T11,CISO,California Independent System Operator,D,Demand,21728,megawatthours
2023-02-04T12,CISO,California Independent System Operator,D,Demand,21241,megawatthours
2023-02-04T13,CISO,California Independent System Operator,D,Demand,20937,megawatthours
2023-02-04T14,CISO,California Independent System Operator,D,Demand,21065,megawatthours
2023-02-04T15,CISO,California Independent System Operator,D,Demand,21647,megawatthours
2023-02-04T16,CISO,California Independent System Operator,D,Demand,22504,megawatthours
2023-02-04T17,CISO,California Independent System Operator,D,Demand,22130,megawatthours
2023-02-04T18,CISO,California Independent System Operator,D,Demand,21817,megawatthours
2023-02-04T19,CISO,California Independent System Operator,D,Demand,21116,megawatthours
2023-02-04T20,CISO,California Independent System Operator,D,Demand,20281,megawatthours
2023-02-04T21,CISO,California Independent System Operator,D,Demand,19172,megawatthours
2023-02-04T22,CISO,California Independent System Operator,D,Demand,19473,megawatthours
2023-02-04T23,CISO,California Independent System Operator,D,Demand,19277,megawatthours
2023-02-05T00,CISO,California Independent System Operator,D,Demand,20183,megawatthours
2023-02-05T01,CISO,California Independent System Operator,D,Demand,21253,megawatthours
2023-02-05T02,CISO,California Independent System Operator,D,Demand,22253,megawatthours
2023-02-05T03,CISO,California Independent System Operator,D,Demand,24048,megawatthours
2023-02-05T04,CISO,California Independent System Operator,D,Demand,24677,megawatthours
2023-02-05T05,CISO,California Independent System Operator,D,Demand,24458,megawatthours
2023-02-05T06,CISO,California Independent System Operator,D,Demand,23852,megawatthours
2023-02-05T07,CISO,California Independent System Operator,D,Demand,23312,megawatthours
2023-02-05T08,CISO,California Independent System Operator,D,Demand,22512,megawatthours
2023-02-05T09,CISO,California Independent System Operator,D,Demand,21672,megawatthours
2023-02-05T10,CISO,California Independent System Operator,D,Demand,21104,megawatthours
2023-02-05T11,CISO,California Independent System Operator,D,Demand,20717,megawatthours
2023-02-05T12,CISO,California Independent System Operator,D,Demand,20196,megawatthours
2023-02-05T13,CISO,California Independent System Operator,D,Demand,19979,megawatthours
2023-02-05T14,CISO,California Independent System Operator,D,Demand,19937,megawatthours
2023-02-05T15,CISO,California Independent System Operator,D,Demand,20279,megawatthours
2023-02-05T16,CISO,California Independent System Operator,D,Demand,20991,megawatthours
2023-02-05T17,CISO,California Independent System Operator,D,Demand,21169,megawatthours
2023-02-05T18,CISO,California Independent System Operator,D,Demand,21510,megawatthours
2023-02-05T19,CISO,California Independent System Operator,D,Demand,20834,megawatthours
2023-02-05T20,CISO,California Independent System Operator,D,Demand,20172,megawatthours
2023-02-05T21,CISO,California Independent System Operator,D,Demand,20102,megawatthours
2023-02-05T22,CISO,California Independent System Operator,D,Demand,19476,megawatthours
2023-02-05T23,CISO,California Independent System Operator,D,Demand,19098,megawatthours
2023-02-06T00,CISO,California Independent System Operator,D,Demand,19267,megawatthours
2023-02-06T01,CISO,California Independent System Operator,D,Demand,20190,megawatthours
2023-02-06T02,CISO,California Independent System Operator,D,Demand,21759,megawatthours
2023-02-06T03,CISO,California Independent System Operator,D,Demand,24311,megawatthours
2023-02-06T04,CISO,California Independent System Operator,D,Demand,25552,megawatthours
2023-02-06T05,CISO,California Independent System Operator,D,Demand,25445,megawatthours
2023-02-06T06,CISO,California Independent System Operator,D,Demand,24976,megawatthours
2023-02-06T07,CISO,California Independent System Operator,D,Demand,24494,megawatthours
2023-02-06T08,CISO,California Independent System Operator,D,Demand,23783,megawatthours
2023-02-06T09,CISO,California Independent System Operator,D,Demand,22738,megawatthours
2023-02-06T10,CISO,California Independent System Operator,D,Demand,22121,megawatthours
2023-02-06T11,CISO,California Independent System Operator,D,Demand,21503,megawatthours
2023-02-06T12,CISO,California Independent System Operator,D,Demand,21135,megawatthours
2023-02-06T13,CISO,California Independent System Operator,D,Demand,21114,megawatthours
2023-02-06T14,CISO,California Independent System Operator,D,Demand,21339,megawatthours
2023-02-06T15,CISO,California Independent System Operator,D,Demand,22396,megawatthours
2023-02-06T16,CISO,California Independent System Operator,D,Demand,24791,megawatthours
2023-02-06T17,CISO,California Independent System Operator,D,Demand,25964,megawatthours
2023-02-06T18,CISO,California Independent System Operator,D,Demand,25000,megawatthours
2023-02-06T19,CISO,California Independent System Operator,D,Demand,23664,megawatthours
2023-02-06T20,CISO,California Independent System Operator,D,Demand,23057,megawatthours
2023-02-06T21,CISO,California Independent System Operator,D,Demand,22437,megawatthours
2023-02-06T22,CISO,California Independent System Operator,D,Demand,21462,megawatthours
2023-02-06T23,CISO,California Independent System Operator,D,Demand,20632,megawatthours
2023-02-07T00,CISO,California Independent System Operator,D,Demand,20455,megawatthours
2023-02-07T01,CISO,California Independent System Operator,D,Demand,21578,megawatthours
2023-02-07T02,CISO,California Independent System Operator,D,Demand,23283,megawatthours
2023-02-07T03,CISO,California Independent System Operator,D,Demand,26149,megawatthours
2023-02-07T04,CISO,California Independent System Operator,D,Demand,27414,megawatthours
2023-02-07T05,CISO,California Independent System Operator,D,Demand,26989,megawatthours
2023-02-07T06,CISO,California Independent System Operator,D,Demand,26537,megawatthours
2023-02-07T07,CISO,California Independent System Operator,D,Demand,25778,megawatthours
2023-02-07T08,CISO,California Independent System Operator,D,Demand,24111,megawatthours
2023-02-07T09,CISO,California Independent System Operator,D,Demand,23133,megawatthours
2023-02-07T10,CISO,California Independent System Operator,D,Demand,22178,megawatthours
2023-02-07T11,CISO,California Independent System Operator,D,Demand,21600,megawatthours
2023-02-07T12,CISO,California Independent System Operator,D,Demand,21479,megawatthours
2023-02-07T13,CISO,California Independent System Operator,D,Demand,21413,megawatthours
2023-02-07T14,CISO,California Independent System Operator,D,Demand,21845,megawatthours
2023-02-07T15,CISO,California Independent System Operator,D,Demand,23184,megawatthours
2023-02-07T16,CISO,California Independent System Operator,D,Demand,25488,megawatthours
2023-02-07T17,CISO,California Independent System Operator,D,Demand,26308,megawatthours
2023-02-07T18,CISO,California Independent System Operator,D,Demand,24778,megawatthours
2023-02-07T19,CISO,California Independent System Operator,D,Demand,23066,megawatthours
2023-02-07T20,CISO,California Independent System Operator,D,Demand,22585,megawatthours
2023-02-07T21,CISO,California Independent System Operator,D,Demand,21575,megawatthours
2023-02-07T22,CISO,California Independent System Operator,D,Demand,21034,megawatthours
2023-02-07T23,CISO,California Independent System Operator,D,Demand,21078,megawatthours
2023-02-08T00,CISO,California Independent System Operator,D,Demand,20998,megawatthours
2023-02-08T01,CISO,California Independent System Operator,D,Demand,21724,megawatthours
2023-02-08T02,CISO,California Independent System Operator,D,Demand,23264,megawatthours
2023-02-08T03,CISO,California Independent System Operator,D,Demand,25817,megawatthours
2023-02-08T04,CISO,California Independent System Operator,D,Demand,26931,megawatthours
2023-02-08T05,CISO,California Independent System Operator,D,Demand,26724,megawatthours
2023-02-08T06,CISO,California Independent System Operator,D,Demand,26139,megawatthours
2023-02-08T07,CISO,California Independent System Operator,D,Demand,25327,megawatthours
2023-02-08T08,CISO,California Independent System Operator,D,Demand,24005,megawatthours
2023-02-08T09,CISO,California Independent System Operator,D,Demand,22831,megawatthours
2023-02-08T10,CISO,California Independent System Operator,D,Demand,22049,megawatthours
2023-02-08T11,CISO,California Independent System Operator,D,Demand,21344,megawatthours
2023-02-08T12,CISO,California Independent System Operator,D,Demand,20957,megawatthours
2023-02-08T13,CISO,California Independent System Operator,D,Demand,20900,megawatthours
2023-02-08T14,CISO,California Independent System Operator,D,Demand,21486,megawatthours
2023-02-08T15,CISO,California Independent System Operator,D,Demand,22931,megawatthours
2023-02-08T16,CISO,California Independent System Operator,D,Demand,25264,megawatthours
2023-02-08T17,CISO,California Independent System Operator,D,Demand,25895,megawatthours
2023-02-08T18,CISO,California Independent System Operator,D,Demand,24404,megawatthours
2023-02-08T19,CISO,California Independent System Operator,D,Demand,23299,megawatthours
2023-02-08T20,CISO,California Independent System Operator,D,Demand,22179,megawatthours
2023-02-08T21,CISO,California Independent System Operator,D,Demand,21174,megawatthours
2023-02-08T22,CISO,California Independent System Operator,D,Demand,20713,megawatthours
2023-02-08T23,CISO,California Independent System Operator,D,Demand,20610,megawatthours
2023-02-09T00,CISO,California Independent System Operator,D,Demand,20624,megawatthours
2023-02-09T01,CISO,California Independent System Operator,D,Demand,21618,megawatthours
2023-02-09T02,CISO,California Independent System Operator,D,Demand,23006,megawatthours
2023-02-09T03,CISO,California Independent System Operator,D,Demand,25550,megawatthours
2023-02-09T04,CISO,California Independent System Operator,D,Demand,26708,megawatthours
2023-02-09T05,CISO,California Independent System Operator,D,Demand,26344,megawatthours
2023-02-09T06,CISO,California Independent System Operator,D,Demand,25700,megawatthours
2023-02-09T07,CISO,California Independent System Operator,D,Demand,25007,megawatthours
2023-02-09T08,CISO,California Independent System Operator,D,Demand,23647,megawatthours
2023-02-09T09,CISO,California Independent System Operator,D,Demand,22249,megawatthours
2023-02-09T10,CISO,California Independent System Operator,D,Demand,22014,megawatthours
2023-02-09T11,CISO,California Independent System Operator,D,Demand,21193,megawatthours
2023-02-09T12,CISO,California Independent System Operator,D,Demand,20575,megawatthours
2023-02-09T13,CISO,California Independent System Operator,D,Demand,20468,megawatthours
2023-02-09T14,CISO,California Independent System Operator,D,Demand,21258,megawatthours
2023-02-09T15,CISO,California Independent System Operator,D,Demand,22737,megawatthours
2023-02-09T16,CISO,California Independent System Operator,D,Demand,24913,megawatthours
2023-02-09T17,CISO,California Independent System Operator,D,Demand,25583,megawatthours
2023-02-09T18,CISO,California Independent System Operator,D,Demand,23935,megawatthours
2023-02-09T19,CISO,California Independent System Operator,D,Demand,22449,megawatthours
2023-02-09T20,CISO,California Independent System Operator,D,Demand,21769,megawatthours
2023-02-09T21,CISO,California Independent System Operator,D,Demand,21371,megawatthours
2023-02-09T22,CISO,California Independent System Operator,D,Demand,20839,megawatthours
2023-02-09T23,CISO,California Independent System Operator,D,Demand,21246,megawatthours
2023-02-10T00,CISO,California Independent System Operator,D,Demand,21468,megawatthours
2023-02-10T01,CISO,California Independent System Operator,D,Demand,21977,megawatthours
2023-02-10T02,CISO,California Independent System Operator,D,Demand,23338,megawatthours
2023-02-10T03,CISO,California Independent System Operator,D,Demand,25599,megawatthours
2023-02-10T04,CISO,California Independent System Operator,D,Demand,26558,megawatthours
2023-02-10T05,CISO,California Independent System Operator,D,Demand,26025,megawatthours
2023-02-10T06,CISO,California Independent System Operator,D,Demand,25438,megawatthours
2023-02-10T07,CISO,California Independent System Operator,D,Demand,24723,megawatthours
2023-02-10T08,CISO,California Independent System Operator,D,Demand,23295,megawatthours
2023-02-10T09,CISO,California Independent System Operator,D,Demand,22017,megawatthours
2023-02-10T10,CISO,California Independent System Operator,D,Demand,21556,megawatthours
2023-02-10T11,CISO,California Independent System Operator,D,Demand,20823,megawatthours
2023-02-10T12,CISO,California Independent System Operator,D,Demand,20404,megawatthours
2023-02-10T13,CISO,California Independent System Operator,D,Demand,20349,megawatthours
2023-02-10T14,CISO,California Independent System Operator,D,Demand,20743,megawatthours
2023-02-10T15,CISO,California Independent System Operator,D,Demand,22259,megawatthours
2023-02-10T16,CISO,California Independent System Operator,D,Demand,24246,megawatthours
2023-02-10T17,CISO,California Independent System Operator,D,Demand,24853,megawatthours
2023-02-10T18,CISO,California Independent System Operator,D,Demand,23694,megawatthours
2023-02-10T19,CISO,California Independent System Operator,D,Demand,22491,megawatthours
2023-02-10T20,CISO,California Independent System Operator,D,Demand,22490,megawatthours
2023-02-10T21,CISO,California Independent System Operator,D,Demand,21705,megawatthours
2023-02-10T22,CISO,California Independent System Operator,D,Demand,21233,megawatthours
2023-02-10T23,CISO,California Independent System Operator,D,Demand,21258,megawatthours
2023-02-11T00,CISO,California Independent System Operator,D,Demand,21596,megawatthours
2023-02-11T01,CISO,California Independent System Operator,D,Demand,21652,megawatthours
2023-02-11T02,CISO,California Independent System Operator,D,Demand,23305,megawatthours
2023-02-11T03,CISO,California Independent System Operator,D,Demand,25316,megawatthours
2023-02-11T04,CISO,California Independent System Operator,D,Demand,26083,megawatthours
2023-02-11T05,CISO,California Independent System Operator,D,Demand,25566,megawatthours
2023-02-11T06,CISO,California Independent System Operator,D,Demand,25050,megawatthours
2023-02-11T07,CISO,California Independent System Operator,D,Demand,24343,megawatthours
2023-02-11T08,CISO,California Independent System Operator,D,Demand,23423,megawatthours
2023-02-11T09,CISO,California Independent System Operator,D,Demand,22233,megawatthours
2023-02-11T10,CISO,California Independent System Operator,D,Demand,21468,megawatthours
2023-02-11T11,CISO,California Independent System Operator,D,Demand,20823,megawatthours
2023-02-11T12,CISO,California Independent System Operator,D,Demand,20199,megawatthours
2023-02-11T13,CISO,California Independent System Operator,D,Demand,19819,megawatthours
2023-02-11T14,CISO,California Independent System Operator,D,Demand,19936,megawatthours
2023-02-11T15,CISO,California Independent System Operator,D,Demand,20447,megawatthours
2023-02-11T16,CISO,California Independent System Operator,D,Demand,21454,megawatthours
2023-02-11T17,CISO,California Independent System Operator,D,Demand,21655,megawatthours
2023-02-11T18,CISO,California Independent System Operator,D,Demand,20826,megawatthours
2023-02-11T19,CISO,California Independent System Operator,D,Demand,20272,megawatthours
2023-02-11T20,CISO,California Independent System Operator,D,Demand,20282,megawatthours
2023-02-11T21,CISO,California Independent System Operator,D,Demand,20118,megawatthours
2023-02-11T22,CISO,California Independent System Operator,D,Demand,19970,megawatthours
2023-02-11T23,CISO,California Independent System Operator,D,Demand,19415,megawatthours
2023-02-12T00,CISO,California Independent System Operator,D,Demand,19332,megawatthours
2023-02-12T01,CISO,California Independent System Operator,D,Demand,19808,megawatthours
2023-02-12T02,CISO,California Independent System Operator,D,Demand,21165,megawatthours
2023-02-12T03,CISO,California Independent System Operator,D,Demand,23698,megawatthours
2023-02-12T04,CISO,California Independent System Operator,D,Demand,24989,megawatthours
2023-02-12T05,CISO,California Independent System Operator,D,Demand,24676,megawatthours
2023-02-12T06,CISO,California Independent System Operator,D,Demand,24320,megawatthours
2023-02-12T07,CISO,California Independent System Operator,D,Demand,23880,megawatthours
2023-02-12T08,CISO,California Independent System Operator,D,Demand,23120,megawatthours
2023-02-12T09,CISO,California Independent System Operator,D,Demand,22337,megawatthours
2023-02-12T10,CISO,California Independent System Operator,D,Demand,21440,megawatthours
2023-02-12T11,CISO,California Independent System Operator,D,Demand,20915,megawatthours
2023-02-12T12,CISO,California Independent System Operator,D,Demand,20261,megawatthours
2023-02-12T13,CISO,California Independent System Operator,D,Demand,19897,megawatthours
2023-02-12T14,CISO,California Independent System Operator,D,Demand,20030,megawatthours
2023-02-12T15,CISO,California Independent System Operator,D,Demand,20472,megawatthours
2023-02-12T16,CISO,California Independent System Operator,D,Demand,21251,megawatthours
2023-02-12T17,CISO,California Independent System Operator,D,Demand,21202,megawatthours
2023-02-12T18,CISO,California Independent System Operator,D,Demand,19773,megawatthours
2023-02-12T19,CISO,California Independent System Operator,D,Demand,18519,megawatthours
2023-02-12T20,CISO,California Independent System Operator,D,Demand,17841,megawatthours
2023-02-12T21,CISO,California Independent System Operator,D,Demand,17805,megawatthours
2023-02-12T22,CISO,California Independent System Operator,D,Demand,17384,megawatthours
2023-02-12T23,CISO,California Independent System Operator,D,Demand,17821,megawatthours
2023-02-13T00,CISO,California Independent System Operator,D,Demand,18534,megawatthours
2023-02-13T01,CISO,California Independent System Operator,D,Demand,19376,megawatthours
2023-02-13T02,CISO,California Independent System Operator,D,Demand,20725,megawatthours
2023-02-13T03,CISO,California Independent System Operator,D,Demand,23237,megawatthours
2023-02-13T04,CISO,California Independent System Operator,D,Demand,24457,megawatthours
2023-02-13T05,CISO,California Independent System Operator,D,Demand,24168,megawatthours
2023-02-13T06,CISO,California Independent System Operator,D,Demand,24107,megawatthours
2023-02-13T07,CISO,California Independent System Operator,D,Demand,23649,megawatthours
2023-02-13T08,CISO,California Independent System Operator,D,Demand,22533,megawatthours
2023-02-13T09,CISO,California Independent System Operator,D,Demand,21734,megawatthours
2023-02-13T10,CISO,California Independent System Operator,D,Demand,21449,megawatthours
2023-02-13T11,CISO,California Independent System Operator,D,Demand,20441,megawatthours
2023-02-13T12,CISO,California Independent System Operator,D,Demand,20156,megawatthours
2023-02-13T13,CISO,California Independent System Operator,D,Demand,19981,megawatthours
2023-02-13T14,CISO,California Independent System Operator,D,Demand,20689,megawatthours
2023-02-13T15,CISO,California Independent System Operator,D,Demand,22031,megawatthours
2023-02-13T16,CISO,California Independent System Operator,D,Demand,24274,megawatthours
2023-02-13T17,CISO,California Independent System Operator,D,Demand,24943,megawatthours
2023-02-13T18,CISO,California Independent System Operator,D,Demand,23502,megawatthours
2023-02-13T19,CISO,California Independent System Operator,D,Demand,21809,megawatthours
2023-02-13T20,CISO,California Independent System Operator,D,Demand,21243,megawatthours
2023-02-13T21,CISO,California Independent System Operator,D,Demand,20560,megawatthours
2023-02-13T22,CISO,California Independent System Operator,D,Demand,20491,megawatthours
2023-02-13T23,CISO,California Independent System Operator,D,Demand,20610,megawatthours
2023-02-14T00,CISO,California Independent System Operator,D,Demand,21082,megawatthours
2023-02-14T01,CISO,California Independent System Operator,D,Demand,21412,megawatthours
2023-02-14T02,CISO,California Independent System Operator,D,Demand,22914,megawatthours
2023-02-14T03,CISO,California Independent System Operator,D,Demand,25779,megawatthours
2023-02-14T04,CISO,California Independent System Operator,D,Demand,27039,megawatthours
2023-02-14T05,CISO,California Independent System Operator,D,Demand,26727,megawatthours
2023-02-14T06,CISO,California Independent System Operator,D,Demand,26119,megawatthours
2023-02-14T07,CISO,California Independent System Operator,D,Demand,25285,megawatthours
2023-02-14T08,CISO,California Independent System Operator,D,Demand,23863,megawatthours
2023-02-14T09,CISO,California Independent System Operator,D,Demand,22281,megawatthours
2023-02-14T10,CISO,California Independent System Operator,D,Demand,21435,megawatthours
2023-02-14T11,CISO,California Independent System Operator,D,Demand,20795,megawatthours
2023-02-14T12,CISO,California Independent System Operator,D,Demand,20587,megawatthours
2023-02-14T13,CISO,California Independent System Operator,D,Demand,20684,megawatthours
2023-02-14T14,CISO,California Independent System Operator,D,Demand,20939,megawatthours
2023-02-14T15,CISO,California Independent System Operator,D,Demand,22584,megawatthours
2023-02-14T16,CISO,California Independent System Operator,D,Demand,24996,megawatthours
2023-02-14T17,CISO,California Independent System Operator,D,Demand,25979,megawatthours
2023-02-14T18,CISO,California Independent System Operator,D,Demand,25038,megawatthours
2023-02-14T19,CISO,California Independent System Operator,D,Demand,23679,megawatthours
2023-02-14T20,CISO,California Independent System Operator,D,Demand,22536,megawatthours
2023-02-14T21,CISO,California Independent System Operator,D,Demand,21728,megawatthours
2023-02-14T22,CISO,California Independent System Operator,D,Demand,21817,megawatthours
2023-02-14T23,CISO,California Independent System Operator,D,Demand,22206,megawatthours
2023-02-15T00,CISO,California Independent System Operator,D,Demand,22471,megawatthours
2023-02-15T01,CISO,California Independent System Operator,D,Demand,23644,megawatthours
2023-02-15T02,CISO,California Independent System Operator,D,Demand,25072,megawatthours
2023-02-15T03,CISO,California Independent System Operator,D,Demand,27076,megawatthours
2023-02-15T04,CISO,California Independent System Operator,D,Demand,28364,megawatthours
2023-02-15T05,CISO,California Independent System Operator,D,Demand,28164,megawatthours
2023-02-15T06,CISO,California Independent System Operator,D,Demand,27746,megawatthours
2023-02-15T07,CISO,California Independent System Operator,D,Demand,26909,megawatthours
2023-02-15T08,CISO,California Independent System Operator,D,Demand,25379,megawatthours
2023-02-15T09,CISO,California Independent System Operator,D,Demand,23830,megawatthours
2023-02-15T10,CISO,California Independent System Operator,D,Demand,23120,megawatthours
2023-02-15T11,CISO,California Independent System Operator,D,Demand,22583,megawatthours
2023-02-15T12,CISO,California Independent System Operator,D,Demand,21969,megawatthours
2023-02-15T13,CISO,California Independent System Operator,D,Demand,21802,megawatthours
2023-02-15T14,CISO,California Independent System Operator,D,Demand,22464,megawatthours
2023-02-15T15,CISO,California Independent System Operator,D,Demand,24209,megawatthours
2023-02-15T16,CISO,California Independent System Operator,D,Demand,26651,megawatthours
2023-02-15T17,CISO,California Independent System Operator,D,Demand,27105,megawatthours
2023-02-15T18,CISO,California Independent System Operator,D,Demand,25367,megawatthours
2023-02-15T19,CISO,California Independent System Operator,D,Demand,23430,megawatthours
2023-02-15T20,CISO,California Independent System Operator,D,Demand,22168,megawatthours
2023-02-15T21,CISO,California Independent System Operator,D,Demand,21549,megawatthours
2023-02-15T22,CISO,California Independent System Operator,D,Demand,20805,megawatthours
2023-02-15T23,CISO,California Independent System Operator,D,Demand,20474,megawatthours
2023-02-16T00,CISO,California Independent System Operator,D,Demand,20970,megawatthours
2023-02-16T01,CISO,California Independent System Operator,D,Demand,21268,megawatthours
2023-02-16T02,CISO,California Independent System Operator,D,Demand,23341,megawatthours
2023-02-16T03,CISO,California Independent System Operator,D,Demand,26479,megawatthours
2023-02-16T04,CISO,California Independent System Operator,D,Demand,28220,megawatthours
2023-02-16T05,CISO,California Independent System Operator,D,Demand,28138,megawatthours
2023-02-16T06,CISO,California Independent System Operator,D,Demand,27579,megawatthours
2023-02-16T07,CISO,California Independent System Operator,D,Demand,26864,megawatthours
2023-02-16T08,CISO,California Independent System Operator,D,Demand,25518,megawatthours
2023-02-16T09,CISO,California Independent System Operator,D,Demand,24184,megawatthours
2023-02-16T10,CISO,California Independent System Operator,D,Demand,23295,megawatthours
2023-02-16T11,CISO,California Independent System Operator,D,Demand,22772,megawatthours
2023-02-16T12,CISO,California Independent System Operator,D,Demand,22436,megawatthours
2023-02-16T13,CISO,California Independent System Operator,D,Demand,22548,megawatthours
2023-02-16T14,CISO,California Independent System Operator,D,Demand,23099,megawatthours
2023-02-16T15,CISO,California Independent System Operator,D,Demand,24869,megawatthours
2023-02-16T16,CISO,California Independent System Operator,D,Demand,27209,megawatthours
2023-02-16T17,CISO,California Independent System Operator,D,Demand,27725,megawatthours
2023-02-16T18,CISO,California Independent System Operator,D,Demand,26270,megawatthours
2023-02-16T19,CISO,California Independent System Operator,D,Demand,24603,megawatthours
2023-02-16T20,CISO,California Independent System Operator,D,Demand,23180,megawatthours
2023-02-16T21,CISO,California Independent System Operator,D,Demand,22375,megawatthours
2023-02-16T22,CISO,California Independent System Operator,D,Demand,22359,megawatthours
2023-02-16T23,CISO,California Independent System Operator,D,Demand,21893,megawatthours
2023-02-17T00,CISO,California Independent System Operator,D,Demand,21635,megawatthours
2023-02-17T01,CISO,California Independent System Operator,D,Demand,22166,megawatthours
2023-02-17T02,CISO,California Independent System Operator,D,Demand,23912,megawatthours
2023-02-17T03,CISO,California Independent System Operator,D,Demand,26228,megawatthours
2023-02-17T04,CISO,California Independent System Operator,D,Demand,28165,megawatthours
2023-02-17T05,CISO,California Independent System Operator,D,Demand,28040,megawatthours
2023-02-17T06,CISO,California Independent System Operator,D,Demand,27381,megawatthours
2023-02-17T07,CISO,California Independent System Operator,D,Demand,26544,megawatthours
2023-02-17T08,CISO,California Independent System Operator,D,Demand,25112,megawatthours
2023-02-17T09,CISO,California Independent System Operator,D,Demand,23724,megawatthours
2023-02-17T10,CISO,California Independent System Operator,D,Demand,23119,megawatthours
2023-02-17T11,CISO,California Independent System Operator,D,Demand,22382,megawatthours
2023-02-17T12,CISO,California Independent System Operator,D,Demand,22131,megawatthours
2023-02-17T13,CISO,California Independent System Operator,D,Demand,21865,megawatthours
2023-02-17T14,CISO,California Independent System Operator,D,Demand,22152,megawatthours
2023-02-17T15,CISO,California Independent System Operator,D,Demand,23731,megawatthours
2023-02-17T16,CISO,California Independent System Operator,D,Demand,25904,megawatthours
2023-02-17T17,CISO,California Independent System Operator,D,Demand,26473,megawatthours
2023-02-17T18,CISO,California Independent System Operator,D,Demand,25188,megawatthours
2023-02-17T19,CISO,California Independent System Operator,D,Demand,23389,megawatthours
2023-02-17T20,CISO,California Independent System Operator,D,Demand,21928,megawatthours
2023-02-17T21,CISO,California Independent System Operator,D,Demand,21142,megawatthours
2023-02-17T22,CISO,California Independent System Operator,D,Demand,20440,megawatthours
2023-02-17T23,CISO,California Independent System Operator,D,Demand,20339,megawatthours
2023-02-18T00,CISO,California Independent System Operator,D,Demand,20353,megawatthours
2023-02-18T01,CISO,California Independent System Operator,D,Demand,20478,megawatthours
2023-02-18T02,CISO,California Independent System Operator,D,Demand,22730,megawatthours
2023-02-18T03,CISO,California Independent System Operator,D,Demand,25314,megawatthours
2023-02-18T04,CISO,California Independent System Operator,D,Demand,26544,megawatthours
2023-02-18T05,CISO,California Independent System Operator,D,Demand,26232,megawatthours
2023-02-18T06,CISO,California Independent System Operator,D,Demand,25996,megawatthours
2023-02-18T07,CISO,California Independent System Operator,D,Demand,25495,megawatthours
2023-02-18T08,CISO,California Independent System Operator,D,Demand,24436,megawatthours
2023-02-18T09,CISO,California Independent System Operator,D,Demand,23265,megawatthours
2023-02-18T10,CISO,California Independent System Operator,D,Demand,22520,megawatthours
2023-02-18T11,CISO,California Independent System Operator,D,Demand,21597,megawatthours
2023-02-18T12,CISO,California Independent System Operator,D,Demand,21202,megawatthours
2023-02-18T13,CISO,California Independent System Operator,D,Demand,21234,megawatthours
2023-02-18T14,CISO,California Independent System Operator,D,Demand,21172,megawatthours
2023-02-18T15,CISO,California Independent System Operator,D,Demand,21650,megawatthours
2023-02-18T16,CISO,California Independent System Operator,D,Demand,22593,megawatthours
2023-02-18T17,CISO,California Independent System Operator,D,Demand,22733,megawatthours
2023-02-18T18,CISO,California Independent System Operator,D,Demand,21751,megawatthours
2023-02-18T19,CISO,California Independent System Operator,D,Demand,20047,megawatthours
2023-02-18T20,CISO,California Independent System Operator,D,Demand,18927,megawatthours
2023-02-18T21,CISO,California Independent System Operator,D,Demand,18858,megawatthours
2023-02-18T22,CISO,California Independent System Operator,D,Demand,18343,megawatthours
2023-02-18T23,CISO,California Independent System Operator,D,Demand,18458,megawatthours
2023-02-19T00,CISO,California Independent System Operator,D,Demand,17901,megawatthours
2023-02-19T01,CISO,California Independent System Operator,D,Demand,18554,megawatthours
2023-02-19T02,CISO,California Independent System Operator,D,Demand,20161,megawatthours
2023-02-19T03,CISO,California Independent System Operator,D,Demand,23032,megawatthours
2023-02-19T04,CISO,California Independent System Operator,D,Demand,24579,megawatthours
2023-02-19T05,CISO,California Independent System Operator,D,Demand,24599,megawatthours
2023-02-19T06,CISO,California Independent System Operator,D,Demand,24237,megawatthours
2023-02-19T07,CISO,California Independent System Operator,D,Demand,24042,megawatthours
2023-02-19T08,CISO,California Independent System Operator,D,Demand,23184,megawatthours
2023-02-19T09,CISO,California Independent System Operator,D,Demand,22239,megawatthours
2023-02-19T10,CISO,California Independent System Operator,D,Demand,21752,megawatthours
2023-02-19T11,CISO,California Independent System Operator,D,Demand,21209,megawatthours
2023-02-19T12,CISO,California Independent System Operator,D,Demand,20722,megawatthours
2023-02-19T13,CISO,California Independent System Operator,D,Demand,20400,megawatthours
2023-02-19T14,CISO,California Independent System Operator,D,Demand,20413,megawatthours
2023-02-19T15,CISO,California Independent System Operator,D,Demand,21153,megawatthours
2023-02-19T16,CISO,California Independent System Operator,D,Demand,21873,megawatthours
2023-02-19T17,CISO,California Independent System Operator,D,Demand,21470,megawatthours
2023-02-19T18,CISO,California Independent System Operator,D,Demand,20966,megawatthours
2023-02-19T19,CISO,California Independent System Operator,D,Demand,19290,megawatthours
2023-02-19T20,CISO,California Independent System Operator,D,Demand,18085,megawatthours
2023-02-19T21,CISO,California Independent System Operator,D,Demand,17440,megawatthours
2023-02-19T22,CISO,California Independent System Operator,D,Demand,16796,megawatthours
2023-02-19T23,CISO,California Independent System Operator,D,Demand,16673,megawatthours
2023-02-20T00,CISO,California Independent System Operator,D,Demand,17340,megawatthours
2023-02-20T01,CISO,California Independent System Operator,D,Demand,18495,megawatthours
2023-02-20T02,CISO,California Independent System Operator,D,Demand,20496,megawatthours
2023-02-20T03,CISO,California Independent System Operator,D,Demand,22704,megawatthours
2023-02-20T04,CISO,California Independent System Operator,D,Demand,24436,megawatthours
2023-02-20T05,CISO,California Independent System Operator,D,Demand,24400,megawatthours
2023-02-20T06,CISO,California Independent System Operator,D,Demand,23959,megawatthours
2023-02-20T07,CISO,California Independent System Operator,D,Demand,23582,megawatthours
2023-02-20T08,CISO,California Independent System Operator,D,Demand,22918,megawatthours
2023-02-20T09,CISO,California Independent System Operator,D,Demand,21717,megawatthours
2023-02-20T10,CISO,California Independent System Operator,D,Demand,21247,megawatthours
2023-02-20T11,CISO,California Independent System Operator,D,Demand,20610,megawatthours
2023-02-20T12,CISO,California Independent System Operator,D,Demand,20314,megawatthours
2023-02-20T13,CISO,California Independent System Operator,D,Demand,20331,megawatthours
2023-02-20T14,CISO,California Independent System Operator,D,Demand,20773,megawatthours
2023-02-20T15,CISO,California Independent System Operator,D,Demand,21905,megawatthours
2023-02-20T16,CISO,California Independent System Operator,D,Demand,23297,megawatthours
2023-02-20T17,CISO,California Independent System Operator,D,Demand,23346,megawatthours
2023-02-20T18,CISO,California Independent System Operator,D,Demand,22667,megawatthours
2023-02-20T19,CISO,California Independent System Operator,D,Demand,21330,megawatthours
2023-02-20T20,CISO,California Independent System Operator,D,Demand,20373,megawatthours
2023-02-20T21,CISO,California Independent System Operator,D,Demand,19489,megawatthours
2023-02-20T22,CISO,California Independent System Operator,D,Demand,19003,megawatthours
2023-02-20T23,CISO,California Independent System Operator,D,Demand,19234,megawatthours
2023-02-21T00,CISO,California Independent System Operator,D,Demand,19229,megawatthours
2023-02-21T01,CISO,California Independent System Operator,D,Demand,20271,megawatthours
2023-02-21T02,CISO,California Independent System Operator,D,Demand,21974,megawatthours
2023-02-21T03,CISO,California Independent System Operator,D,Demand,24572,megawatthours
2023-02-21T04,CISO,California Independent System Operator,D,Demand,25797,megawatthours
2023-02-21T05,CISO,California Independent System Operator,D,Demand,25523,megawatthours
2023-02-21T06,CISO,California Independent System Operator,D,Demand,24909,megawatthours
2023-02-21T07,CISO,California Independent System Operator,D,Demand,24153,megawatthours
2023-02-21T08,CISO,California Independent System Operator,D,Demand,22851,megawatthours
2023-02-21T09,CISO,California Independent System Operator,D,Demand,21463,megawatthours
2023-02-21T10,CISO,California Independent System Operator,D,Demand,21008,megawatthours
2023-02-21T11,CISO,California Independent System Operator,D,Demand,20625,megawatthours
2023-02-21T12,CISO,California Independent System Operator,D,Demand,20224,megawatthours
2023-02-21T13,CISO,California Independent System Operator,D,Demand,20274,megawatthours
2023-02-21T14,CISO,California Independent System Operator,D,Demand,20798,megawatthours
2023-02-21T15,CISO,California Independent System Operator,D,Demand,22004,megawatthours
2023-02-21T16,CISO,California Independent System Operator,D,Demand,23801,megawatthours
2023-02-21T17,CISO,California Independent System Operator,D,Demand,24429,megawatthours
2023-02-21T18,CISO,California Independent System Operator,D,Demand,24133,megawatthours
2023-02-21T19,CISO,California Independent System Operator,D,Demand,22908,megawatthours
2023-02-21T20,CISO,California Independent System Operator,D,Demand,21473,megawatthours
2023-02-21T21,CISO,California Independent System Operator,D,Demand,20766,megawatthours
2023-02-21T22,CISO,California Independent System Operator,D,Demand,21476,megawatthours
2023-02-21T23,CISO,California Independent System Operator,D,Demand,21316,megawatthours
2023-02-22T00,CISO,California Independent System Operator,D,Demand,20966,megawatthours
2023-02-22T01,CISO,California Independent System Operator,D,Demand,21935,megawatthours
2023-02-22T02,CISO,California Independent System Operator,D,Demand,23918,megawatthours
2023-02-22T03,CISO,California Independent System Operator,D,Demand,25810,megawatthours
2023-02-22T04,CISO,California Independent System Operator,D,Demand,26940,megawatthours
2023-02-22T05,CISO,California Independent System Operator,D,Demand,26718,megawatthours
2023-02-22T06,CISO,California Independent System Operator,D,Demand,26169,megawatthours
2023-02-22T07,CISO,California Independent System Operator,D,Demand,25473,megawatthours
2023-02-22T08,CISO,California Independent System Operator,D,Demand,24252,megawatthours
2023-02-22T09,CISO,California Independent System Operator,D,Demand,23140,megawatthours
2023-02-22T10,CISO,California Independent System Operator,D,Demand,22375,megawatthours
2023-02-22T11,CISO,California Independent System Operator,D,Demand,21844,megawatthours
2023-02-22T12,CISO,California Independent System Operator,D,Demand,21465,megawatthours
2023-02-22T13,CISO,California Independent System Operator,D,Demand,21406,megawatthours
2023-02-22T14,CISO,California Independent System Operator,D,Demand,21943,megawatthours
2023-02-22T15,CISO,California Independent System Operator,D,Demand,23122,megawatthours
2023-02-22T16,CISO,California Independent System Operator,D,Demand,25154,megawatthours
2023-02-22T17,CISO,California Independent System Operator,D,Demand,25537,megawatthours
2023-02-22T18,CISO,California Independent System Operator,D,Demand,24525,megawatthours
2023-02-22T19,CISO,California Independent System Operator,D,Demand,22801,megawatthours
2023-02-22T20,CISO,California Independent System Operator,D,Demand,21758,megawatthours
2023-02-22T21,CISO,California Independent System Operator,D,Demand,21325,megawatthours
2023-02-22T22,CISO,California Independent System Operator,D,Demand,21358,megawatthours
2023-02-22T23,CISO,California Independent System Operator,D,Demand,20852,megawatthours
2023-02-23T00,CISO,California Independent System Operator,D,Demand,21855,megawatthours
2023-02-23T01,CISO,California Independent System Operator,D,Demand,22549,megawatthours
2023-02-23T02,CISO,California Independent System Operator,D,Demand,24249,megawatthours
2023-02-23T03,CISO,California Independent System Operator,D,Demand,26999,megawatthours
2023-02-23T04,CISO,California Independent System Operator,D,Demand,28745,megawatthours
2023-02-23T05,CISO,California Independent System Operator,D,Demand,28634,megawatthours
2023-02-23T06,CISO,California Independent System Operator,D,Demand,28066,megawatthours
2023-02-23T07,CISO,California Independent System Operator,D,Demand,27209,megawatthours
2023-02-23T08,CISO,California Independent System Operator,D,Demand,25652,megawatthours
2023-02-23T09,CISO,California Independent System Operator,D,Demand,24338,megawatthours
2023-02-23T10,CISO,California Independent System Operator,D,Demand,23566,megawatthours
2023-02-23T11,CISO,California Independent System Operator,D,Demand,23401,megawatthours
2023-02-23T12,CISO,California Independent System Operator,D,Demand,22678,megawatthours
2023-02-23T13,CISO,California Independent System Operator,D,Demand,22446,megawatthours
2023-02-23T14,CISO,California Independent System Operator,D,Demand,22537,megawatthours
2023-02-23T15,CISO,California Independent System Operator,D,Demand,24008,megawatthours
2023-02-23T16,CISO,California Independent System Operator,D,Demand,26339,megawatthours
2023-02-23T17,CISO,California Independent System Operator,D,Demand,26926,megawatthours
2023-02-23T18,CISO,California Independent System Operator,D,Demand,26654,megawatthours
2023-02-23T19,CISO,California Independent System Operator,D,Demand,26164,megawatthours
2023-02-23T20,CISO,California Independent System Operator,D,Demand,26157,megawatthours
2023-02-23T21,CISO,California Independent System Operator,D,Demand,25329,megawatthours
2023-02-23T22,CISO,California Independent System Operator,D,Demand,24342,megawatthours
2023-02-23T23,CISO,California Independent System Operator,D,Demand,23436,megawatthours
2023-02-24T00,CISO,California Independent System Operator,D,Demand,23344,megawatthours
2023-02-24T01,CISO,California Independent System Operator,D,Demand,23511,megawatthours
2023-02-24T02,CISO,California Independent System Operator,D,Demand,24960,megawatthours
2023-02-24T03,CISO,California Independent System Operator,D,Demand,27498,megawatthours
2023-02-24T04,CISO,California Independent System Operator,D,Demand,28887,megawatthours
2023-02-24T05,CISO,California Independent System Operator,D,Demand,28697,megawatthours
2023-02-24T06,CISO,California Independent System Operator,D,Demand,28048,megawatthours
2023-02-24T07,CISO,California Independent System Operator,D,Demand,27224,megawatthours
2023-02-24T08,CISO,California Independent System Operator,D,Demand,25843,megawatthours
2023-02-24T09,CISO,California Independent System Operator,D,Demand,24565,megawatthours
2023-02-24T10,CISO,California Independent System Operator,D,Demand,23315,megawatthours
2023-02-24T11,CISO,California Independent System Operator,D,Demand,22547,megawatthours
2023-02-24T12,CISO,California Independent System Operator,D,Demand,22121,megawatthours
2023-02-24T13,CISO,California Independent System Operator,D,Demand,22169,megawatthours
2023-02-24T14,CISO,California Independent System Operator,D,Demand,22331,megawatthours
2023-02-24T15,CISO,California Independent System Operator,D,Demand,23714,megawatthours
2023-02-24T16,CISO,California Independent System Operator,D,Demand,25768,megawatthours
2023-02-24T17,CISO,California Independent System Operator,D,Demand,26655,megawatthours
2023-02-24T18,CISO,California Independent System Operator,D,Demand,26978,megawatthours
2023-02-24T19,CISO,California Independent System Operator,D,Demand,26974,megawatthours
2023-02-24T20,CISO,California Independent System Operator,D,Demand,27475,megawatthours
2023-02-24T21,CISO,California Independent System Operator,D,Demand,27446,megawatthours
2023-02-24T22,CISO,California Independent System Operator,D,Demand,27233,megawatthours
2023-02-24T23,CISO,California Independent System Operator,D,Demand,26710,megawatthours
2023-02-25T00,CISO,California Independent System Operator,D,Demand,26051,megawatthours
2023-02-25T01,CISO,California Independent System Operator,D,Demand,26197,megawatthours
2023-02-25T02,CISO,California Independent System Operator,D,Demand,26484,megawatthours
2023-02-25T03,CISO,California Independent System Operator,D,Demand,27594,megawatthours
2023-02-25T04,CISO,California Independent System Operator,D,Demand,28362,megawatthours
2023-02-25T05,CISO,California Independent System Operator,D,Demand,27997,megawatthours
2023-02-25T06,CISO,California Independent System Operator,D,Demand,27361,megawatthours
2023-02-25T07,CISO,California Independent System Operator,D,Demand,26380,megawatthours
2023-02-25T08,CISO,California Independent System Operator,D,Demand,25072,megawatthours
2023-02-25T09,CISO,California Independent System Operator,D,Demand,23776,megawatthours
2023-02-25T10,CISO,California Independent System Operator,D,Demand,22748,megawatthours
2023-02-25T11,CISO,California Independent System Operator,D,Demand,22227,megawatthours
2023-02-25T12,CISO,California Independent System Operator,D,Demand,21824,megawatthours
2023-02-25T13,CISO,California Independent System Operator,D,Demand,21465,megawatthours
2023-02-25T14,CISO,California Independent System Operator,D,Demand,21471,megawatthours
2023-02-25T15,CISO,California Independent System Operator,D,Demand,22015,megawatthours
2023-02-25T16,CISO,California Independent System Operator,D,Demand,22871,megawatthours
2023-02-25T17,CISO,California Independent System Operator,D,Demand,23951,megawatthours
2023-02-25T18,CISO,California Independent System Operator,D,Demand,25095,megawatthours
2023-02-25T19,CISO,California Independent System Operator,D,Demand,26047,megawatthours
2023-02-25T20,CISO,California Independent System Operator,D,Demand,26254,megawatthours
2023-02-25T21,CISO,California Independent System Operator,D,Demand,25350,megawatthours
2023-02-25T22,CISO,California Independent System Operator,D,Demand,24614,megawatthours
2023-02-25T23,CISO,California Independent System Operator,D,Demand,23950,megawatthours
2023-02-26T00,CISO,California Independent System Operator,D,Demand,24195,megawatthours
2023-02-26T01,CISO,California Independent System Operator,D,Demand,24003,megawatthours
2023-02-26T02,CISO,California Independent System Operator,D,Demand,24041,megawatthours
2023-02-26T03,CISO,California Independent System Operator,D,Demand,25777,megawatthours
2023-02-26T04,CISO,California Independent System Operator,D,Demand,27036,megawatthours
2023-02-26T05,CISO,California Independent System Operator,D,Demand,26837,megawatthours
2023-02-26T06,CISO,California Independent System Operator,D,Demand,26369,megawatthours
2023-02-26T07,CISO,California Independent System Operator,D,Demand,25735,megawatthours
2023-02-26T08,CISO,California Independent System Operator,D,Demand,24515,megawatthours
2023-02-26T09,CISO,California Independent System Operator,D,Demand,23334,megawatthours
2023-02-26T10,CISO,California Independent System Operator,D,Demand,22824,megawatthours
2023-02-26T11,CISO,California Independent System Operator,D,Demand,22039,megawatthours
2023-02-26T12,CISO,California Independent System Operator,D,Demand,21457,megawatthours
2023-02-26T13,CISO,California Independent System Operator,D,Demand,21291,megawatthours
2023-02-26T14,CISO,California Independent System Operator,D,Demand,21241,megawatthours
2023-02-26T15,CISO,California Independent System Operator,D,Demand,21528,megawatthours
2023-02-26T16,CISO,California Independent System Operator,D,Demand,21905,megawatthours
2023-02-26T17,CISO,California Independent System Operator,D,Demand,22580,megawatthours
2023-02-26T18,CISO,California Independent System Operator,D,Demand,22027,megawatthours
2023-02-26T19,CISO,California Independent System Operator,D,Demand,21234,megawatthours
2023-02-26T20,CISO,California Independent System Operator,D,Demand,20944,megawatthours
2023-02-26T21,CISO,California Independent System Operator,D,Demand,20696,megawatthours
2023-02-26T22,CISO,California Independent System Operator,D,Demand,20777,megawatthours
2023-02-26T23,CISO,California Independent System Operator,D,Demand,21087,megawatthours
2023-02-27T00,CISO,California Independent System Operator,D,Demand,21844,megawatthours
2023-02-27T01,CISO,California Independent System Operator,D,Demand,22606,megawatthours
2023-02-27T02,CISO,California Independent System Operator,D,Demand,23899,megawatthours
2023-02-27T03,CISO,California Independent System Operator,D,Demand,25542,megawatthours
2023-02-27T04,CISO,California Independent System Operator,D,Demand,27051,megawatthours
2023-02-27T05,CISO,California Independent System Operator,D,Demand,26822,megawatthours
2023-02-27T06,CISO,California Independent System Operator,D,Demand,26263,megawatthours
2023-02-27T07,CISO,California Independent System Operator,D,Demand,25646,megawatthours
2023-02-27T08,CISO,California Independent System Operator,D,Demand,24238,megawatthours
2023-02-27T09,CISO,California Independent System Operator,D,Demand,22789,megawatthours
2023-02-27T10,CISO,California Independent System Operator,D,Demand,22169,megawatthours
2023-02-27T11,CISO,California Independent System Operator,D,Demand,21818,megawatthours
2023-02-27T12,CISO,California Independent System Operator,D,Demand,21463,megawatthours
2023-02-27T13,CISO,California Independent System Operator,D,Demand,21348,megawatthours
2023-02-27T14,CISO,California Independent System Operator,D,Demand,21889,megawatthours
2023-02-27T15,CISO,California Independent System Operator,D,Demand,23298,megawatthours
2023-02-27T16,CISO,California Independent System Operator,D,Demand,25437,megawatthours
2023-02-27T17,CISO,California Independent System Operator,D,Demand,26760,megawatthours
2023-02-27T18,CISO,California Independent System Operator,D,Demand,27110,megawatthours
2023-02-27T19,CISO,California Independent System Operator,D,Demand,26579,megawatthours
2023-02-27T20,CISO,California Independent System Operator,D,Demand,26834,megawatthours
2023-02-27T21,CISO,California Independent System Operator,D,Demand,27151,megawatthours
2023-02-27T22,CISO,California Independent System Operator,D,Demand,26554,megawatthours
2023-02-27T23,CISO,California Independent System Operator,D,Demand,25777,megawatthours
2023-02-28T00,CISO,California Independent System Operator,D,Demand,25111,megawatthours
2023-02-28T01,CISO,California Independent System Operator,D,Demand,24982,megawatthours
2023-02-28T02,CISO,California Independent System Operator,D,Demand,25842,megawatthours
2023-02-28T03,CISO,California Independent System Operator,D,Demand,27720,megawatthours
2023-02-28T04,CISO,California Independent System Operator,D,Demand,29114,megawatthours
2023-02-28T05,CISO,California Independent System Operator,D,Demand,28746,megawatthours
2023-02-28T06,CISO,California Independent System Operator,D,Demand,28093,megawatthours
2023-02-28T07,CISO,California Independent System Operator,D,Demand,26978,megawatthours
2023-02-28T08,CISO,California Independent System Operator,D,Demand,25370,megawatthours
2023-02-28T09,CISO,California Independent System Operator,D,Demand,23825,megawatthours
2023-02-28T10,CISO,California Independent System Operator,D,Demand,23078,megawatthours
2023-02-28T11,CISO,California Independent System Operator,D,Demand,22313,megawatthours
2023-02-28T12,CISO,California Independent System Operator,D,Demand,21777,megawatthours
2023-02-28T13,CISO,California Independent System Operator,D,Demand,21761,megawatthours
2023-02-28T14,CISO,California Independent System Operator,D,Demand,22210,megawatthours
2023-02-28T15,CISO,California Independent System Operator,D,Demand,23330,megawatthours
2023-02-28T16,CISO,California Independent System Operator,D,Demand,25450,megawatthours
2023-02-28T17,CISO,California Independent System Operator,D,Demand,26285,megawatthours
2023-02-28T18,CISO,California Independent System Operator,D,Demand,26228,megawatthours
2023-02-28T19,CISO,California Independent System Operator,D,Demand,25488,megawatthours
2023-02-28T20,CISO,California Independent System Operator,D,Demand,25000,megawatthours
2023-02-28T21,CISO,California Independent System Operator,D,Demand,24519,megawatthours
2023-02-28T22,CISO,California Independent System Operator,D,Demand,23562,megawatthours
2023-02-28T23,CISO,California Independent System Operator,D,Demand,23349,megawatthours
2023-03-01T00,CISO,California Independent System Operator,D,Demand,23425,megawatthours
2023-03-01T01,CISO,California Independent System Operator,D,Demand,23891,megawatthours
2023-03-01T02,CISO,California Independent System Operator,D,Demand,25279,megawatthours
2023-03-01T03,CISO,California Independent System Operator,D,Demand,27221,megawatthours
2023-03-01T04,CISO,California Independent System Operator,D,Demand,28559,megawatthours
2023-03-01T05,CISO,California Independent System Operator,D,Demand,28271,megawatthours
2023-03-01T06,CISO,California Independent System Operator,D,Demand,27569,megawatthours
2023-03-01T07,CISO,California Independent System Operator,D,Demand,26551,megawatthours
2023-03-01T08,CISO,California Independent System Operator,D,Demand,24973,megawatthours
2023-03-01T09,CISO,California Independent System Operator,D,Demand,23632,megawatthours
2023-03-01T10,CISO,California Independent System Operator,D,Demand,22699,megawatthours
2023-03-01T11,CISO,California Independent System Operator,D,Demand,22190,megawatthours
2023-03-01T12,CISO,California Independent System Operator,D,Demand,21834,megawatthours
2023-03-01T13,CISO,California Independent System Operator,D,Demand,21775,megawatthours
2023-03-01T14,CISO,California Independent System Operator,D,Demand,22065,megawatthours
2023-03-01T15,CISO,California Independent System Operator,D,Demand,23445,megawatthours
2023-03-01T16,CISO,California Independent System Operator,D,Demand,25741,megawatthours
2023-03-01T17,CISO,California Independent System Operator,D,Demand,26625,megawatthours
2023-03-01T18,CISO,California Independent System Operator,D,Demand,25971,megawatthours
2023-03-01T19,CISO,California Independent System Operator,D,Demand,24510,megawatthours
2023-03-01T20,CISO,California Independent System Operator,D,Demand,23174,megawatthours
2023-03-01T21,CISO,California Independent System Operator,D,Demand,22801,megawatthours
2023-03-01T22,CISO,California Independent System Operator,D,Demand,22314,megawatthours
2023-03-01T23,CISO,California Independent System Operator,D,Demand,21464,megawatthours
2023-03-02T00,CISO,California Independent System Operator,D,Demand,21475,megawatthours
2023-03-02T01,CISO,California Independent System Operator,D,Demand,22242,megawatthours
2023-03-02T02,CISO,California Independent System Operator,D,Demand,23924,megawatthours
2023-03-02T03,CISO,California Independent System Operator,D,Demand,26562,megawatthours
2023-03-02T04,CISO,California Independent System Operator,D,Demand,28627,megawatthours
2023-03-02T05,CISO,California Independent System Operator,D,Demand,28688,megawatthours
2023-03-02T06,CISO,California Independent System Operator,D,Demand,28159,megawatthours
2023-03-02T07,CISO,California Independent System Operator,D,Demand,27430,megawatthours
2023-03-02T08,CISO,California Independent System Operator,D,Demand,25881,megawatthours
2023-03-02T09,CISO,California Independent System Operator,D,Demand,24842,megawatthours
2023-03-02T10,CISO,California Independent System Operator,D,Demand,23927,megawatthours
2023-03-02T11,CISO,California Independent System Operator,D,Demand,23207,megawatthours
2023-03-02T12,CISO,California Independent System Operator,D,Demand,22646,megawatthours
2023-03-02T13,CISO,California Independent System Operator,D,Demand,22585,megawatthours
2023-03-02T14,CISO,California Independent System Operator,D,Demand,23127,megawatthours
2023-03-02T15,CISO,California Independent System Operator,D,Demand,24775,megawatthours
2023-03-02T16,CISO,California Independent System Operator,D,Demand,26858,megawatthours
2023-03-02T17,CISO,California Independent System Operator,D,Demand,26619,megawatthours
2023-03-02T18,CISO,California Independent System Operator,D,Demand,24767,megawatthours
2023-03-02T19,CISO,California Independent System Operator,D,Demand,22696,megawatthours
2023-03-02T20,CISO,California Independent System Operator,D,Demand,21102,megawatthours
2023-03-02T21,CISO,California Independent System Operator,D,Demand,20595,megawatthours
2023-03-02T22,CISO,California Independent System Operator,D,Demand,20292,megawatthours
2023-03-02T23,CISO,California Independent System Operator,D,Demand,20255,megawatthours
2023-03-03T00,CISO,California Independent System Operator,D,Demand,19903,megawatthours
2023-03-03T01,CISO,California Independent System Operator,D,Demand,20607,megawatthours
2023-03-03T02,CISO,California Independent System Operator,D,Demand,21977,megawatthours
2023-03-03T03,CISO,California Independent System Operator,D,Demand,24974,megawatthours
2023-03-03T04,CISO,California Independent System Operator,D,Demand,27169,megawatthours
2023-03-03T05,CISO,California Independent System Operator,D,Demand,27236,megawatthours
2023-03-03T06,CISO,California Independent System Operator,D,Demand,26854,megawatthours
2023-03-03T07,CISO,California Independent System Operator,D,Demand,26226,megawatthours
2023-03-03T08,CISO,California Independent System Operator,D,Demand,24789,megawatthours
2023-03-03T09,CISO,California Independent System Operator,D,Demand,23423,megawatthours
2023-03-03T10,CISO,California Independent System Operator,D,Demand,22711,megawatthours
2023-03-03T11,CISO,California Independent System Operator,D,Demand,22281,megawatthours
2023-03-03T12,CISO,California Independent System Operator,D,Demand,22018,megawatthours
2023-03-03T13,CISO,California Independent System Operator,D,Demand,22024,megawatthours
2023-03-03T14,CISO,California Independent System Operator,D,Demand,22135,megawatthours
2023-03-03T15,CISO,California Independent System Operator,D,Demand,23683,megawatthours
2023-03-03T16,CISO,California Independent System Operator,D,Demand,25652,megawatthours
2023-03-03T17,CISO,California Independent System Operator,D,Demand,26109,megawatthours
2023-03-03T18,CISO,California Independent System Operator,D,Demand,24788,megawatthours
2023-03-03T19,CISO,California Independent System Operator,D,Demand,22560,megawatthours
2023-03-03T20,CISO,California Independent System Operator,D,Demand,20871,megawatthours
2023-03-03T21,CISO,California Independent System Operator,D,Demand,19803,megawatthours
2023-03-03T22,CISO,California Independent System Operator,D,Demand,18882,megawatthours
2023-03-03T23,CISO,California Independent System Operator,D,Demand,18522,megawatthours
2023-03-04T00,CISO,California Independent System Operator,D,Demand,19259,megawatthours
2023-03-04T01,CISO,California Independent System Operator,D,Demand,20325,megawatthours
2023-03-04T02,CISO,California Independent System Operator,D,Demand,21975,megawatthours
2023-03-04T03,CISO,California Independent System Operator,D,Demand,24322,megawatthours
2023-03-04T04,CISO,California Independent System Operator,D,Demand,26166,megawatthours
2023-03-04T05,CISO,California Independent System Operator,D,Demand,26215,megawatthours
2023-03-04T06,CISO,California Independent System Operator,D,Demand,25735,megawatthours
2023-03-04T07,CISO,California Independent System Operator,D,Demand,25224,megawatthours
2023-03-04T08,CISO,California Independent System Operator,D,Demand,24225,megawatthours
2023-03-04T09,CISO,California Independent System Operator,D,Demand,23008,megawatthours
2023-03-04T10,CISO,California Independent System Operator,D,Demand,22338,megawatthours
2023-03-04T11,CISO,California Independent System Operator,D,Demand,21674,megawatthours
2023-03-04T12,CISO,California Independent System Operator,D,Demand,21382,megawatthours
2023-03-04T13,CISO,California Independent System Operator,D,Demand,21106,megawatthours
2023-03-04T14,CISO,California Independent System Operator,D,Demand,21219,megawatthours
2023-03-04T15,CISO,California Independent System Operator,D,Demand,21705,megawatthours
2023-03-04T16,CISO,California Independent System Operator,D,Demand,22390,megawatthours
2023-03-04T17,CISO,California Independent System Operator,D,Demand,22189,megawatthours
2023-03-04T18,CISO,California Independent System Operator,D,Demand,22693,megawatthours
2023-03-04T19,CISO,California Independent System Operator,D,Demand,22055,megawatthours
2023-03-04T20,CISO,California Independent System Operator,D,Demand,23025,megawatthours
2023-03-04T21,CISO,California Independent System Operator,D,Demand,23106,megawatthours
2023-03-04T22,CISO,California Independent System Operator,D,Demand,21708,megawatthours
2023-03-04T23,CISO,California Independent System Operator,D,Demand,20057,megawatthours
2023-03-05T00,CISO,California Independent System Operator,D,Demand,18882,megawatthours
2023-03-05T01,CISO,California Independent System Operator,D,Demand,19148,megawatthours
2023-03-05T02,CISO,California Independent System Operator,D,Demand,21014,megawatthours
2023-03-05T03,CISO,California Independent System Operator,D,Demand,23637,megawatthours
2023-03-05T04,CISO,California Independent System Operator,D,Demand,25596,megawatthours
2023-03-05T05,CISO,California Independent System Operator,D,Demand,25701,megawatthours
2023-03-05T06,CISO,California Independent System Operator,D,Demand,25213,megawatthours
2023-03-05T07,CISO,California Independent System Operator,D,Demand,24687,megawatthours
2023-03-05T08,CISO,California Independent System Operator,D,Demand,23942,megawatthours
2023-03-05T09,CISO,California Independent System Operator,D,Demand,22995,megawatthours
2023-03-05T10,CISO,California Independent System Operator,D,Demand,22333,megawatthours
2023-03-05T11,CISO,California Independent System Operator,D,Demand,21591,megawatthours
2023-03-05T12,CISO,California Independent System Operator,D,Demand,21196,megawatthours
2023-03-05T13,CISO,California Independent System Operator,D,Demand,20897,megawatthours
2023-03-05T14,CISO,California Independent System Operator,D,Demand,20658,megawatthours
2023-03-05T15,CISO,California Independent System Operator,D,Demand,20940,megawatthours
2023-03-05T16,CISO,California Independent System Operator,D,Demand,21234,megawatthours
2023-03-05T17,CISO,California Independent System Operator,D,Demand,21609,megawatthours
2023-03-05T18,CISO,California Independent System Operator,D,Demand,20956,megawatthours
2023-03-05T19,CISO,California Independent System Operator,D,Demand,21204,megawatthours
2023-03-05T20,CISO,California Independent System Operator,D,Demand,21270,megawatthours
2023-03-05T21,CISO,California Independent System Operator,D,Demand,20664,megawatthours
2023-03-05T22,CISO,California Independent System Operator,D,Demand,20231,megawatthours
2023-03-05T23,CISO,California Independent System Operator,D,Demand,19747,megawatthours
2023-03-06T00,CISO,California Independent System Operator,D,Demand,19613,megawatthours
2023-03-06T01,CISO,California Independent System Operator,D,Demand,20592,megawatthours
2023-03-06T02,CISO,California Independent System Operator,D,Demand,21442,megawatthours
2023-03-06T03,CISO,California Independent System Operator,D,Demand,23919,megawatthours
2023-03-06T04,CISO,California Independent System Operator,D,Demand,26002,megawatthours
2023-03-06T05,CISO,California Independent System Operator,D,Demand,26103,megawatthours
2023-03-06T06,CISO,California Independent System Operator,D,Demand,25746,megawatthours
2023-03-06T07,CISO,California Independent System Operator,D,Demand,25032,megawatthours
2023-03-06T08,CISO,California Independent System Operator,D,Demand,23736,megawatthours
2023-03-06T09,CISO,California Independent System Operator,D,Demand,22441,megawatthours
2023-03-06T10,CISO,California Independent System Operator,D,Demand,22295,megawatthours
2023-03-06T11,CISO,California Independent System Operator,D,Demand,22189,megawatthours
2023-03-06T12,CISO,California Independent System Operator,D,Demand,21384,megawatthours
2023-03-06T13,CISO,California Independent System Operator,D,Demand,21096,megawatthours
2023-03-06T14,CISO,California Independent System Operator,D,Demand,21671,megawatthours
2023-03-06T15,CISO,California Independent System Operator,D,Demand,23179,megawatthours
2023-03-06T16,CISO,California Independent System Operator,D,Demand,24952,megawatthours
2023-03-06T17,CISO,California Independent System Operator,D,Demand,25515,megawatthours
2023-03-06T18,CISO,California Independent System Operator,D,Demand,24541,megawatthours
2023-03-06T19,CISO,California Independent System Operator,D,Demand,23855,megawatthours
2023-03-06T20,CISO,California Independent System Operator,D,Demand,23155,megawatthours
2023-03-06T21,CISO,California Independent System Operator,D,Demand,22715,megawatthours
2023-03-06T22,CISO,California Independent System Operator,D,Demand,21828,megawatthours
2023-03-06T23,CISO,California Independent System Operator,D,Demand,21245,megawatthours
2023-03-07T00,CISO,California Independent System Operator,D,Demand,21730,megawatthours
2023-03-07T01,CISO,California Independent System Operator,D,Demand,21962,megawatthours
2023-03-07T02,CISO,California Independent System Operator,D,Demand,23880,megawatthours
2023-03-07T03,CISO,California Independent System Operator,D,Demand,25817,megawatthours
2023-03-07T04,CISO,California Independent System Operator,D,Demand,27634,megawatthours
2023-03-07T05,CISO,California Independent System Operator,D,Demand,27695,megawatthours
2023-03-07T06,CISO,California Independent System Operator,D,Demand,27108,megawatthours
2023-03-07T07,CISO,California Independent System Operator,D,Demand,26412,megawatthours
2023-03-07T08,CISO,California Independent System Operator,D,Demand,24933,megawatthours
2023-03-07T09,CISO,California Independent System Operator,D,Demand,23528,megawatthours
2023-03-07T10,CISO,California Independent System Operator,D,Demand,22501,megawatthours
2023-03-07T11,CISO,California Independent System Operator,D,Demand,22222,megawatthours
2023-03-07T12,CISO,California Independent System Operator,D,Demand,21846,megawatthours
2023-03-07T13,CISO,California Independent System Operator,D,Demand,21546,megawatthours
2023-03-07T14,CISO,California Independent System Operator,D,Demand,21911,megawatthours
2023-03-07T15,CISO,California Independent System Operator,D,Demand,23375,megawatthours
2023-03-07T16,CISO,California Independent System Operator,D,Demand,25390,megawatthours
2023-03-07T17,CISO,California Independent System Operator,D,Demand,25724,megawatthours
2023-03-07T18,CISO,California Independent System Operator,D,Demand,24256,megawatthours
2023-03-07T19,CISO,California Independent System Operator,D,Demand,22241,megawatthours
2023-03-07T20,CISO,California Independent System Operator,D,Demand,21782,megawatthours
2023-03-07T21,CISO,California Independent System Operator,D,Demand,20785,megawatthours
2023-03-07T22,CISO,California Independent System Operator,D,Demand,20785,megawatthours
2023-03-07T23,CISO,California Independent System Operator,D,Demand,20627,megawatthours
2023-03-08T00,CISO,California Independent System Operator,D,Demand,20461,megawatthours
2023-03-08T01,CISO,California Independent System Operator,D,Demand,20927,megawatthours
2023-03-08T02,CISO,California Independent System Operator,D,Demand,22632,megawatthours
2023-03-08T03,CISO,California Independent System Operator,D,Demand,25238,megawatthours
2023-03-08T04,CISO,California Independent System Operator,D,Demand,27275,megawatthours
2023-03-08T05,CISO,California Independent System Operator,D,Demand,27337,megawatthours
2023-03-08T06,CISO,California Independent System Operator,D,Demand,26946,megawatthours
2023-03-08T07,CISO,California Independent System Operator,D,Demand,26240,megawatthours
2023-03-08T08,CISO,California Independent System Operator,D,Demand,24703,megawatthours
2023-03-08T09,CISO,California Independent System Operator,D,Demand,23365,megawatthours
2023-03-08T10,CISO,California Independent System Operator,D,Demand,22699,megawatthours
2023-03-08T11,CISO,California Independent System Operator,D,Demand,22459,megawatthours
2023-03-08T12,CISO,California Independent System Operator,D,Demand,22211,megawatthours
2023-03-08T13,CISO,California Independent System Operator,D,Demand,21804,megawatthours
2023-03-08T14,CISO,California Independent System Operator,D,Demand,22228,megawatthours
2023-03-08T15,CISO,California Independent System Operator,D,Demand,23769,megawatthours
2023-03-08T16,CISO,California Independent System Operator,D,Demand,25640,megawatthours
2023-03-08T17,CISO,California Independent System Operator,D,Demand,25983,megawatthours
2023-03-08T18,CISO,California Independent System Operator,D,Demand,25175,megawatthours
2023-03-08T19,CISO,California Independent System Operator,D,Demand,24052,megawatthours
2023-03-08T20,CISO,California Independent System Operator,D,Demand,22962,megawatthours
2023-03-08T21,CISO,California Independent System Operator,D,Demand,21412,megawatthours
2023-03-08T22,CISO,California Independent System Operator,D,Demand,20702,megawatthours
2023-03-08T23,CISO,California Independent System Operator,D,Demand,20769,megawatthours
2023-03-09T00,CISO,California Independent System Operator,D,Demand,20246,megawatthours
2023-03-09T01,CISO,California Independent System Operator,D,Demand,20806,megawatthours
2023-03-09T02,CISO,California Independent System Operator,D,Demand,22399,megawatthours
2023-03-09T03,CISO,California Independent System Operator,D,Demand,25005,megawatthours
2023-03-09T04,CISO,California Independent System Operator,D,Demand,27220,megawatthours
2023-03-09T05,CISO,California Independent System Operator,D,Demand,27548,megawatthours
2023-03-09T06,CISO,California Independent System Operator,D,Demand,27091,megawatthours
2023-03-09T07,CISO,California Independent System Operator,D,Demand,26352,megawatthours
2023-03-09T08,CISO,California Independent System Operator,D,Demand,25088,megawatthours
2023-03-09T09,CISO,California Independent System Operator,D,Demand,23782,megawatthours
2023-03-09T10,CISO,California Independent System Operator,D,Demand,23200,megawatthours
2023-03-09T11,CISO,California Independent System Operator,D,Demand,22924,megawatthours
2023-03-09T12,CISO,California Independent System Operator,D,Demand,22918,megawatthours
2023-03-09T13,CISO,California Independent System Operator,D,Demand,22604,megawatthours
2023-03-09T14,CISO,California Independent System Operator,D,Demand,22713,megawatthours
2023-03-09T15,CISO,California Independent System Operator,D,Demand,24043,megawatthours
2023-03-09T16,CISO,California Independent System Operator,D,Demand,25861,megawatthours
2023-03-09T17,CISO,California Independent System Operator,D,Demand,25985,megawatthours
2023-03-09T18,CISO,California Independent System Operator,D,Demand,25211,megawatthours
2023-03-09T19,CISO,California Independent System Operator,D,Demand,23927,megawatthours
2023-03-09T20,CISO,California Independent System Operator,D,Demand,23630,megawatthours
2023-03-09T21,CISO,California Independent System Operator,D,Demand,23418,megawatthours
2023-03-09T22,CISO,California Independent System Operator,D,Demand,23506,megawatthours
2023-03-09T23,CISO,California Independent System Operator,D,Demand,23892,megawatthours
2023-03-10T00,CISO,California Independent System Operator,D,Demand,23959,megawatthours
2023-03-10T01,CISO,California Independent System Operator,D,Demand,24593,megawatthours
2023-03-10T02,CISO,California Independent System Operator,D,Demand,25528,megawatthours
2023-03-10T03,CISO,California Independent System Operator,D,Demand,27329,megawatthours
2023-03-10T04,CISO,California Independent System Operator,D,Demand,28304,megawatthours
2023-03-10T05,CISO,California Independent System Operator,D,Demand,27881,megawatthours
2023-03-10T06,CISO,California Independent System Operator,D,Demand,27248,megawatthours
2023-03-10T07,CISO,California Independent System Operator,D,Demand,26433,megawatthours
2023-03-10T08,CISO,California Independent System Operator,D,Demand,25030,megawatthours
2023-03-10T09,CISO,California Independent System Operator,D,Demand,23503,megawatthours
2023-03-10T10,CISO,California Independent System Operator,D,Demand,22835,megawatthours
2023-03-10T11,CISO,California Independent System Operator,D,Demand,22460,megawatthours
2023-03-10T12,CISO,California Independent System Operator,D,Demand,21804,megawatthours
2023-03-10T13,CISO,California Independent System Operator,D,Demand,21446,megawatthours
2023-03-10T14,CISO,California Independent System Operator,D,Demand,21284,megawatthours
2023-03-10T15,CISO,California Independent System Operator,D,Demand,22427,megawatthours
2023-03-10T16,CISO,California Independent System Operator,D,Demand,24136,megawatthours
2023-03-10T17,CISO,California Independent System Operator,D,Demand,25491,megawatthours
2023-03-10T18,CISO,California Independent System Operator,D,Demand,25907,megawatthours
2023-03-10T19,CISO,California Independent System Operator,D,Demand,25973,megawatthours
2023-03-10T20,CISO,California Independent System Operator,D,Demand,26217,megawatthours
2023-03-10T21,CISO,California Independent System Operator,D,Demand,26457,megawatthours
2023-03-10T22,CISO,California Independent System Operator,D,Demand,25912,megawatthours
2023-03-10T23,CISO,California Independent System Operator,D,Demand,25103,megawatthours
2023-03-11T00,CISO,California Independent System Operator,D,Demand,24981,megawatthours
2023-03-11T01,CISO,California Independent System Operator,D,Demand,25114,megawatthours
2023-03-11T02,CISO,California Independent System Operator,D,Demand,25355,megawatthours
2023-03-11T03,CISO,California Independent System Operator,D,Demand,26498,megawatthours
2023-03-11T04,CISO,California Independent System Operator,D,Demand,27301,megawatthours
2023-03-11T05,CISO,California Independent System Operator,D,Demand,26974,megawatthours
2023-03-11T06,CISO,California Independent System Operator,D,Demand,26333,megawatthours
2023-03-11T07,CISO,California Independent System Operator,D,Demand,25590,megawatthours
2023-03-11T08,CISO,California Independent System Operator,D,Demand,24330,megawatthours
2023-03-11T09,CISO,California Independent System Operator,D,Demand,23210,megawatthours
2023-03-11T10,CISO,California Independent System Operator,D,Demand,22490,megawatthours
2023-03-11T11,CISO,California Independent System Operator,D,Demand,21693,megawatthours
2023-03-11T12,CISO,California Independent System Operator,D,Demand,21159,megawatthours
2023-03-11T13,CISO,California Independent System Operator,D,Demand,20839,megawatthours
2023-03-11T14,CISO,California Independent System Operator,D,Demand,20821,megawatthours
2023-03-11T15,CISO,California Independent System Operator,D,Demand,21215,megawatthours
2023-03-11T16,CISO,California Independent System Operator,D,Demand,21538,megawatthours
2023-03-11T17,CISO,California Independent System Operator,D,Demand,22171,megawatthours
2023-03-11T18,CISO,California Independent System Operator,D,Demand,23008,megawatthours
2023-03-11T19,CISO,California Independent System Operator,D,Demand,23042,megawatthours
2023-03-11T20,CISO,California Independent System Operator,D,Demand,23633,megawatthours
2023-03-11T21,CISO,California Independent System Operator,D,Demand,22891,megawatthours
2023-03-11T22,CISO,California Independent System Operator,D,Demand,22569,megawatthours
2023-03-11T23,CISO,California Independent System Operator,D,Demand,22228,megawatthours
2023-03-12T00,CISO,California Independent System Operator,D,Demand,21798,megawatthours
2023-03-12T01,CISO,California Independent System Operator,D,Demand,22315,megawatthours
2023-03-12T02,CISO,California Independent System Operator,D,Demand,23064,megawatthours
2023-03-12T03,CISO,California Independent System Operator,D,Demand,24450,megawatthours
2023-03-12T04,CISO,California Independent System Operator,D,Demand,25878,megawatthours
2023-03-12T05,CISO,California Independent System Operator,D,Demand,25573,megawatthours
2023-03-12T06,CISO,California Independent System Operator,D,Demand,25041,megawatthours
2023-03-12T07,CISO,California Independent System Operator,D,Demand,24410,megawatthours
2023-03-12T08,CISO,California Independent System Operator,D,Demand,23455,megawatthours
2023-03-12T09,CISO,California Independent System Operator,D,Demand,22726,megawatthours
2023-03-12T10,CISO,California Independent System Operator,D,Demand,21954,megawatthours
2023-03-12T11,CISO,California Independent System Operator,D,Demand,21415,megawatthours
2023-03-12T12,CISO,California Independent System Operator,D,Demand,20912,megawatthours
2023-03-12T13,CISO,California Independent System Operator,D,Demand,21003,megawatthours
2023-03-12T14,CISO,California Independent System Operator,D,Demand,21068,megawatthours
2023-03-12T15,CISO,California Independent System Operator,D,Demand,21224,megawatthours
2023-03-12T16,CISO,California Independent System Operator,D,Demand,21555,megawatthours
2023-03-12T17,CISO,California Independent System Operator,D,Demand,22059,megawatthours
2023-03-12T18,CISO,California Independent System Operator,D,Demand,21599,megawatthours
2023-03-12T19,CISO,California Independent System Operator,D,Demand,21003,megawatthours
2023-03-12T20,CISO,California Independent System Operator,D,Demand,21208,megawatthours
2023-03-12T21,CISO,California Independent System Operator,D,Demand,20727,megawatthours
2023-03-12T22,CISO,California Independent System Operator,D,Demand,20403,megawatthours
2023-03-12T23,CISO,California Independent System Operator,D,Demand,19725,megawatthours
2023-03-13T00,CISO,California Independent System Operator,D,Demand,19722,megawatthours
2023-03-13T01,CISO,California Independent System Operator,D,Demand,20442,megawatthours
2023-03-13T02,CISO,California Independent System Operator,D,Demand,22155,megawatthours
2023-03-13T03,CISO,California Independent System Operator,D,Demand,23977,megawatthours
2023-03-13T04,CISO,California Independent System Operator,D,Demand,25534,megawatthours
2023-03-13T05,CISO,California Independent System Operator,D,Demand,25354,megawatthours
2023-03-13T06,CISO,California Independent System Operator,D,Demand,24801,megawatthours
2023-03-13T07,CISO,California Independent System Operator,D,Demand,23571,megawatthours
2023-03-13T08,CISO,California Independent System Operator,D,Demand,22599,megawatthours
2023-03-13T09,CISO,California Independent System Operator,D,Demand,21870,megawatthours
2023-03-13T10,CISO,California Independent System Operator,D,Demand,21361,megawatthours
2023-03-13T11,CISO,California Independent System Operator,D,Demand,21342,megawatthours
2023-03-13T12,CISO,California Independent System Operator,D,Demand,21302,megawatthours
2023-03-13T13,CISO,California Independent System Operator,D,Demand,21177,megawatthours
2023-03-13T14,CISO,California Independent System Operator,D,Demand,22179,megawatthours
2023-03-13T15,CISO,California Independent System Operator,D,Demand,24093,megawatthours
2023-03-13T16,CISO,California Independent System Operator,D,Demand,25628,megawatthours
2023-03-13T17,CISO,California Independent System Operator,D,Demand,25502,megawatthours
2023-03-13T18,CISO,California Independent System Operator,D,Demand,25334,megawatthours
2023-03-13T19,CISO,California Independent System Operator,D,Demand,24392,megawatthours
2023-03-13T20,CISO,California Independent System Operator,D,Demand,23204,megawatthours
2023-03-13T21,CISO,California Independent System Operator,D,Demand,22152,megawatthours
2023-03-13T22,CISO,California Independent System Operator,D,Demand,21106,megawatthours
2023-03-13T23,CISO,California Independent System Operator,D,Demand,20919,megawatthours
2023-03-14T00,CISO,California Independent System Operator,D,Demand,21321,megawatthours
2023-03-14T01,CISO,California Independent System Operator,D,Demand,22179,megawatthours
2023-03-14T02,CISO,California Independent System Operator,D,Demand,23719,megawatthours
2023-03-14T03,CISO,California Independent System Operator,D,Demand,25705,megawatthours
2023-03-14T04,CISO,California Independent System Operator,D,Demand,27198,megawatthours
2023-03-14T05,CISO,California Independent System Operator,D,Demand,26682,megawatthours
2023-03-14T06,CISO,California Independent System Operator,D,Demand,26005,megawatthours
2023-03-14T07,CISO,California Independent System Operator,D,Demand,24897,megawatthours
2023-03-14T08,CISO,California Independent System Operator,D,Demand,23400,megawatthours
2023-03-14T09,CISO,California Independent System Operator,D,Demand,22645,megawatthours
2023-03-14T10,CISO,California Independent System Operator,D,Demand,22000,megawatthours
2023-03-14T11,CISO,California Independent System Operator,D,Demand,21598,megawatthours
2023-03-14T12,CISO,California Independent System Operator,D,Demand,21223,megawatthours
2023-03-14T13,CISO,California Independent System Operator,D,Demand,21288,megawatthours
2023-03-14T14,CISO,California Independent System Operator,D,Demand,22119,megawatthours
2023-03-14T15,CISO,California Independent System Operator,D,Demand,24024,megawatthours
2023-03-14T16,CISO,California Independent System Operator,D,Demand,25396,megawatthours
2023-03-14T17,CISO,California Independent System Operator,D,Demand,25970,megawatthours
2023-03-14T18,CISO,California Independent System Operator,D,Demand,26616,megawatthours
2023-03-14T19,CISO,California Independent System Operator,D,Demand,26656,megawatthours
2023-03-14T20,CISO,California Independent System Operator,D,Demand,26664,megawatthours
2023-03-14T21,CISO,California Independent System Operator,D,Demand,26126,megawatthours
2023-03-14T22,CISO,California Independent System Operator,D,Demand,25340,megawatthours
2023-03-14T23,CISO,California Independent System Operator,D,Demand,24505,megawatthours
2023-03-15T00,CISO,California Independent System Operator,D,Demand,24488,megawatthours
2023-03-15T01,CISO,California Independent System Operator,D,Demand,24685,megawatthours
2023-03-15T02,CISO,California Independent System Operator,D,Demand,25334,megawatthours
2023-03-15T03,CISO,California Independent System Operator,D,Demand,26315,megawatthours
2023-03-15T04,CISO,California Independent System Operator,D,Demand,26900,megawatthours
2023-03-15T05,CISO,California Independent System Operator,D,Demand,26554,megawatthours
2023-03-15T06,CISO,California Independent System Operator,D,Demand,26150,megawatthours
2023-03-15T07,CISO,California Independent System Operator,D,Demand,24723,megawatthours
2023-03-15T08,CISO,California Independent System Operator,D,Demand,23344,megawatthours
2023-03-15T09,CISO,California Independent System Operator,D,Demand,22872,megawatthours
2023-03-15T10,CISO,California Independent System Operator,D,Demand,22205,megawatthours
2023-03-15T11,CISO,California Independent System Operator,D,Demand,21982,megawatthours
2023-03-15T12,CISO,California Independent System Operator,D,Demand,21794,megawatthours
2023-03-15T13,CISO,California Independent System Operator,D,Demand,21738,megawatthours
2023-03-15T14,CISO,California Independent System Operator,D,Demand,22897,megawatthours
2023-03-15T15,CISO,California Independent System Operator,D,Demand,24660,megawatthours
2023-03-15T16,CISO,California Independent System Operator,D,Demand,26335,megawatthours
2023-03-15T17,CISO,California Independent System Operator,D,Demand,26105,megawatthours
2023-03-15T18,CISO,California Independent System Operator,D,Demand,25213,megawatthours
2023-03-15T19,CISO,California Independent System Operator,D,Demand,24639,megawatthours
2023-03-15T20,CISO,California Independent System Operator,D,Demand,23649,megawatthours
2023-03-15T21,CISO,California Independent System Operator,D,Demand,23115,megawatthours
2023-03-15T22,CISO,California Independent System Operator,D,Demand,22356,megawatthours
2023-03-15T23,CISO,California Independent System Operator,D,Demand,22424,megawatthours
2023-03-16T00,CISO,California Independent System Operator,D,Demand,22046,megawatthours
2023-03-16T01,CISO,California Independent System Operator,D,Demand,22611,megawatthours
2023-03-16T02,CISO,California Independent System Operator,D,Demand,23560,megawatthours
2023-03-16T03,CISO,California Independent System Operator,D,Demand,25171,megawatthours
2023-03-16T04,CISO,California Independent System Operator,D,Demand,26781,megawatthours
2023-03-16T05,CISO,California Independent System Operator,D,Demand,26630,megawatthours
2023-03-16T06,CISO,California Independent System Operator,D,Demand,25962,megawatthours
2023-03-16T07,CISO,California Independent System Operator,D,Demand,24462,megawatthours
2023-03-16T08,CISO,California Independent System Operator,D,Demand,23163,megawatthours
2023-03-16T09,CISO,California Independent System Operator,D,Demand,22507,megawatthours
2023-03-16T10,CISO,California Independent System Operator,D,Demand,21980,megawatthours
2023-03-16T11,CISO,California Independent System Operator,D,Demand,21746,megawatthours
2023-03-16T12,CISO,California Independent System Operator,D,Demand,21683,megawatthours
2023-03-16T13,CISO,California Independent System Operator,D,Demand,21740,megawatthours
2023-03-16T14,CISO,California Independent System Operator,D,Demand,22705,megawatthours
2023-03-16T15,CISO,California Independent System Operator,D,Demand,24941,megawatthours
2023-03-16T16,CISO,California Independent System Operator,D,Demand,26408,megawatthours
2023-03-16T17,CISO,California Independent System Operator,D,Demand,25951,megawatthours
2023-03-16T18,CISO,California Independent System Operator,D,Demand,24841,megawatthours
2023-03-16T19,CISO,California Independent System Operator,D,Demand,23054,megawatthours
2023-03-16T20,CISO,California Independent System Operator,D,Demand,22316,megawatthours
2023-03-16T21,CISO,California Independent System Operator,D,Demand,21431,megawatthours
2023-03-16T22,CISO,California Independent System Operator,D,Demand,21025,megawatthours
2023-03-16T23,CISO,California Independent System Operator,D,Demand,20535,megawatthours
2023-03-17T00,CISO,California Independent System Operator,D,Demand,20657,megawatthours
2023-03-17T01,CISO,California Independent System Operator,D,Demand,20645,megawatthours
2023-03-17T02,CISO,California Independent System Operator,D,Demand,21863,megawatthours
2023-03-17T03,CISO,California Independent System Operator,D,Demand,23899,megawatthours
2023-03-17T04,CISO,California Independent System Operator,D,Demand,25884,megawatthours
2023-03-17T05,CISO,California Independent System Operator,D,Demand,26030,megawatthours
2023-03-17T06,CISO,California Independent System Operator,D,Demand,25335,megawatthours
2023-03-17T07,CISO,California Independent System Operator,D,Demand,24199,megawatthours
2023-03-17T08,CISO,California Independent System Operator,D,Demand,22853,megawatthours
2023-03-17T09,CISO,California Independent System Operator,D,Demand,22048,megawatthours
2023-03-17T10,CISO,California Independent System Operator,D,Demand,21369,megawatthours
2023-03-17T11,CISO,California Independent System Operator,D,Demand,21002,megawatthours
2023-03-17T12,CISO,California Independent System Operator,D,Demand,20783,megawatthours
2023-03-17T13,CISO,California Independent System Operator,D,Demand,21146,megawatthours
2023-03-17T14,CISO,California Independent System Operator,D,Demand,22468,megawatthours
2023-03-17T15,CISO,California Independent System Operator,D,Demand,24608,megawatthours
2023-03-17T16,CISO,California Independent System Operator,D,Demand,25975,megawatthours
2023-03-17T17,CISO,California Independent System Operator,D,Demand,25614,megawatthours
2023-03-17T18,CISO,California Independent System Operator,D,Demand,24092,megawatthours
2023-03-17T19,CISO,California Independent System Operator,D,Demand,22559,megawatthours
2023-03-17T20,CISO,California Independent System Operator,D,Demand,20651,megawatthours
2023-03-17T21,CISO,California Independent System Operator,D,Demand,19292,megawatthours
2023-03-17T22,CISO,California Independent System Operator,D,Demand,18497,megawatthours
2023-03-17T23,CISO,California Independent System Operator,D,Demand,18599,megawatthours
2023-03-18T00,CISO,California Independent System Operator,D,Demand,19256,megawatthours
2023-03-18T01,CISO,California Independent System Operator,D,Demand,20478,megawatthours
2023-03-18T02,CISO,California Independent System Operator,D,Demand,21822,megawatthours
2023-03-18T03,CISO,California Independent System Operator,D,Demand,23311,megawatthours
2023-03-18T04,CISO,California Independent System Operator,D,Demand,24909,megawatthours
2023-03-18T05,CISO,California Independent System Operator,D,Demand,24894,megawatthours
2023-03-18T06,CISO,California Independent System Operator,D,Demand,24379,megawatthours
2023-03-18T07,CISO,California Independent System Operator,D,Demand,23418,megawatthours
2023-03-18T08,CISO,California Independent System Operator,D,Demand,22211,megawatthours
2023-03-18T09,CISO,California Independent System Operator,D,Demand,21527,megawatthours
2023-03-18T10,CISO,California Independent System Operator,D,Demand,20813,megawatthours
2023-03-18T11,CISO,California Independent System Operator,D,Demand,20466,megawatthours
2023-03-18T12,CISO,California Independent System Operator,D,Demand,20159,megawatthours
2023-03-18T13,CISO,California Independent System Operator,D,Demand,20193,megawatthours
2023-03-18T14,CISO,California Independent System Operator,D,Demand,20717,megawatthours
2023-03-18T15,CISO,California Independent System Operator,D,Demand,21549,megawatthours
2023-03-18T16,CISO,California Independent System Operator,D,Demand,21886,megawatthours
2023-03-18T17,CISO,California Independent System Operator,D,Demand,21360,megawatthours
2023-03-18T18,CISO,California Independent System Operator,D,Demand,19730,megawatthours
2023-03-18T19,CISO,California Independent System Operator,D,Demand,18741,megawatthours
2023-03-18T20,CISO,California Independent System Operator,D,Demand,17770,megawatthours
2023-03-18T21,CISO,California Independent System Operator,D,Demand,17326,megawatthours
2023-03-18T22,CISO,California Independent System Operator,D,Demand,17158,megawatthours
2023-03-18T23,CISO,California Independent System Operator,D,Demand,17677,megawatthours
2023-03-19T00,CISO,California Independent System Operator,D,Demand,18846,megawatthours
2023-03-19T01,CISO,California Independent System Operator,D,Demand,20032,megawatthours
2023-03-19T02,CISO,California Independent System Operator,D,Demand,21386,megawatthours
2023-03-19T03,CISO,California Independent System Operator,D,Demand,22749,megawatthours
2023-03-19T04,CISO,California Independent System Operator,D,Demand,23994,megawatthours
2023-03-19T05,CISO,California Independent System Operator,D,Demand,23843,megawatthours
2023-03-19T06,CISO,California Independent System Operator,D,Demand,23462,megawatthours
2023-03-19T07,CISO,California Independent System Operator,D,Demand,22477,megawatthours
2023-03-19T08,CISO,California Independent System Operator,D,Demand,21471,megawatthours
2023-03-19T09,CISO,California Independent System Operator,D,Demand,20890,megawatthours
2023-03-19T10,CISO,California Independent System Operator,D,Demand,20180,megawatthours
2023-03-19T11,CISO,California Independent System Operator,D,Demand,19659,megawatthours
2023-03-19T12,CISO,California Independent System Operator,D,Demand,19398,megawatthours
2023-03-19T13,CISO,California Independent System Operator,D,Demand,19433,megawatthours
2023-03-19T14,CISO,California Independent System Operator,D,Demand,19458,megawatthours
2023-03-19T15,CISO,California Independent System Operator,D,Demand,20086,megawatthours
2023-03-19T16,CISO,California Independent System Operator,D,Demand,20566,megawatthours
2023-03-19T17,CISO,California Independent System Operator,D,Demand,20958,megawatthours
2023-03-19T18,CISO,California Independent System Operator,D,Demand,21179,megawatthours
2023-03-19T19,CISO,California Independent System Operator,D,Demand,21229,megawatthours
2023-03-19T20,CISO,California Independent System Operator,D,Demand,21381,megawatthours
2023-03-19T21,CISO,California Independent System Operator,D,Demand,21683,megawatthours
2023-03-19T22,CISO,California Independent System Operator,D,Demand,21413,megawatthours
2023-03-19T23,CISO,California Independent System Operator,D,Demand,21175,megawatthours
2023-03-20T00,CISO,California Independent System Operator,D,Demand,21159,megawatthours
2023-03-20T01,CISO,California Independent System Operator,D,Demand,21467,megawatthours
2023-03-20T02,CISO,California Independent System Operator,D,Demand,22951,megawatthours
2023-03-20T03,CISO,California Independent System Operator,D,Demand,23625,megawatthours
2023-03-20T04,CISO,California Independent System Operator,D,Demand,24797,megawatthours
2023-03-20T05,CISO,California Independent System Operator,D,Demand,24659,megawatthours
2023-03-20T06,CISO,California Independent System Operator,D,Demand,24072,megawatthours
2023-03-20T07,CISO,California Independent System Operator,D,Demand,22890,megawatthours
2023-03-20T08,CISO,California Independent System Operator,D,Demand,21749,megawatthours
2023-03-20T09,CISO,California Independent System Operator,D,Demand,21008,megawatthours
2023-03-20T10,CISO,California Independent System Operator,D,Demand,20371,megawatthours
2023-03-20T11,CISO,California Independent System Operator,D,Demand,20087,megawatthours
2023-03-20T12,CISO,California Independent System Operator,D,Demand,20430,megawatthours
2023-03-20T13,CISO,California Independent System Operator,D,Demand,20675,megawatthours
2023-03-20T14,CISO,California Independent System Operator,D,Demand,21702,megawatthours
2023-03-20T15,CISO,California Independent System Operator,D,Demand,23711,megawatthours
2023-03-20T16,CISO,California Independent System Operator,D,Demand,25174,megawatthours
2023-03-20T17,CISO,California Independent System Operator,D,Demand,24891,megawatthours
2023-03-20T18,CISO,California Independent System Operator,D,Demand,24946,megawatthours
2023-03-20T19,CISO,California Independent System Operator,D,Demand,23810,megawatthours
2023-03-20T20,CISO,California Independent System Operator,D,Demand,23298,megawatthours
2023-03-20T21,CISO,California Independent System Operator,D,Demand,23058,megawatthours
2023-03-20T22,CISO,California Independent System Operator,D,Demand,21903,megawatthours
2023-03-20T23,CISO,California Independent System Operator,D,Demand,21303,megawatthours
2023-03-21T00,CISO,California Independent System Operator,D,Demand,20914,megawatthours
2023-03-21T01,CISO,California Independent System Operator,D,Demand,21124,megawatthours
2023-03-21T02,CISO,California Independent System Operator,D,Demand,23141,megawatthours
2023-03-21T03,CISO,California Independent System Operator,D,Demand,24743,megawatthours
2023-03-21T04,CISO,California Independent System Operator,D,Demand,26161,megawatthours
2023-03-21T05,CISO,California Independent System Operator,D,Demand,25959,megawatthours
2023-03-21T06,CISO,California Independent System Operator,D,Demand,25292,megawatthours
2023-03-21T07,CISO,California Independent System Operator,D,Demand,24040,megawatthours
2023-03-21T08,CISO,California Independent System Operator,D,Demand,22596,megawatthours
2023-03-21T09,CISO,California Independent System Operator,D,Demand,21956,megawatthours
2023-03-21T10,CISO,California Independent System Operator,D,Demand,21552,megawatthours
2023-03-21T11,CISO,California Independent System Operator,D,Demand,20927,megawatthours
2023-03-21T12,CISO,California Independent System Operator,D,Demand,20750,megawatthours
2023-03-21T13,CISO,California Independent System Operator,D,Demand,20815,megawatthours
2023-03-21T14,CISO,California Independent System Operator,D,Demand,22118,megawatthours
2023-03-21T15,CISO,California Independent System Operator,D,Demand,24263,megawatthours
2023-03-21T16,CISO,California Independent System Operator,D,Demand,26348,megawatthours
2023-03-21T17,CISO,California Independent System Operator,D,Demand,27096,megawatthours
2023-03-21T18,CISO,California Independent System Operator,D,Demand,27442,megawatthours
2023-03-21T19,CISO,California Independent System Operator,D,Demand,26938,megawatthours
2023-03-21T20,CISO,California Independent System Operator,D,Demand,26572,megawatthours
2023-03-21T21,CISO,California Independent System Operator,D,Demand,24891,megawatthours
2023-03-21T22,CISO,California Independent System Operator,D,Demand,23558,megawatthours
2023-03-21T23,CISO,California Independent System Operator,D,Demand,24446,megawatthours
2023-03-22T00,CISO,California Independent System Operator,D,Demand,24956,megawatthours
2023-03-22T01,CISO,California Independent System Operator,D,Demand,25427,megawatthours
2023-03-22T02,CISO,California Independent System Operator,D,Demand,26274,megawatthours
2023-03-22T03,CISO,California Independent System Operator,D,Demand,26898,megawatthours
2023-03-22T04,CISO,California Independent System Operator,D,Demand,27711,megawatthours
2023-03-22T05,CISO,California Independent System Operator,D,Demand,27396,megawatthours
2023-03-22T06,CISO,California Independent System Operator,D,Demand,26493,megawatthours
2023-03-22T07,CISO,California Independent System Operator,D,Demand,24998,megawatthours
2023-03-22T08,CISO,California Independent System Operator,D,Demand,23560,megawatthours
2023-03-22T09,CISO,California Independent System Operator,D,Demand,22695,megawatthours
2023-03-22T10,CISO,California Independent System Operator,D,Demand,22322,megawatthours
2023-03-22T11,CISO,California Independent System Operator,D,Demand,22040,megawatthours
2023-03-22T12,CISO,California Independent System Operator,D,Demand,22016,megawatthours
2023-03-22T13,CISO,California Independent System Operator,D,Demand,21981,megawatthours
2023-03-22T14,CISO,California Independent System Operator,D,Demand,23108,megawatthours
2023-03-22T15,CISO,California Independent System Operator,D,Demand,25180,megawatthours
2023-03-22T16,CISO,California Independent System Operator,D,Demand,26449,megawatthours
2023-03-22T17,CISO,California Independent System Operator,D,Demand,26474,megawatthours
2023-03-22T18,CISO,California Independent System Operator,D,Demand,26057,megawatthours
2023-03-22T19,CISO,California Independent System Operator,D,Demand,25240,megawatthours
2023-03-22T20,CISO,California Independent System Operator,D,Demand,24533,megawatthours
2023-03-22T21,CISO,California Independent System Operator,D,Demand,24498,megawatthours
2023-03-22T22,CISO,California Independent System Operator,D,Demand,23574,megawatthours
2023-03-22T23,CISO,California Independent System Operator,D,Demand,23003,megawatthours
2023-03-23T00,CISO,California Independent System Operator,D,Demand,22349,megawatthours
2023-03-23T01,CISO,California Independent System Operator,D,Demand,22964,megawatthours
2023-03-23T02,CISO,California Independent System Operator,D,Demand,24283,megawatthours
2023-03-23T03,CISO,California Independent System Operator,D,Demand,25712,megawatthours
2023-03-23T04,CISO,California Independent System Operator,D,Demand,27134,megawatthours
2023-03-23T05,CISO,California Independent System Operator,D,Demand,27029,megawatthours
2023-03-23T06,CISO,California Independent System Operator,D,Demand,26283,megawatthours
2023-03-23T07,CISO,California Independent System Operator,D,Demand,24907,megawatthours
2023-03-23T08,CISO,California Independent System Operator,D,Demand,23531,megawatthours
2023-03-23T09,CISO,California Independent System Operator,D,Demand,22665,megawatthours
2023-03-23T10,CISO,California Independent System Operator,D,Demand,21972,megawatthours
2023-03-23T11,CISO,California Independent System Operator,D,Demand,21886,megawatthours
2023-03-23T12,CISO,California Independent System Operator,D,Demand,21852,megawatthours
2023-03-23T13,CISO,California Independent System Operator,D,Demand,21901,megawatthours
2023-03-23T14,CISO,California Independent System Operator,D,Demand,23095,megawatthours
2023-03-23T15,CISO,California Independent System Operator,D,Demand,25300,megawatthours
2023-03-23T16,CISO,California Independent System Operator,D,Demand,26530,megawatthours
2023-03-23T17,CISO,California Independent System Operator,D,Demand,26390,megawatthours
2023-03-23T18,CISO,California Independent System Operator,D,Demand,25863,megawatthours
2023-03-23T19,CISO,California Independent System Operator,D,Demand,24721,megawatthours
2023-03-23T20,CISO,California Independent System Operator,D,Demand,24230,megawatthours
2023-03-23T21,CISO,California Independent System Operator,D,Demand,23457,megawatthours
2023-03-23T22,CISO,California Independent System Operator,D,Demand,22915,megawatthours
2023-03-23T23,CISO,California Independent System Operator,D,Demand,22265,megawatthours
2023-03-24T00,CISO,California Independent System Operator,D,Demand,22342,megawatthours
2023-03-24T01,CISO,California Independent System Operator,D,Demand,22468,megawatthours
2023-03-24T02,CISO,California Independent System Operator,D,Demand,23537,megawatthours
2023-03-24T03,CISO,California Independent System Operator,D,Demand,25635,megawatthours
2023-03-24T04,CISO,California Independent System Operator,D,Demand,27540,megawatthours
2023-03-24T05,CISO,California Independent System Operator,D,Demand,27602,megawatthours
2023-03-24T06,CISO,California Independent System Operator,D,Demand,26885,megawatthours
2023-03-24T07,CISO,California Independent System Operator,D,Demand,25629,megawatthours
2023-03-24T08,CISO,California Independent System Operator,D,Demand,24125,megawatthours
2023-03-24T09,CISO,California Independent System Operator,D,Demand,23348,megawatthours
2023-03-24T10,CISO,California Independent System Operator,D,Demand,22548,megawatthours
2023-03-24T11,CISO,California Independent System Operator,D,Demand,22442,megawatthours
2023-03-24T12,CISO,California Independent System Operator,D,Demand,22087,megawatthours
2023-03-24T13,CISO,California Independent System Operator,D,Demand,22208,megawatthours
2023-03-24T14,CISO,California Independent System Operator,D,Demand,23510,megawatthours
2023-03-24T15,CISO,California Independent System Operator,D,Demand,25687,megawatthours
2023-03-24T16,CISO,California Independent System Operator,D,Demand,26715,megawatthours
2023-03-24T17,CISO,California Independent System Operator,D,Demand,25886,megawatthours
2023-03-24T18,CISO,California Independent System Operator,D,Demand,23907,megawatthours
2023-03-24T19,CISO,California Independent System Operator,D,Demand,22631,megawatthours
2023-03-24T20,CISO,California Independent System Operator,D,Demand,21128,megawatthours
2023-03-24T21,CISO,California Independent System Operator,D,Demand,19963,megawatthours
2023-03-24T22,CISO,California Independent System Operator,D,Demand,18759,megawatthours
2023-03-24T23,CISO,California Independent System Operator,D,Demand,18099,megawatthours
2023-03-25T00,CISO,California Independent System Operator,D,Demand,18343,megawatthours
2023-03-25T01,CISO,California Independent System Operator,D,Demand,19451,megawatthours
2023-03-25T02,CISO,California Independent System Operator,D,Demand,21604,megawatthours
2023-03-25T03,CISO,California Independent System Operator,D,Demand,24143,megawatthours
2023-03-25T04,CISO,California Independent System Operator,D,Demand,26255,megawatthours
2023-03-25T05,CISO,California Independent System Operator,D,Demand,26594,megawatthours
2023-03-25T06,CISO,California Independent System Operator,D,Demand,26153,megawatthours
2023-03-25T07,CISO,California Independent System Operator,D,Demand,25130,megawatthours
2023-03-25T08,CISO,California Independent System Operator,D,Demand,24036,megawatthours
2023-03-25T09,CISO,California Independent System Operator,D,Demand,23323,megawatthours
2023-03-25T10,CISO,California Independent System Operator,D,Demand,22466,megawatthours
2023-03-25T11,CISO,California Independent System Operator,D,Demand,21990,megawatthours
2023-03-25T12,CISO,California Independent System Operator,D,Demand,21740,megawatthours
2023-03-25T13,CISO,California Independent System Operator,D,Demand,21522,megawatthours
2023-03-25T14,CISO,California Independent System Operator,D,Demand,22066,megawatthours
2023-03-25T15,CISO,California Independent System Operator,D,Demand,22992,megawatthours
2023-03-25T16,CISO,California Independent System Operator,D,Demand,23101,megawatthours
2023-03-25T17,CISO,California Independent System Operator,D,Demand,21955,megawatthours
2023-03-25T18,CISO,California Independent System Operator,D,Demand,20600,megawatthours
2023-03-25T19,CISO,California Independent System Operator,D,Demand,18988,megawatthours
2023-03-25T20,CISO,California Independent System Operator,D,Demand,17441,megawatthours
2023-03-25T21,CISO,California Independent System Operator,D,Demand,16438,megawatthours
2023-03-25T22,CISO,California Independent System Operator,D,Demand,15789,megawatthours
2023-03-25T23,CISO,California Independent System Operator,D,Demand,15410,megawatthours
2023-03-26T00,CISO,California Independent System Operator,D,Demand,15904,megawatthours
2023-03-26T01,CISO,California Independent System Operator,D,Demand,17424,megawatthours
2023-03-26T02,CISO,California Independent System Operator,D,Demand,19842,megawatthours
2023-03-26T03,CISO,California Independent System Operator,D,Demand,22468,megawatthours
2023-03-26T04,CISO,California Independent System Operator,D,Demand,24656,megawatthours
2023-03-26T05,CISO,California Independent System Operator,D,Demand,25085,megawatthours
2023-03-26T06,CISO,California Independent System Operator,D,Demand,24765,megawatthours
2023-03-26T07,CISO,California Independent System Operator,D,Demand,23974,megawatthours
2023-03-26T08,CISO,California Independent System Operator,D,Demand,23144,megawatthours
2023-03-26T09,CISO,California Independent System Operator,D,Demand,22617,megawatthours
2023-03-26T10,CISO,California Independent System Operator,D,Demand,21929,megawatthours
2023-03-26T11,CISO,California Independent System Operator,D,Demand,21531,megawatthours
2023-03-26T12,CISO,California Independent System Operator,D,Demand,21250,megawatthours
2023-03-26T13,CISO,California Independent System Operator,D,Demand,21335,megawatthours
2023-03-26T14,CISO,California Independent System Operator,D,Demand,21777,megawatthours
2023-03-26T15,CISO,California Independent System Operator,D,Demand,22474,megawatthours
2023-03-26T16,CISO,California Independent System Operator,D,Demand,22421,megawatthours
2023-03-26T17,CISO,California Independent System Operator,D,Demand,21231,megawatthours
2023-03-26T18,CISO,California Independent System Operator,D,Demand,19661,megawatthours
2023-03-26T19,CISO,California Independent System Operator,D,Demand,18037,megawatthours
2023-03-26T20,CISO,California Independent System Operator,D,Demand,16570,megawatthours
2023-03-26T21,CISO,California Independent System Operator,D,Demand,15723,megawatthours
2023-03-26T22,CISO,California Independent System Operator,D,Demand,15426,megawatthours
2023-03-26T23,CISO,California Independent System Operator,D,Demand,15323,megawatthours
2023-03-27T00,CISO,California Independent System Operator,D,Demand,16197,megawatthours
2023-03-27T01,CISO,California Independent System Operator,D,Demand,17444,megawatthours
2023-03-27T02,CISO,California Independent System Operator,D,Demand,19663,megawatthours
2023-03-27T03,CISO,California Independent System Operator,D,Demand,22620,megawatthours
2023-03-27T04,CISO,California Independent System Operator,D,Demand,25082,megawatthours
2023-03-27T05,CISO,California Independent System Operator,D,Demand,25565,megawatthours
2023-03-27T06,CISO,California Independent System Operator,D,Demand,25194,megawatthours
2023-03-27T07,CISO,California Independent System Operator,D,Demand,23936,megawatthours
2023-03-27T08,CISO,California Independent System Operator,D,Demand,22640,megawatthours
2023-03-27T09,CISO,California Independent System Operator,D,Demand,22279,megawatthours
2023-03-27T10,CISO,California Independent System Operator,D,Demand,21797,megawatthours
2023-03-27T11,CISO,California Independent System Operator,D,Demand,21305,megawatthours
2023-03-27T12,CISO,California Independent System Operator,D,Demand,21372,megawatthours
2023-03-27T13,CISO,California Independent System Operator,D,Demand,21870,megawatthours
2023-03-27T14,CISO,California Independent System Operator,D,Demand,23473,megawatthours
2023-03-27T15,CISO,California Independent System Operator,D,Demand,25858,megawatthours
2023-03-27T16,CISO,California Independent System Operator,D,Demand,26684,megawatthours
2023-03-27T17,CISO,California Independent System Operator,D,Demand,25403,megawatthours
2023-03-27T18,CISO,California Independent System Operator,D,Demand,23599,megawatthours
2023-03-27T19,CISO,California Independent System Operator,D,Demand,22055,megawatthours
2023-03-27T20,CISO,California Independent System Operator,D,Demand,20705,megawatthours
2023-03-27T21,CISO,California Independent System Operator,D,Demand,19726,megawatthours
2023-03-27T22,CISO,California Independent System Operator,D,Demand,19032,megawatthours
2023-03-27T23,CISO,California Independent System Operator,D,Demand,18608,megawatthours
2023-03-28T00,CISO,California Independent System Operator,D,Demand,18965,megawatthours
2023-03-28T01,CISO,California Independent System Operator,D,Demand,20314,megawatthours
2023-03-28T02,CISO,California Independent System Operator,D,Demand,22471,megawatthours
2023-03-28T03,CISO,California Independent System Operator,D,Demand,24782,megawatthours
2023-03-28T04,CISO,California Independent System Operator,D,Demand,26629,megawatthours
2023-03-28T05,CISO,California Independent System Operator,D,Demand,26659,megawatthours
2023-03-28T06,CISO,California Independent System Operator,D,Demand,25966,megawatthours
2023-03-28T07,CISO,California Independent System Operator,D,Demand,24592,megawatthours
2023-03-28T08,CISO,California Independent System Operator,D,Demand,23125,megawatthours
2023-03-28T09,CISO,California Independent System Operator,D,Demand,22371,megawatthours
2023-03-28T10,CISO,California Independent System Operator,D,Demand,21764,megawatthours
2023-03-28T11,CISO,California Independent System Operator,D,Demand,21724,megawatthours
2023-03-28T12,CISO,California Independent System Operator,D,Demand,21205,megawatthours
2023-03-28T13,CISO,California Independent System Operator,D,Demand,21473,megawatthours
2023-03-28T14,CISO,California Independent System Operator,D,Demand,22867,megawatthours
2023-03-28T15,CISO,California Independent System Operator,D,Demand,24998,megawatthours
2023-03-28T16,CISO,California Independent System Operator,D,Demand,25913,megawatthours
2023-03-28T17,CISO,California Independent System Operator,D,Demand,25018,megawatthours
2023-03-28T18,CISO,California Independent System Operator,D,Demand,24524,megawatthours
2023-03-28T19,CISO,California Independent System Operator,D,Demand,23977,megawatthours
2023-03-28T20,CISO,California Independent System Operator,D,Demand,23938,megawatthours
2023-03-28T21,CISO,California Independent System Operator,D,Demand,23938,megawatthours
2023-03-28T22,CISO,California Independent System Operator,D,Demand,23423,megawatthours
2023-03-28T23,CISO,California Independent System Operator,D,Demand,23168,megawatthours
2023-03-29T00,CISO,California Independent System Operator,D,Demand,23335,megawatthours
2023-03-29T01,CISO,California Independent System Operator,D,Demand,23582,megawatthours
2023-03-29T02,CISO,California Independent System Operator,D,Demand,24436,megawatthours
2023-03-29T03,CISO,California Independent System Operator,D,Demand,25826,megawatthours
2023-03-29T04,CISO,California Independent System Operator,D,Demand,27190,megawatthours
2023-03-29T05,CISO,California Independent System Operator,D,Demand,27277,megawatthours
2023-03-29T06,CISO,California Independent System Operator,D,Demand,26513,megawatthours
2023-03-29T07,CISO,California Independent System Operator,D,Demand,25212,megawatthours
2023-03-29T08,CISO,California Independent System Operator,D,Demand,23708,megawatthours
2023-03-29T09,CISO,California Independent System Operator,D,Demand,22858,megawatthours
2023-03-29T10,CISO,California Independent System Operator,D,Demand,22413,megawatthours
2023-03-29T11,CISO,California Independent System Operator,D,Demand,22084,megawatthours
2023-03-29T12,CISO,California Independent System Operator,D,Demand,21655,megawatthours
2023-03-29T13,CISO,California Independent System Operator,D,Demand,21913,megawatthours
2023-03-29T14,CISO,California Independent System Operator,D,Demand,23083,megawatthours
2023-03-29T15,CISO,California Independent System Operator,D,Demand,25360,megawatthours
2023-03-29T16,CISO,California Independent System Operator,D,Demand,26463,megawatthours
2023-03-29T17,CISO,California Independent System Operator,D,Demand,26771,megawatthours
2023-03-29T18,CISO,California Independent System Operator,D,Demand,26297,megawatthours
2023-03-29T19,CISO,California Independent System Operator,D,Demand,26317,megawatthours
2023-03-29T20,CISO,California Independent System Operator,D,Demand,25873,megawatthours
2023-03-29T21,CISO,California Independent System Operator,D,Demand,25951,megawatthours
2023-03-29T22,CISO,California Independent System Operator,D,Demand,25583,megawatthours
2023-03-29T23,CISO,California Independent System Operator,D,Demand,24559,megawatthours
2023-03-30T00,CISO,California Independent System Operator,D,Demand,23290,megawatthours
2023-03-30T01,CISO,California Independent System Operator,D,Demand,23703,megawatthours
2023-03-30T02,CISO,California Independent System Operator,D,Demand,24657,megawatthours
2023-03-30T03,CISO,California Independent System Operator,D,Demand,26168,megawatthours
2023-03-30T04,CISO,California Independent System Operator,D,Demand,27827,megawatthours
2023-03-30T05,CISO,California Independent System Operator,D,Demand,27943,megawatthours
2023-03-30T06,CISO,California Independent System Operator,D,Demand,27149,megawatthours
2023-03-30T07,CISO,California Independent System Operator,D,Demand,25768,megawatthours
2023-03-30T08,CISO,California Independent System Operator,D,Demand,24636,megawatthours
2023-03-30T09,CISO,California Independent System Operator,D,Demand,23884,megawatthours
2023-03-30T10,CISO,California Independent System Operator,D,Demand,23091,megawatthours
2023-03-30T11,CISO,California Independent System Operator,D,Demand,22810,megawatthours
2023-03-30T12,CISO,California Independent System Operator,D,Demand,22554,megawatthours
2023-03-30T13,CISO,California Independent System Operator,D,Demand,22822,megawatthours
2023-03-30T14,CISO,California Independent System Operator,D,Demand,23853,megawatthours
2023-03-30T15,CISO,California Independent System Operator,D,Demand,25889,megawatthours
2023-03-30T16,CISO,California Independent System Operator,D,Demand,26930,megawatthours
2023-03-30T17,CISO,California Independent System Operator,D,Demand,26898,megawatthours
2023-03-30T18,CISO,California Independent System Operator,D,Demand,25729,megawatthours
2023-03-30T19,CISO,California Independent System Operator,D,Demand,23930,megawatthours
2023-03-30T20,CISO,California Independent System Operator,D,Demand,23340,megawatthours
2023-03-30T21,CISO,California Independent System Operator,D,Demand,22945,megawatthours
2023-03-30T22,CISO,California Independent System Operator,D,Demand,22032,megawatthours
2023-03-30T23,CISO,California Independent System Operator,D,Demand,21794,megawatthours
2023-03-31T00,CISO,California Independent System Operator,D,Demand,21551,megawatthours
2023-03-31T01,CISO,California Independent System Operator,D,Demand,21921,megawatthours
2023-03-31T02,CISO,California Independent System Operator,D,Demand,23174,megawatthours
2023-03-31T03,CISO,California Independent System Operator,D,Demand,24868,megawatthours
2023-03-31T04,CISO,California Independent System Operator,D,Demand,27034,megawatthours
2023-03-31T05,CISO,California Independent System Operator,D,Demand,27397,megawatthours
2023-03-31T06,CISO,California Independent System Operator,D,Demand,27004,megawatthours
2023-03-31T07,CISO,California Independent System Operator,D,Demand,25780,megawatthours
2023-03-31T08,CISO,California Independent System Operator,D,Demand,24338,megawatthours
2023-03-31T09,CISO,California Independent System Operator,D,Demand,23575,megawatthours
2023-03-31T10,CISO,California Independent System Operator,D,Demand,22825,megawatthours
2023-03-31T11,CISO,California Independent System Operator,D,Demand,22512,megawatthours
2023-03-31T12,CISO,California Independent System Operator,D,Demand,22671,megawatthours
2023-03-31T13,CISO,California Independent System Operator,D,Demand,22774,megawatthours
2023-03-31T14,CISO,California Independent System Operator,D,Demand,24007,megawatthours
2023-03-31T15,CISO,California Independent System Operator,D,Demand,25726,megawatthours
2023-03-31T16,CISO,California Independent System Operator,D,Demand,26230,megawatthours
2023-03-31T17,CISO,California Independent System Operator,D,Demand,25073,megawatthours
2023-03-31T18,CISO,California Independent System Operator,D,Demand,23491,megawatthours
2023-03-31T19,CISO,California Independent System Operator,D,Demand,21791,megawatthours
2023-03-31T20,CISO,California Independent System Operator,D,Demand,20345,megawatthours
2023-03-31T21,CISO,California Independent System Operator,D,Demand,19819,megawatthours
2023-03-31T22,CISO,California Independent System Operator,D,Demand,19286,megawatthours
2023-03-31T23,CISO,California Independent System Operator,D,Demand,19167,megawatthours
2023-04-01T00,CISO,California Independent System Operator,D,Demand,19452,megawatthours
2023-04-01T01,CISO,California Independent System Operator,D,Demand,20230,megawatthours
2023-04-01T02,CISO,California Independent System Operator,D,Demand,22370,megawatthours
2023-04-01T03,CISO,California Independent System Operator,D,Demand,24137,megawatthours
2023-04-01T04,CISO,California Independent System Operator,D,Demand,25996,megawatthours
2023-04-01T05,CISO,California Independent System Operator,D,Demand,26213,megawatthours
2023-04-01T06,CISO,California Independent System Operator,D,Demand,25759,megawatthours
2023-04-01T07,CISO,California Independent System Operator,D,Demand,24675,megawatthours
2023-04-01T08,CISO,California Independent System Operator,D,Demand,23367,megawatthours
2023-04-01T09,CISO,California Independent System Operator,D,Demand,22667,megawatthours
2023-04-01T10,CISO,California Independent System Operator,D,Demand,22184,megawatthours
2023-04-01T11,CISO,California Independent System Operator,D,Demand,21722,megawatthours
2023-04-01T12,CISO,California Independent System Operator,D,Demand,21313,megawatthours
2023-04-01T13,CISO,California Independent System Operator,D,Demand,21269,megawatthours
2023-04-01T14,CISO,California Independent System Operator,D,Demand,21812,megawatthours
2023-04-01T15,CISO,California Independent System Operator,D,Demand,22578,megawatthours
2023-04-01T16,CISO,California Independent System Operator,D,Demand,22510,megawatthours
2023-04-01T17,CISO,California Independent System Operator,D,Demand,21154,megawatthours
2023-04-01T18,CISO,California Independent System Operator,D,Demand,19380,megawatthours
2023-04-01T19,CISO,California Independent System Operator,D,Demand,17958,megawatthours
2023-04-01T20,CISO,California Independent System Operator,D,Demand,16824,megawatthours
2023-04-01T21,CISO,California Independent System Operator,D,Demand,16220,megawatthours
2023-04-01T22,CISO,California Independent System Operator,D,Demand,15903,megawatthours
2023-04-01T23,CISO,California Independent System Operator,D,Demand,15528,megawatthours
2023-04-02T00,CISO,California Independent System Operator,D,Demand,16079,megawatthours
2023-04-02T01,CISO,California Independent System Operator,D,Demand,17358,megawatthours
2023-04-02T02,CISO,California Independent System Operator,D,Demand,19845,megawatthours
2023-04-02T03,CISO,California Independent System Operator,D,Demand,22187,megawatthours
2023-04-02T04,CISO,California Independent System Operator,D,Demand,24223,megawatthours
2023-04-02T05,CISO,California Independent System Operator,D,Demand,24581,megawatthours
2023-04-02T06,CISO,California Independent System Operator,D,Demand,24211,megawatthours
2023-04-02T07,CISO,California Independent System Operator,D,Demand,23290,megawatthours
2023-04-02T08,CISO,California Independent System Operator,D,Demand,22253,megawatthours
2023-04-02T09,CISO,California Independent System Operator,D,Demand,21523,megawatthours
2023-04-02T10,CISO,California Independent System Operator,D,Demand,20939,megawatthours
2023-04-02T11,CISO,California Independent System Operator,D,Demand,20390,megawatthours
2023-04-02T12,CISO,California Independent System Operator,D,Demand,20135,megawatthours
2023-04-02T13,CISO,California Independent System Operator,D,Demand,20201,megawatthours
2023-04-02T14,CISO,California Independent System Operator,D,Demand,20520,megawatthours
2023-04-02T15,CISO,California Independent System Operator,D,Demand,21011,megawatthours
2023-04-02T16,CISO,California Independent System Operator,D,Demand,21364,megawatthours
2023-04-02T17,CISO,California Independent System Operator,D,Demand,20643,megawatthours
2023-04-02T18,CISO,California Independent System Operator,D,Demand,19383,megawatthours
2023-04-02T19,CISO,California Independent System Operator,D,Demand,18321,megawatthours
2023-04-02T20,CISO,California Independent System Operator,D,Demand,16740,megawatthours
2023-04-02T21,CISO,California Independent System Operator,D,Demand,15540,megawatthours
2023-04-02T22,CISO,California Independent System Operator,D,Demand,15370,megawatthours
2023-04-02T23,CISO,California Independent System Operator,D,Demand,15179,megawatthours
2023-04-03T00,CISO,California Independent System Operator,D,Demand,16069,megawatthours
2023-04-03T01,CISO,California Independent System Operator,D,Demand,18005,megawatthours
2023-04-03T02,CISO,California Independent System Operator,D,Demand,20274,megawatthours
2023-04-03T03,CISO,California Independent System Operator,D,Demand,22609,megawatthours
2023-04-03T04,CISO,California Independent System Operator,D,Demand,24659,megawatthours
2023-04-03T05,CISO,California Independent System Operator,D,Demand,25093,megawatthours
2023-04-03T06,CISO,California Independent System Operator,D,Demand,24589,megawatthours
2023-04-03T07,CISO,California Independent System Operator,D,Demand,23478,megawatthours
2023-04-03T08,CISO,California Independent System Operator,D,Demand,22190,megawatthours
2023-04-03T09,CISO,California Independent System Operator,D,Demand,21523,megawatthours
2023-04-03T10,CISO,California Independent System Operator,D,Demand,21170,megawatthours
2023-04-03T11,CISO,California Independent System Operator,D,Demand,21147,megawatthours
2023-04-03T12,CISO,California Independent System Operator,D,Demand,21113,megawatthours
2023-04-03T13,CISO,California Independent System Operator,D,Demand,21501,megawatthours
2023-04-03T14,CISO,California Independent System Operator,D,Demand,22473,megawatthours
2023-04-03T15,CISO,California Independent System Operator,D,Demand,24473,megawatthours
2023-04-03T16,CISO,California Independent System Operator,D,Demand,25379,megawatthours
2023-04-03T17,CISO,California Independent System Operator,D,Demand,24874,megawatthours
2023-04-03T18,CISO,California Independent System Operator,D,Demand,24342,megawatthours
2023-04-03T19,CISO,California Independent System Operator,D,Demand,22917,megawatthours
2023-04-03T20,CISO,California Independent System Operator,D,Demand,21734,megawatthours
2023-04-03T21,CISO,California Independent System Operator,D,Demand,20478,megawatthours
2023-04-03T22,CISO,California Independent System Operator,D,Demand,20224,megawatthours
2023-04-03T23,CISO,California Independent System Operator,D,Demand,19783,megawatthours
2023-04-04T00,CISO,California Independent System Operator,D,Demand,19679,megawatthours
2023-04-04T01,CISO,California Independent System Operator,D,Demand,20679,megawatthours
2023-04-04T02,CISO,California Independent System Operator,D,Demand,22210,megawatthours
2023-04-04T03,CISO,California Independent System Operator,D,Demand,24602,megawatthours
2023-04-04T04,CISO,California Independent System Operator,D,Demand,27193,megawatthours
2023-04-04T05,CISO,California Independent System Operator,D,Demand,27560,megawatthours
2023-04-04T06,CISO,California Independent System Operator,D,Demand,26974,megawatthours
2023-04-04T07,CISO,California Independent System Operator,D,Demand,25540,megawatthours
2023-04-04T08,CISO,California Independent System Operator,D,Demand,24195,megawatthours
2023-04-04T09,CISO,California Independent System Operator,D,Demand,23589,megawatthours
2023-04-04T10,CISO,California Independent System Operator,D,Demand,23043,megawatthours
2023-04-04T11,CISO,California Independent System Operator,D,Demand,22900,megawatthours
2023-04-04T12,CISO,California Independent System Operator,D,Demand,22423,megawatthours
2023-04-04T13,CISO,California Independent System Operator,D,Demand,22895,megawatthours
2023-04-04T14,CISO,California Independent System Operator,D,Demand,24253,megawatthours
2023-04-04T15,CISO,California Independent System Operator,D,Demand,26510,megawatthours
2023-04-04T16,CISO,California Independent System Operator,D,Demand,26872,megawatthours
2023-04-04T17,CISO,California Independent System Operator,D,Demand,25518,megawatthours
2023-04-04T18,CISO,California Independent System Operator,D,Demand,23620,megawatthours
2023-04-04T19,CISO,California Independent System Operator,D,Demand,21825,megawatthours
2023-04-04T20,CISO,California Independent System Operator,D,Demand,20947,megawatthours
2023-04-04T21,CISO,California Independent System Operator,D,Demand,20004,megawatthours
2023-04-04T22,CISO,California Independent System Operator,D,Demand,19562,megawatthours
2023-04-04T23,CISO,California Independent System Operator,D,Demand,18911,megawatthours
2023-04-05T00,CISO,California Independent System Operator,D,Demand,18504,megawatthours
2023-04-05T01,CISO,California Independent System Operator,D,Demand,19388,megawatthours
2023-04-05T02,CISO,California Independent System Operator,D,Demand,21911,megawatthours
2023-04-05T03,CISO,California Independent System Operator,D,Demand,24434,megawatthours
2023-04-05T04,CISO,California Independent System Operator,D,Demand,26759,megawatthours
2023-04-05T05,CISO,California Independent System Operator,D,Demand,27247,megawatthours
2023-04-05T06,CISO,California Independent System Operator,D,Demand,26707,megawatthours
2023-04-05T07,CISO,California Independent System Operator,D,Demand,25523,megawatthours
2023-04-05T08,CISO,California Independent System Operator,D,Demand,24047,megawatthours
2023-04-05T09,CISO,California Independent System Operator,D,Demand,23425,megawatthours
2023-04-05T10,CISO,California Independent System Operator,D,Demand,23180,megawatthours
2023-04-05T11,CISO,California Independent System Operator,D,Demand,22580,megawatthours
2023-04-05T12,CISO,California Independent System Operator,D,Demand,22452,megawatthours
2023-04-05T13,CISO,California Independent System Operator,D,Demand,22700,megawatthours
2023-04-05T14,CISO,California Independent System Operator,D,Demand,24067,megawatthours
2023-04-05T15,CISO,California Independent System Operator,D,Demand,26187,megawatthours
2023-04-05T16,CISO,California Independent System Operator,D,Demand,26510,megawatthours
2023-04-05T17,CISO,California Independent System Operator,D,Demand,25203,megawatthours
2023-04-05T18,CISO,California Independent System Operator,D,Demand,23699,megawatthours
2023-04-05T19,CISO,California Independent System Operator,D,Demand,21639,megawatthours
2023-04-05T20,CISO,California Independent System Operator,D,Demand,20602,megawatthours
2023-04-05T21,CISO,California Independent System Operator,D,Demand,19290,megawatthours
2023-04-05T22,CISO,California Independent System Operator,D,Demand,19003,megawatthours
2023-04-05T23,CISO,California Independent System Operator,D,Demand,18906,megawatthours
2023-04-06T00,CISO,California Independent System Operator,D,Demand,18979,megawatthours
2023-04-06T01,CISO,California Independent System Operator,D,Demand,19870,megawatthours
2023-04-06T02,CISO,California Independent System Operator,D,Demand,21705,megawatthours
2023-04-06T03,CISO,California Independent System Operator,D,Demand,24026,megawatthours
2023-04-06T04,CISO,California Independent System Operator,D,Demand,26067,megawatthours
2023-04-06T05,CISO,California Independent System Operator,D,Demand,26528,megawatthours
2023-04-06T06,CISO,California Independent System Operator,D,Demand,25947,megawatthours
2023-04-06T07,CISO,California Independent System Operator,D,Demand,24630,megawatthours
2023-04-06T08,CISO,California Independent System Operator,D,Demand,23415,megawatthours
2023-04-06T09,CISO,California Independent System Operator,D,Demand,22875,megawatthours
2023-04-06T10,CISO,California Independent System Operator,D,Demand,22237,megawatthours
2023-04-06T11,CISO,California Independent System Operator,D,Demand,22079,megawatthours
2023-04-06T12,CISO,California Independent System Operator,D,Demand,21845,megawatthours
2023-04-06T13,CISO,California Independent System Operator,D,Demand,21976,megawatthours
2023-04-06T14,CISO,California Independent System Operator,D,Demand,23322,megawatthours
2023-04-06T15,CISO,California Independent System Operator,D,Demand,25321,megawatthours
2023-04-06T16,CISO,California Independent System Operator,D,Demand,25734,megawatthours
2023-04-06T17,CISO,California Independent System Operator,D,Demand,24562,megawatthours
2023-04-06T18,CISO,California Independent System Operator,D,Demand,22785,megawatthours
2023-04-06T19,CISO,California Independent System Operator,D,Demand,20957,megawatthours
2023-04-06T20,CISO,California Independent System Operator,D,Demand,19765,megawatthours
2023-04-06T21,CISO,California Independent System Operator,D,Demand,18884,megawatthours
2023-04-06T22,CISO,California Independent System Operator,D,Demand,18904,megawatthours
2023-04-06T23,CISO,California Independent System Operator,D,Demand,19167,megawatthours
2023-04-07T00,CISO,California Independent System Operator,D,Demand,19805,megawatthours
2023-04-07T01,CISO,California Independent System Operator,D,Demand,21181,megawatthours
2023-04-07T02,CISO,California Independent System Operator,D,Demand,22914,megawatthours
2023-04-07T03,CISO,California Independent System Operator,D,Demand,24631,megawatthours
2023-04-07T04,CISO,California Independent System Operator,D,Demand,26108,megawatthours
2023-04-07T05,CISO,California Independent System Operator,D,Demand,26131,megawatthours
2023-04-07T06,CISO,California Independent System Operator,D,Demand,25453,megawatthours
2023-04-07T07,CISO,California Independent System Operator,D,Demand,24087,megawatthours
2023-04-07T08,CISO,California Independent System Operator,D,Demand,22773,megawatthours
2023-04-07T09,CISO,California Independent System Operator,D,Demand,22074,megawatthours
2023-04-07T10,CISO,California Independent System Operator,D,Demand,21378,megawatthours
2023-04-07T11,CISO,California Independent System Operator,D,Demand,21169,megawatthours
2023-04-07T12,CISO,California Independent System Operator,D,Demand,21154,megawatthours
2023-04-07T13,CISO,California Independent System Operator,D,Demand,21316,megawatthours
2023-04-07T14,CISO,California Independent System Operator,D,Demand,22160,megawatthours
2023-04-07T15,CISO,California Independent System Operator,D,Demand,23717,megawatthours
2023-04-07T16,CISO,California Independent System Operator,D,Demand,24498,megawatthours
2023-04-07T17,CISO,California Independent System Operator,D,Demand,23982,megawatthours
2023-04-07T18,CISO,California Independent System Operator,D,Demand,23318,megawatthours
2023-04-07T19,CISO,California Independent System Operator,D,Demand,22198,megawatthours
2023-04-07T20,CISO,California Independent System Operator,D,Demand,21334,megawatthours
2023-04-07T21,CISO,California Independent System Operator,D,Demand,20858,megawatthours
2023-04-07T22,CISO,California Independent System Operator,D,Demand,20769,megawatthours
2023-04-07T23,CISO,California Independent System Operator,D,Demand,20161,megawatthours
2023-04-08T00,CISO,California Independent System Operator,D,Demand,20051,megawatthours
2023-04-08T01,CISO,California Independent System Operator,D,Demand,20938,megawatthours
2023-04-08T02,CISO,California Independent System Operator,D,Demand,22130,megawatthours
2023-04-08T03,CISO,California Independent System Operator,D,Demand,23993,megawatthours
2023-04-08T04,CISO,California Independent System Operator,D,Demand,25619,megawatthours
2023-04-08T05,CISO,California Independent System Operator,D,Demand,25562,megawatthours
2023-04-08T06,CISO,California Independent System Operator,D,Demand,25038,megawatthours
2023-04-08T07,CISO,California Independent System Operator,D,Demand,23790,megawatthours
2023-04-08T08,CISO,California Independent System Operator,D,Demand,22488,megawatthours
2023-04-08T09,CISO,California Independent System Operator,D,Demand,21640,megawatthours
2023-04-08T10,CISO,California Independent System Operator,D,Demand,20874,megawatthours
2023-04-08T11,CISO,California Independent System Operator,D,Demand,20355,megawatthours
2023-04-08T12,CISO,California Independent System Operator,D,Demand,20039,megawatthours
2023-04-08T13,CISO,California Independent System Operator,D,Demand,20057,megawatthours
2023-04-08T14,CISO,California Independent System Operator,D,Demand,20525,megawatthours
2023-04-08T15,CISO,California Independent System Operator,D,Demand,21158,megawatthours
2023-04-08T16,CISO,California Independent System Operator,D,Demand,20882,megawatthours
2023-04-08T17,CISO,California Independent System Operator,D,Demand,19785,megawatthours
2023-04-08T18,CISO,California Independent System Operator,D,Demand,18775,megawatthours
2023-04-08T19,CISO,California Independent System Operator,D,Demand,17915,megawatthours
2023-04-08T20,CISO,California Independent System Operator,D,Demand,16797,megawatthours
2023-04-08T21,CISO,California Independent System Operator,D,Demand,16144,megawatthours
2023-04-08T22,CISO,California Independent System Operator,D,Demand,16079,megawatthours
2023-04-08T23,CISO,California Independent System Operator,D,Demand,16029,megawatthours
2023-04-09T00,CISO,California Independent System Operator,D,Demand,16571,megawatthours
2023-04-09T01,CISO,California Independent System Operator,D,Demand,18042,megawatthours
2023-04-09T02,CISO,California Independent System Operator,D,Demand,19818,megawatthours
2023-04-09T03,CISO,California Independent System Operator,D,Demand,21924,megawatthours
2023-04-09T04,CISO,California Independent System Operator,D,Demand,23927,megawatthours
2023-04-09T05,CISO,California Independent System Operator,D,Demand,24312,megawatthours
2023-04-09T06,CISO,California Independent System Operator,D,Demand,23798,megawatthours
2023-04-09T07,CISO,California Independent System Operator,D,Demand,22823,megawatthours
2023-04-09T08,CISO,California Independent System Operator,D,Demand,21768,megawatthours
2023-04-09T09,CISO,California Independent System Operator,D,Demand,21019,megawatthours
2023-04-09T10,CISO,California Independent System Operator,D,Demand,20153,megawatthours
2023-04-09T11,CISO,California Independent System Operator,D,Demand,19733,megawatthours
2023-04-09T12,CISO,California Independent System Operator,D,Demand,19633,megawatthours
2023-04-09T13,CISO,California Independent System Operator,D,Demand,19614,megawatthours
2023-04-09T14,CISO,California Independent System Operator,D,Demand,19882,megawatthours
2023-04-09T15,CISO,California Independent System Operator,D,Demand,20316,megawatthours
2023-04-09T16,CISO,California Independent System Operator,D,Demand,20087,megawatthours
2023-04-09T17,CISO,California Independent System Operator,D,Demand,19423,megawatthours
2023-04-09T18,CISO,California Independent System Operator,D,Demand,17823,megawatthours
2023-04-09T19,CISO,California Independent System Operator,D,Demand,16708,megawatthours
2023-04-09T20,CISO,California Independent System Operator,D,Demand,15726,megawatthours
2023-04-09T21,CISO,California Independent System Operator,D,Demand,14819,megawatthours
2023-04-09T22,CISO,California Independent System Operator,D,Demand,14541,megawatthours
2023-04-09T23,CISO,California Independent System Operator,D,Demand,14779,megawatthours
2023-04-10T00,CISO,California Independent System Operator,D,Demand,15848,megawatthours
2023-04-10T01,CISO,California Independent System Operator,D,Demand,17527,megawatthours
2023-04-10T02,CISO,California Independent System Operator,D,Demand,19691,megawatthours
2023-04-10T03,CISO,California Independent System Operator,D,Demand,22020,megawatthours
2023-04-10T04,CISO,California Independent System Operator,D,Demand,23781,megawatthours
2023-04-10T05,CISO,California Independent System Operator,D,Demand,24196,megawatthours
2023-04-10T06,CISO,California Independent System Operator,D,Demand,23814,megawatthours
2023-04-10T07,CISO,California Independent System Operator,D,Demand,22463,megawatthours
2023-04-10T08,CISO,California Independent System Operator,D,Demand,21149,megawatthours
2023-04-10T09,CISO,California Independent System Operator,D,Demand,20470,megawatthours
2023-04-10T10,CISO,California Independent System Operator,D,Demand,19950,megawatthours
2023-04-10T11,CISO,California Independent System Operator,D,Demand,19600,megawatthours
2023-04-10T12,CISO,California Independent System Operator,D,Demand,19375,megawatthours
2023-04-10T13,CISO,California Independent System Operator,D,Demand,19599,megawatthours
2023-04-10T14,CISO,California Independent System Operator,D,Demand,20737,megawatthours
2023-04-10T15,CISO,California Independent System Operator,D,Demand,22302,megawatthours
2023-04-10T16,CISO,California Independent System Operator,D,Demand,22719,megawatthours
2023-04-10T17,CISO,California Independent System Operator,D,Demand,21945,megawatthours
2023-04-10T18,CISO,California Independent System Operator,D,Demand,21007,megawatthours
2023-04-10T19,CISO,California Independent System Operator,D,Demand,20048,megawatthours
2023-04-10T20,CISO,California Independent System Operator,D,Demand,19425,megawatthours
2023-04-10T21,CISO,California Independent System Operator,D,Demand,19468,megawatthours
2023-04-10T22,CISO,California Independent System Operator,D,Demand,19648,megawatthours
2023-04-10T23,CISO,California Independent System Operator,D,Demand,20014,megawatthours
2023-04-11T00,CISO,California Independent System Operator,D,Demand,20152,megawatthours
2023-04-11T01,CISO,California Independent System Operator,D,Demand,21578,megawatthours
2023-04-11T02,CISO,California Independent System Operator,D,Demand,23194,megawatthours
2023-04-11T03,CISO,California Independent System Operator,D,Demand,25176,megawatthours
2023-04-11T04,CISO,California Independent System Operator,D,Demand,26691,megawatthours
2023-04-11T05,CISO,California Independent System Operator,D,Demand,26594,megawatthours
2023-04-11T06,CISO,California Independent System Operator,D,Demand,25748,megawatthours
2023-04-11T07,CISO,California Independent System Operator,D,Demand,24257,megawatthours
2023-04-11T08,CISO,California Independent System Operator,D,Demand,22859,megawatthours
2023-04-11T09,CISO,California Independent System Operator,D,Demand,21889,megawatthours
2023-04-11T10,CISO,California Independent System Operator,D,Demand,21218,megawatthours
2023-04-11T11,CISO,California Independent System Operator,D,Demand,21002,megawatthours
2023-04-11T12,CISO,California Independent System Operator,D,Demand,20862,megawatthours
2023-04-11T13,CISO,California Independent System Operator,D,Demand,20983,megawatthours
2023-04-11T14,CISO,California Independent System Operator,D,Demand,21661,megawatthours
2023-04-11T15,CISO,California Independent System Operator,D,Demand,23166,megawatthours
2023-04-11T16,CISO,California Independent System Operator,D,Demand,23684,megawatthours
2023-04-11T17,CISO,California Independent System Operator,D,Demand,23047,megawatthours
2023-04-11T18,CISO,California Independent System Operator,D,Demand,22183,megawatthours
2023-04-11T19,CISO,California Independent System Operator,D,Demand,21198,megawatthours
2023-04-11T20,CISO,California Independent System Operator,D,Demand,20089,megawatthours
2023-04-11T21,CISO,California Independent System Operator,D,Demand,19523,megawatthours
2023-04-11T22,CISO,California Independent System Operator,D,Demand,19235,megawatthours
2023-04-11T23,CISO,California Independent System Operator,D,Demand,18930,megawatthours
2023-04-12T00,CISO,California Independent System Operator,D,Demand,19114,megawatthours
2023-04-12T01,CISO,California Independent System Operator,D,Demand,20616,megawatthours
2023-04-12T02,CISO,California Independent System Operator,D,Demand,22429,megawatthours
2023-04-12T03,CISO,California Independent System Operator,D,Demand,24665,megawatthours
2023-04-12T04,CISO,California Independent System Operator,D,Demand,26200,megawatthours
2023-04-12T05,CISO,California Independent System Operator,D,Demand,26488,megawatthours
2023-04-12T06,CISO,California Independent System Operator,D,Demand,25687,megawatthours
2023-04-12T07,CISO,California Independent System Operator,D,Demand,24058,megawatthours
2023-04-12T08,CISO,California Independent System Operator,D,Demand,22680,megawatthours
2023-04-12T09,CISO,California Independent System Operator,D,Demand,22164,megawatthours
2023-04-12T10,CISO,California Independent System Operator,D,Demand,21836,megawatthours
2023-04-12T11,CISO,California Independent System Operator,D,Demand,21150,megawatthours
2023-04-12T12,CISO,California Independent System Operator,D,Demand,20955,megawatthours
2023-04-12T13,CISO,California Independent System Operator,D,Demand,20704,megawatthours
2023-04-12T14,CISO,California Independent System Operator,D,Demand,21687,megawatthours
2023-04-12T15,CISO,California Independent System Operator,D,Demand,23333,megawatthours
2023-04-12T16,CISO,California Independent System Operator,D,Demand,24181,megawatthours
2023-04-12T17,CISO,California Independent System Operator,D,Demand,24076,megawatthours
2023-04-12T18,CISO,California Independent System Operator,D,Demand,22908,megawatthours
2023-04-12T19,CISO,California Independent System Operator,D,Demand,22656,megawatthours
2023-04-12T20,CISO,California Independent System Operator,D,Demand,21952,megawatthours
2023-04-12T21,CISO,California Independent System Operator,D,Demand,21620,megawatthours
2023-04-12T22,CISO,California Independent System Operator,D,Demand,21454,megawatthours
2023-04-12T23,CISO,California Independent System Operator,D,Demand,20979,megawatthours
2023-04-13T00,CISO,California Independent System Operator,D,Demand,20842,megawatthours
2023-04-13T01,CISO,California Independent System Operator,D,Demand,21407,megawatthours
2023-04-13T02,CISO,California Independent System Operator,D,Demand,22590,megawatthours
2023-04-13T03,CISO,California Independent System Operator,D,Demand,24531,megawatthours
2023-04-13T04,CISO,California Independent System Operator,D,Demand,25897,megawatthours
2023-04-13T05,CISO,California Independent System Operator,D,Demand,26144,megawatthours
2023-04-13T06,CISO,California Independent System Operator,D,Demand,25492,megawatthours
2023-04-13T07,CISO,California Independent System Operator,D,Demand,24008,megawatthours
2023-04-13T08,CISO,California Independent System Operator,D,Demand,22688,megawatthours
2023-04-13T09,CISO,California Independent System Operator,D,Demand,22208,megawatthours
2023-04-13T10,CISO,California Independent System Operator,D,Demand,21731,megawatthours
2023-04-13T11,CISO,California Independent System Operator,D,Demand,21317,megawatthours
2023-04-13T12,CISO,California Independent System Operator,D,Demand,20897,megawatthours
2023-04-13T13,CISO,California Independent System Operator,D,Demand,21174,megawatthours
2023-04-13T14,CISO,California Independent System Operator,D,Demand,22111,megawatthours
2023-04-13T15,CISO,California Independent System Operator,D,Demand,23892,megawatthours
2023-04-13T16,CISO,California Independent System Operator,D,Demand,24644,megawatthours
2023-04-13T17,CISO,California Independent System Operator,D,Demand,24235,megawatthours
2023-04-13T18,CISO,California Independent System Operator,D,Demand,23484,megawatthours
2023-04-13T19,CISO,California Independent System Operator,D,Demand,22270,megawatthours
2023-04-13T20,CISO,California Independent System Operator,D,Demand,21714,megawatthours
2023-04-13T21,CISO,California Independent System Operator,D,Demand,20979,megawatthours
2023-04-13T22,CISO,California Independent System Operator,D,Demand,20792,megawatthours
2023-04-13T23,CISO,California Independent System Operator,D,Demand,20195,megawatthours
2023-04-14T00,CISO,California Independent System Operator,D,Demand,20308,megawatthours
2023-04-14T01,CISO,California Independent System Operator,D,Demand,21050,megawatthours
2023-04-14T02,CISO,California Independent System Operator,D,Demand,22336,megawatthours
2023-04-14T03,CISO,California Independent System Operator,D,Demand,24067,megawatthours
2023-04-14T04,CISO,California Independent System Operator,D,Demand,25891,megawatthours
2023-04-14T05,CISO,California Independent System Operator,D,Demand,26208,megawatthours
2023-04-14T06,CISO,California Independent System Operator,D,Demand,25652,megawatthours
2023-04-14T07,CISO,California Independent System Operator,D,Demand,24316,megawatthours
2023-04-14T08,CISO,California Independent System Operator,D,Demand,22947,megawatthours
2023-04-14T09,CISO,California Independent System Operator,D,Demand,22142,megawatthours
2023-04-14T10,CISO,California Independent System Operator,D,Demand,21586,megawatthours
2023-04-14T11,CISO,California Independent System Operator,D,Demand,21297,megawatthours
2023-04-14T12,CISO,California Independent System Operator,D,Demand,21149,megawatthours
2023-04-14T13,CISO,California Independent System Operator,D,Demand,21229,megawatthours
2023-04-14T14,CISO,California Independent System Operator,D,Demand,22250,megawatthours
2023-04-14T15,CISO,California Independent System Operator,D,Demand,23851,megawatthours
2023-04-14T16,CISO,California Independent System Operator,D,Demand,24653,megawatthours
2023-04-14T17,CISO,California Independent System Operator,D,Demand,24256,megawatthours
2023-04-14T18,CISO,California Independent System Operator,D,Demand,23126,megawatthours
2023-04-14T19,CISO,California Independent System Operator,D,Demand,21559,megawatthours
2023-04-14T20,CISO,California Independent System Operator,D,Demand,20553,megawatthours
2023-04-14T21,CISO,California Independent System Operator,D,Demand,20146,megawatthours
2023-04-14T22,CISO,California Independent System Operator,D,Demand,19978,megawatthours
2023-04-14T23,CISO,California Independent System Operator,D,Demand,20146,megawatthours
2023-04-15T00,CISO,California Independent System Operator,D,Demand,19705,megawatthours
2023-04-15T01,CISO,California Independent System Operator,D,Demand,20176,megawatthours
2023-04-15T02,CISO,California Independent System Operator,D,Demand,21295,megawatthours
2023-04-15T03,CISO,California Independent System Operator,D,Demand,22995,megawatthours
2023-04-15T04,CISO,California Independent System Operator,D,Demand,24871,megawatthours
2023-04-15T05,CISO,California Independent System Operator,D,Demand,25335,megawatthours
2023-04-15T06,CISO,California Independent System Operator,D,Demand,24870,megawatthours
2023-04-15T07,CISO,California Independent System Operator,D,Demand,23819,megawatthours
2023-04-15T08,CISO,California Independent System Operator,D,Demand,22580,megawatthours
2023-04-15T09,CISO,California Independent System Operator,D,Demand,21954,megawatthours
2023-04-15T10,CISO,California Independent System Operator,D,Demand,21203,megawatthours
2023-04-15T11,CISO,California Independent System Operator,D,Demand,20581,megawatthours
2023-04-15T12,CISO,California Independent System Operator,D,Demand,20255,megawatthours
2023-04-15T13,CISO,California Independent System Operator,D,Demand,20293,megawatthours
2023-04-15T14,CISO,California Independent System Operator,D,Demand,20862,megawatthours
2023-04-15T15,CISO,California Independent System Operator,D,Demand,21293,megawatthours
2023-04-15T16,CISO,California Independent System Operator,D,Demand,21056,megawatthours
2023-04-15T17,CISO,California Independent System Operator,D,Demand,20215,megawatthours
2023-04-15T18,CISO,California Independent System Operator,D,Demand,18915,megawatthours
2023-04-15T19,CISO,California Independent System Operator,D,Demand,17711,megawatthours
2023-04-15T20,CISO,California Independent System Operator,D,Demand,16614,megawatthours
2023-04-15T21,CISO,California Independent System Operator,D,Demand,15867,megawatthours
2023-04-15T22,CISO,California Independent System Operator,D,Demand,15853,megawatthours
2023-04-15T23,CISO,California Independent System Operator,D,Demand,15723,megawatthours
2023-04-16T00,CISO,California Independent System Operator,D,Demand,16168,megawatthours
2023-04-16T01,CISO,California Independent System Operator,D,Demand,17501,megawatthours
2023-04-16T02,CISO,California Independent System Operator,D,Demand,19598,megawatthours
2023-04-16T03,CISO,California Independent System Operator,D,Demand,21814,megawatthours
2023-04-16T04,CISO,California Independent System Operator,D,Demand,23648,megawatthours
2023-04-16T05,CISO,California Independent System Operator,D,Demand,24210,megawatthours
2023-04-16T06,CISO,California Independent System Operator,D,Demand,23874,megawatthours
2023-04-16T07,CISO,California Independent System Operator,D,Demand,23043,megawatthours
2023-04-16T08,CISO,California Independent System Operator,D,Demand,21984,megawatthours
2023-04-16T09,CISO,California Independent System Operator,D,Demand,21065,megawatthours
2023-04-16T10,CISO,California Independent System Operator,D,Demand,20359,megawatthours
2023-04-16T11,CISO,California Independent System Operator,D,Demand,19749,megawatthours
2023-04-16T12,CISO,California Independent System Operator,D,Demand,19412,megawatthours
2023-04-16T13,CISO,California Independent System Operator,D,Demand,19341,megawatthours
2023-04-16T14,CISO,California Independent System Operator,D,Demand,19603,megawatthours
2023-04-16T15,CISO,California Independent System Operator,D,Demand,19978,megawatthours
2023-04-16T16,CISO,California Independent System Operator,D,Demand,19645,megawatthours
2023-04-16T17,CISO,California Independent System Operator,D,Demand,19334,megawatthours
2023-04-16T18,CISO,California Independent System Operator,D,Demand,18386,megawatthours
2023-04-16T19,CISO,California Independent System Operator,D,Demand,17705,megawatthours
2023-04-16T20,CISO,California Independent System Operator,D,Demand,16995,megawatthours
2023-04-16T21,CISO,California Independent System Operator,D,Demand,16463,megawatthours
2023-04-16T22,CISO,California Independent System Operator,D,Demand,16462,megawatthours
2023-04-16T23,CISO,California Independent System Operator,D,Demand,16786,megawatthours
2023-04-17T00,CISO,California Independent System Operator,D,Demand,16656,megawatthours
2023-04-17T01,CISO,California Independent System Operator,D,Demand,17751,megawatthours
2023-04-17T02,CISO,California Independent System Operator,D,Demand,19733,megawatthours
2023-04-17T03,CISO,California Independent System Operator,D,Demand,21978,megawatthours
2023-04-17T04,CISO,California Independent System Operator,D,Demand,23990,megawatthours
2023-04-17T05,CISO,California Independent System Operator,D,Demand,24574,megawatthours
2023-04-17T06,CISO,California Independent System Operator,D,Demand,24010,megawatthours
2023-04-17T07,CISO,California Independent System Operator,D,Demand,22813,megawatthours
2023-04-17T08,CISO,California Independent System Operator,D,Demand,21506,megawatthours
2023-04-17T09,CISO,California Independent System Operator,D,Demand,20912,megawatthours
2023-04-17T10,CISO,California Independent System Operator,D,Demand,20532,megawatthours
2023-04-17T11,CISO,California Independent System Operator,D,Demand,20127,megawatthours
2023-04-17T12,CISO,California Independent System Operator,D,Demand,19917,megawatthours
2023-04-17T13,CISO,California Independent System Operator,D,Demand,20073,megawatthours
2023-04-17T14,CISO,California Independent System Operator,D,Demand,21296,megawatthours
2023-04-17T15,CISO,California Independent System Operator,D,Demand,23124,megawatthours
2023-04-17T16,CISO,California Independent System Operator,D,Demand,23984,megawatthours
2023-04-17T17,CISO,California Independent System Operator,D,Demand,24121,megawatthours
2023-04-17T18,CISO,California Independent System Operator,D,Demand,24335,megawatthours
2023-04-17T19,CISO,California Independent System Operator,D,Demand,23716,megawatthours
2023-04-17T20,CISO,California Independent System Operator,D,Demand,23346,megawatthours
2023-04-17T21,CISO,California Independent System Operator,D,Demand,23038,megawatthours
2023-04-17T22,CISO,California Independent System Operator,D,Demand,22502,megawatthours
2023-04-17T23,CISO,California Independent System Operator,D,Demand,21266,megawatthours
2023-04-18T00,CISO,California Independent System Operator,D,Demand,20902,megawatthours
2023-04-18T01,CISO,California Independent System Operator,D,Demand,20956,megawatthours
2023-04-18T02,CISO,California Independent System Operator,D,Demand,22124,megawatthours
2023-04-18T03,CISO,California Independent System Operator,D,Demand,23982,megawatthours
2023-04-18T04,CISO,California Independent System Operator,D,Demand,25858,megawatthours
2023-04-18T05,CISO,California Independent System Operator,D,Demand,26224,megawatthours
2023-04-18T06,CISO,California Independent System Operator,D,Demand,25534,megawatthours
2023-04-18T07,CISO,California Independent System Operator,D,Demand,24070,megawatthours
2023-04-18T08,CISO,California Independent System Operator,D,Demand,22784,megawatthours
2023-04-18T09,CISO,California Independent System Operator,D,Demand,22344,megawatthours
2023-04-18T10,CISO,California Independent System Operator,D,Demand,22085,megawatthours
2023-04-18T11,CISO,California Independent System Operator,D,Demand,21753,megawatthours
2023-04-18T12,CISO,California Independent System Operator,D,Demand,20988,megawatthours
2023-04-18T13,CISO,California Independent System Operator,D,Demand,21004,megawatthours
2023-04-18T14,CISO,California Independent System Operator,D,Demand,21846,megawatthours
2023-04-18T15,CISO,California Independent System Operator,D,Demand,23590,megawatthours
2023-04-18T16,CISO,California Independent System Operator,D,Demand,24446,megawatthours
2023-04-18T17,CISO,California Independent System Operator,D,Demand,23934,megawatthours
2023-04-18T18,CISO,California Independent System Operator,D,Demand,22962,megawatthours
2023-04-18T19,CISO,California Independent System Operator,D,Demand,21599,megawatthours
2023-04-18T20,CISO,California Independent System Operator,D,Demand,20764,megawatthours
2023-04-18T21,CISO,California Independent System Operator,D,Demand,20217,megawatthours
2023-04-18T22,CISO,California Independent System Operator,D,Demand,20551,megawatthours
2023-04-18T23,CISO,California Independent System Operator,D,Demand,20119,megawatthours
2023-04-19T00,CISO,California Independent System Operator,D,Demand,19318,megawatthours
2023-04-19T01,CISO,California Independent System Operator,D,Demand,20102,megawatthours
2023-04-19T02,CISO,California Independent System Operator,D,Demand,21855,megawatthours
2023-04-19T03,CISO,California Independent System Operator,D,Demand,23640,megawatthours
2023-04-19T04,CISO,California Independent System Operator,D,Demand,25490,megawatthours
2023-04-19T05,CISO,California Independent System Operator,D,Demand,26067,megawatthours
2023-04-19T06,CISO,California Independent System Operator,D,Demand,25455,megawatthours
2023-04-19T07,CISO,California Independent System Operator,D,Demand,24152,megawatthours
2023-04-19T08,CISO,California Independent System Operator,D,Demand,22846,megawatthours
2023-04-19T09,CISO,California Independent System Operator,D,Demand,22061,megawatthours
2023-04-19T10,CISO,California Independent System Operator,D,Demand,21656,megawatthours
2023-04-19T11,CISO,California Independent System Operator,D,Demand,21339,megawatthours
2023-04-19T12,CISO,California Independent System Operator,D,Demand,21056,megawatthours
2023-04-19T13,CISO,California Independent System Operator,D,Demand,21153,megawatthours
2023-04-19T14,CISO,California Independent System Operator,D,Demand,22497,megawatthours
2023-04-19T15,CISO,California Independent System Operator,D,Demand,24206,megawatthours
2023-04-19T16,CISO,California Independent System Operator,D,Demand,24691,megawatthours
2023-04-19T17,CISO,California Independent System Operator,D,Demand,23719,megawatthours
2023-04-19T18,CISO,California Independent System Operator,D,Demand,22299,megawatthours
2023-04-19T19,CISO,California Independent System Operator,D,Demand,20630,megawatthours
2023-04-19T20,CISO,California Independent System Operator,D,Demand,19337,megawatthours
2023-04-19T21,CISO,California Independent System Operator,D,Demand,18584,megawatthours
2023-04-19T22,CISO,California Independent System Operator,D,Demand,18398,megawatthours
2023-04-19T23,CISO,California Independent System Operator,D,Demand,18700,megawatthours
2023-04-20T00,CISO,California Independent System Operator,D,Demand,18395,megawatthours
2023-04-20T01,CISO,California Independent System Operator,D,Demand,19557,megawatthours
2023-04-20T02,CISO,California Independent System Operator,D,Demand,21377,megawatthours
2023-04-20T03,CISO,California Independent System Operator,D,Demand,23222,megawatthours
2023-04-20T04,CISO,California Independent System Operator,D,Demand,25165,megawatthours
2023-04-20T05,CISO,California Independent System Operator,D,Demand,25793,megawatthours
2023-04-20T06,CISO,California Independent System Operator,D,Demand,25279,megawatthours
2023-04-20T07,CISO,California Independent System Operator,D,Demand,23942,megawatthours
2023-04-20T08,CISO,California Independent System Operator,D,Demand,22455,megawatthours
2023-04-20T09,CISO,California Independent System Operator,D,Demand,21676,megawatthours
2023-04-20T10,CISO,California Independent System Operator,D,Demand,21355,megawatthours
2023-04-20T11,CISO,California Independent System Operator,D,Demand,21271,megawatthours
2023-04-20T12,CISO,California Independent System Operator,D,Demand,21113,megawatthours
2023-04-20T13,CISO,California Independent System Operator,D,Demand,21206,megawatthours
2023-04-20T14,CISO,California Independent System Operator,D,Demand,22498,megawatthours
2023-04-20T15,CISO,California Independent System Operator,D,Demand,24154,megawatthours
2023-04-20T16,CISO,California Independent System Operator,D,Demand,24564,megawatthours
2023-04-20T17,CISO,California Independent System Operator,D,Demand,23561,megawatthours
2023-04-20T18,CISO,California Independent System Operator,D,Demand,22052,megawatthours
2023-04-20T19,CISO,California Independent System Operator,D,Demand,20770,megawatthours
2023-04-20T20,CISO,California Independent System Operator,D,Demand,20036,megawatthours
2023-04-20T21,CISO,California Independent System Operator,D,Demand,19614,megawatthours
2023-04-20T22,CISO,California Independent System Operator,D,Demand,19665,megawatthours
2023-04-20T23,CISO,California Independent System Operator,D,Demand,19888,megawatthours
2023-04-21T00,CISO,California Independent System Operator,D,Demand,20270,megawatthours
2023-04-21T01,CISO,California Independent System Operator,D,Demand,21358,megawatthours
2023-04-21T02,CISO,California Independent System Operator,D,Demand,22702,megawatthours
2023-04-21T03,CISO,California Independent System Operator,D,Demand,24134,megawatthours
2023-04-21T04,CISO,California Independent System Operator,D,Demand,25828,megawatthours
2023-04-21T05,CISO,California Independent System Operator,D,Demand,26174,megawatthours
2023-04-21T06,CISO,California Independent System Operator,D,Demand,25515,megawatthours
2023-04-21T07,CISO,California Independent System Operator,D,Demand,24144,megawatthours
2023-04-21T08,CISO,California Independent System Operator,D,Demand,22729,megawatthours
2023-04-21T09,CISO,California Independent System Operator,D,Demand,21774,megawatthours
2023-04-21T10,CISO,California Independent System Operator,D,Demand,21051,megawatthours
2023-04-21T11,CISO,California Independent System Operator,D,Demand,20611,megawatthours
2023-04-21T12,CISO,California Independent System Operator,D,Demand,20401,megawatthours
2023-04-21T13,CISO,California Independent System Operator,D,Demand,20713,megawatthours
2023-04-21T14,CISO,California Independent System Operator,D,Demand,21738,megawatthours
2023-04-21T15,CISO,California Independent System Operator,D,Demand,23152,megawatthours
2023-04-21T16,CISO,California Independent System Operator,D,Demand,23539,megawatthours
2023-04-21T17,CISO,California Independent System Operator,D,Demand,22577,megawatthours
2023-04-21T18,CISO,California Independent System Operator,D,Demand,22007,megawatthours
2023-04-21T19,CISO,California Independent System Operator,D,Demand,21405,megawatthours
2023-04-21T20,CISO,California Independent System Operator,D,Demand,21175,megawatthours
2023-04-21T21,CISO,California Independent System Operator,D,Demand,20694,megawatthours
2023-04-21T22,CISO,California Independent System Operator,D,Demand,20714,megawatthours
2023-04-21T23,CISO,California Independent System Operator,D,Demand,20834,megawatthours
2023-04-22T00,CISO,California Independent System Operator,D,Demand,21368,megawatthours
2023-04-22T01,CISO,California Independent System Operator,D,Demand,22264,megawatthours
2023-04-22T02,CISO,California Independent System Operator,D,Demand,23810,megawatthours
2023-04-22T03,CISO,California Independent System Operator,D,Demand,25483,megawatthours
2023-04-22T04,CISO,California Independent System Operator,D,Demand,26703,megawatthours
2023-04-22T05,CISO,California Independent System Operator,D,Demand,26810,megawatthours
2023-04-22T06,CISO,California Independent System Operator,D,Demand,26083,megawatthours
2023-04-22T07,CISO,California Independent System Operator,D,Demand,24692,megawatthours
2023-04-22T08,CISO,California Independent System Operator,D,Demand,23250,megawatthours
2023-04-22T09,CISO,California Independent System Operator,D,Demand,22052,megawatthours
2023-04-22T10,CISO,California Independent System Operator,D,Demand,21273,megawatthours
2023-04-22T11,CISO,California Independent System Operator,D,Demand,20711,megawatthours
2023-04-22T12,CISO,California Independent System Operator,D,Demand,20288,megawatthours
2023-04-22T13,CISO,California Independent System Operator,D,Demand,20049,megawatthours
2023-04-22T14,CISO,California Independent System Operator,D,Demand,20235,megawatthours
2023-04-22T15,CISO,California Independent System Operator,D,Demand,20421,megawatthours
2023-04-22T16,CISO,California Independent System Operator,D,Demand,20339,megawatthours
2023-04-22T17,CISO,California Independent System Operator,D,Demand,20126,megawatthours
2023-04-22T18,CISO,California Independent System Operator,D,Demand,19561,megawatthours
2023-04-22T19,CISO,California Independent System Operator,D,Demand,18527,megawatthours
2023-04-22T20,CISO,California Independent System Operator,D,Demand,17971,megawatthours
2023-04-22T21,CISO,California Independent System Operator,D,Demand,17699,megawatthours
2023-04-22T22,CISO,California Independent System Operator,D,Demand,17852,megawatthours
2023-04-22T23,CISO,California Independent System Operator,D,Demand,18305,megawatthours
2023-04-23T00,CISO,California Independent System Operator,D,Demand,19188,megawatthours
2023-04-23T01,CISO,California Independent System Operator,D,Demand,20398,megawatthours
2023-04-23T02,CISO,California Independent System Operator,D,Demand,22460,megawatthours
2023-04-23T03,CISO,California Independent System Operator,D,Demand,24266,megawatthours
2023-04-23T04,CISO,California Independent System Operator,D,Demand,25499,megawatthours
2023-04-23T05,CISO,California Independent System Operator,D,Demand,25700,megawatthours
2023-04-23T06,CISO,California Independent System Operator,D,Demand,24924,megawatthours
2023-04-23T07,CISO,California Independent System Operator,D,Demand,23817,megawatthours
2023-04-23T08,CISO,California Independent System Operator,D,Demand,22362,megawatthours
2023-04-23T09,CISO,California Independent System Operator,D,Demand,21461,megawatthours
2023-04-23T10,CISO,California Independent System Operator,D,Demand,20524,megawatthours
2023-04-23T11,CISO,California Independent System Operator,D,Demand,19913,megawatthours
2023-04-23T12,CISO,California Independent System Operator,D,Demand,19576,megawatthours
2023-04-23T13,CISO,California Independent System Operator,D,Demand,19210,megawatthours
2023-04-23T14,CISO,California Independent System Operator,D,Demand,19295,megawatthours
2023-04-23T15,CISO,California Independent System Operator,D,Demand,19275,megawatthours
2023-04-23T16,CISO,California Independent System Operator,D,Demand,18991,megawatthours
2023-04-23T17,CISO,California Independent System Operator,D,Demand,18733,megawatthours
2023-04-23T18,CISO,California Independent System Operator,D,Demand,17839,megawatthours
2023-04-23T19,CISO,California Independent System Operator,D,Demand,17141,megawatthours
2023-04-23T20,CISO,California Independent System Operator,D,Demand,16712,megawatthours
2023-04-23T21,CISO,California Independent System Operator,D,Demand,16380,megawatthours
2023-04-23T22,CISO,California Independent System Operator,D,Demand,16746,megawatthours
2023-04-23T23,CISO,California Independent System Operator,D,Demand,17109,megawatthours
2023-04-24T00,CISO,California Independent System Operator,D,Demand,18143,megawatthours
2023-04-24T01,CISO,California Independent System Operator,D,Demand,19523,megawatthours
2023-04-24T02,CISO,California Independent System Operator,D,Demand,21977,megawatthours
2023-04-24T03,CISO,California Independent System Operator,D,Demand,23990,megawatthours
2023-04-24T04,CISO,California Independent System Operator,D,Demand,25411,megawatthours
2023-04-24T05,CISO,California Independent System Operator,D,Demand,25820,megawatthours
2023-04-24T06,CISO,California Independent System Operator,D,Demand,25166,megawatthours
2023-04-24T07,CISO,California Independent System Operator,D,Demand,24205,megawatthours
2023-04-24T08,CISO,California Independent System Operator,D,Demand,22756,megawatthours
2023-04-24T09,CISO,California Independent System Operator,D,Demand,22208,megawatthours
2023-04-24T10,CISO,California Independent System Operator,D,Demand,21393,megawatthours
2023-04-24T11,CISO,California Independent System Operator,D,Demand,21029,megawatthours
2023-04-24T12,CISO,California Independent System Operator,D,Demand,20908,megawatthours
2023-04-24T13,CISO,California Independent System Operator,D,Demand,20662,megawatthours
2023-04-24T14,CISO,California Independent System Operator,D,Demand,21463,megawatthours
2023-04-24T15,CISO,California Independent System Operator,D,Demand,22722,megawatthours
2023-04-24T16,CISO,California Independent System Operator,D,Demand,23511,megawatthours
2023-04-24T17,CISO,California Independent System Operator,D,Demand,23503,megawatthours
2023-04-24T18,CISO,California Independent System Operator,D,Demand,22859,megawatthours
2023-04-24T19,CISO,California Independent System Operator,D,Demand,21900,megawatthours
2023-04-24T20,CISO,California Independent System Operator,D,Demand,21368,megawatthours
2023-04-24T21,CISO,California Independent System Operator,D,Demand,20602,megawatthours
2023-04-24T22,CISO,California Independent System Operator,D,Demand,19973,megawatthours
2023-04-24T23,CISO,California Independent System Operator,D,Demand,20035,megawatthours
2023-04-25T00,CISO,California Independent System Operator,D,Demand,20297,megawatthours
2023-04-25T01,CISO,California Independent System Operator,D,Demand,21476,megawatthours
2023-04-25T02,CISO,California Independent System Operator,D,Demand,23275,megawatthours
2023-04-25T03,CISO,California Independent System Operator,D,Demand,25031,megawatthours
2023-04-25T04,CISO,California Independent System Operator,D,Demand,26610,megawatthours
2023-04-25T05,CISO,California Independent System Operator,D,Demand,26928,megawatthours
2023-04-25T06,CISO,California Independent System Operator,D,Demand,26045,megawatthours
2023-04-25T07,CISO,California Independent System Operator,D,Demand,24452,megawatthours
2023-04-25T08,CISO,California Independent System Operator,D,Demand,22995,megawatthours
2023-04-25T09,CISO,California Independent System Operator,D,Demand,21914,megawatthours
2023-04-25T10,CISO,California Independent System Operator,D,Demand,21111,megawatthours
2023-04-25T11,CISO,California Independent System Operator,D,Demand,20901,megawatthours
2023-04-25T12,CISO,California Independent System Operator,D,Demand,20466,megawatthours
2023-04-25T13,CISO,California Independent System Operator,D,Demand,20721,megawatthours
2023-04-25T14,CISO,California Independent System Operator,D,Demand,21668,megawatthours
2023-04-25T15,CISO,California Independent System Operator,D,Demand,23155,megawatthours
2023-04-25T16,CISO,California Independent System Operator,D,Demand,23795,megawatthours
2023-04-25T17,CISO,California Independent System Operator,D,Demand,22993,megawatthours
2023-04-25T18,CISO,California Independent System Operator,D,Demand,22212,megawatthours
2023-04-25T19,CISO,California Independent System Operator,D,Demand,21616,megawatthours
2023-04-25T20,CISO,California Independent System Operator,D,Demand,20696,megawatthours
2023-04-25T21,CISO,California Independent System Operator,D,Demand,20063,megawatthours
2023-04-25T22,CISO,California Independent System Operator,D,Demand,20154,megawatthours
2023-04-25T23,CISO,California Independent System Operator,D,Demand,20042,megawatthours
2023-04-26T00,CISO,California Independent System Operator,D,Demand,20292,megawatthours
2023-04-26T01,CISO,California Independent System Operator,D,Demand,21956,megawatthours
2023-04-26T02,CISO,California Independent System Operator,D,Demand,23707,megawatthours
2023-04-26T03,CISO,California Independent System Operator,D,Demand,25427,megawatthours
2023-04-26T04,CISO,California Independent System Operator,D,Demand,26690,megawatthours
2023-04-26T05,CISO,California Independent System Operator,D,Demand,27038,megawatthours
2023-04-26T06,CISO,California Independent System Operator,D,Demand,26184,megawatthours
2023-04-26T07,CISO,California Independent System Operator,D,Demand,24634,megawatthours
2023-04-26T08,CISO,California Independent System Operator,D,Demand,23101,megawatthours
2023-04-26T09,CISO,California Independent System Operator,D,Demand,22177,megawatthours
2023-04-26T10,CISO,California Independent System Operator,D,Demand,21255,megawatthours
2023-04-26T11,CISO,California Independent System Operator,D,Demand,20729,megawatthours
2023-04-26T12,CISO,California Independent System Operator,D,Demand,20472,megawatthours
2023-04-26T13,CISO,California Independent System Operator,D,Demand,20737,megawatthours
2023-04-26T14,CISO,California Independent System Operator,D,Demand,21790,megawatthours
2023-04-26T15,CISO,California Independent System Operator,D,Demand,23185,megawatthours
2023-04-26T16,CISO,California Independent System Operator,D,Demand,23905,megawatthours
2023-04-26T17,CISO,California Independent System Operator,D,Demand,23629,megawatthours
2023-04-26T18,CISO,California Independent System Operator,D,Demand,22723,megawatthours
2023-04-26T19,CISO,California Independent System Operator,D,Demand,22071,megawatthours
2023-04-26T20,CISO,California Independent System Operator,D,Demand,21744,megawatthours
2023-04-26T21,CISO,California Independent System Operator,D,Demand,21540,megawatthours
2023-04-26T22,CISO,California Independent System Operator,D,Demand,21585,megawatthours
2023-04-26T23,CISO,California Independent System Operator,D,Demand,21982,megawatthours
2023-04-27T00,CISO,California Independent System Operator,D,Demand,22469,megawatthours
2023-04-27T01,CISO,California Independent System Operator,D,Demand,23921,megawatthours
2023-04-27T02,CISO,California Independent System Operator,D,Demand,25673,megawatthours
2023-04-27T03,CISO,California Independent System Operator,D,Demand,27552,megawatthours
2023-04-27T04,CISO,California Independent System Operator,D,Demand,28634,megawatthours
2023-04-27T05,CISO,California Independent System Operator,D,Demand,28439,megawatthours
2023-04-27T06,CISO,California Independent System Operator,D,Demand,27555,megawatthours
2023-04-27T07,CISO,California Independent System Operator,D,Demand,25903,megawatthours
2023-04-27T08,CISO,California Independent System Operator,D,Demand,23823,megawatthours
2023-04-27T09,CISO,California Independent System Operator,D,Demand,22703,megawatthours
2023-04-27T10,CISO,California Independent System Operator,D,Demand,22251,megawatthours
2023-04-27T11,CISO,California Independent System Operator,D,Demand,21909,megawatthours
2023-04-27T12,CISO,California Independent System Operator,D,Demand,21451,megawatthours
2023-04-27T13,CISO,California Independent System Operator,D,Demand,21491,megawatthours
2023-04-27T14,CISO,California Independent System Operator,D,Demand,22068,megawatthours
2023-04-27T15,CISO,California Independent System Operator,D,Demand,23358,megawatthours
2023-04-27T16,CISO,California Independent System Operator,D,Demand,24007,megawatthours
2023-04-27T17,CISO,California Independent System Operator,D,Demand,23844,megawatthours
2023-04-27T18,CISO,California Independent System Operator,D,Demand,23321,megawatthours
2023-04-27T19,CISO,California Independent System Operator,D,Demand,22698,megawatthours
2023-04-27T20,CISO,California Independent System Operator,D,Demand,22200,megawatthours
2023-04-27T21,CISO,California Independent System Operator,D,Demand,21940,megawatthours
2023-04-27T22,CISO,California Independent System Operator,D,Demand,22560,megawatthours
2023-04-27T23,CISO,California Independent System Operator,D,Demand,22914,megawatthours
2023-04-28T00,CISO,California Independent System Operator,D,Demand,23394,megawatthours
2023-04-28T01,CISO,California Independent System Operator,D,Demand,25127,megawatthours
2023-04-28T02,CISO,California Independent System Operator,D,Demand,27105,megawatthours
2023-04-28T03,CISO,California Independent System Operator,D,Demand,28575,megawatthours
2023-04-28T04,CISO,California Independent System Operator,D,Demand,29189,megawatthours
2023-04-28T05,CISO,California Independent System Operator,D,Demand,29067,megawatthours
2023-04-28T06,CISO,California Independent System Operator,D,Demand,28048,megawatthours
2023-04-28T07,CISO,California Independent System Operator,D,Demand,26048,megawatthours
2023-04-28T08,CISO,California Independent System Operator,D,Demand,24155,megawatthours
2023-04-28T09,CISO,California Independent System Operator,D,Demand,23282,megawatthours
2023-04-28T10,CISO,California Independent System Operator,D,Demand,22446,megawatthours
2023-04-28T11,CISO,California Independent System Operator,D,Demand,21916,megawatthours
2023-04-28T12,CISO,California Independent System Operator,D,Demand,21679,megawatthours
2023-04-28T13,CISO,California Independent System Operator,D,Demand,21764,megawatthours
2023-04-28T14,CISO,California Independent System Operator,D,Demand,22352,megawatthours
2023-04-28T15,CISO,California Independent System Operator,D,Demand,23501,megawatthours
2023-04-28T16,CISO,California Independent System Operator,D,Demand,24490,megawatthours
2023-04-28T17,CISO,California Independent System Operator,D,Demand,24313,megawatthours
2023-04-28T18,CISO,California Independent System Operator,D,Demand,23866,megawatthours
2023-04-28T19,CISO,California Independent System Operator,D,Demand,23034,megawatthours
2023-04-28T20,CISO,California Independent System Operator,D,Demand,22515,megawatthours
2023-04-28T21,CISO,California Independent System Operator,D,Demand,22101,megawatthours
2023-04-28T22,CISO,California Independent System Operator,D,Demand,22235,megawatthours
2023-04-28T23,CISO,California Independent System Operator,D,Demand,22642,megawatthours
2023-04-29T00,CISO,California Independent System Operator,D,Demand,23789,megawatthours
2023-04-29T01,CISO,California Independent System Operator,D,Demand,25272,megawatthours
2023-04-29T02,CISO,California Independent System Operator,D,Demand,26780,megawatthours
2023-04-29T03,CISO,California Independent System Operator,D,Demand,28335,megawatthours
2023-04-29T04,CISO,California Independent System Operator,D,Demand,29095,megawatthours
2023-04-29T05,CISO,California Independent System Operator,D,Demand,28873,megawatthours
2023-04-29T06,CISO,California Independent System Operator,D,Demand,27777,megawatthours
2023-04-29T07,CISO,California Independent System Operator,D,Demand,26250,megawatthours
2023-04-29T08,CISO,California Independent System Operator,D,Demand,24417,megawatthours
2023-04-29T09,CISO,California Independent System Operator,D,Demand,23078,megawatthours
2023-04-29T10,CISO,California Independent System Operator,D,Demand,22036,megawatthours
2023-04-29T11,CISO,California Independent System Operator,D,Demand,21229,megawatthours
2023-04-29T12,CISO,California Independent System Operator,D,Demand,20919,megawatthours
2023-04-29T13,CISO,California Independent System Operator,D,Demand,20714,megawatthours
2023-04-29T14,CISO,California Independent System Operator,D,Demand,20729,megawatthours
2023-04-29T15,CISO,California Independent System Operator,D,Demand,20823,megawatthours
2023-04-29T16,CISO,California Independent System Operator,D,Demand,21126,megawatthours
2023-04-29T17,CISO,California Independent System Operator,D,Demand,21374,megawatthours
2023-04-29T18,CISO,California Independent System Operator,D,Demand,20635,megawatthours
2023-04-29T19,CISO,California Independent System Operator,D,Demand,19780,megawatthours
2023-04-29T20,CISO,California Independent System Operator,D,Demand,19037,megawatthours
2023-04-29T21,CISO,California Independent System Operator,D,Demand,18937,megawatthours
2023-04-29T22,CISO,California Independent System Operator,D,Demand,19232,megawatthours
2023-04-29T23,CISO,California Independent System Operator,D,Demand,19718,megawatthours
2023-04-30T00,CISO,California Independent System Operator,D,Demand,20735,megawatthours
2023-04-30T01,CISO,California Independent System Operator,D,Demand,22311,megawatthours
2023-04-30T02,CISO,California Independent System Operator,D,Demand,24369,megawatthours
2023-04-30T03,CISO,California Independent System Operator,D,Demand,25991,megawatthours
2023-04-30T04,CISO,California Independent System Operator,D,Demand,26660,megawatthours
2023-04-30T05,CISO,California Independent System Operator,D,Demand,26590,megawatthours
2023-04-30T06,CISO,California Independent System Operator,D,Demand,25725,megawatthours
2023-04-30T07,CISO,California Independent System Operator,D,Demand,24513,megawatthours
2023-04-30T08,CISO,California Independent System Operator,D,Demand,23100,megawatthours
2023-04-30T09,CISO,California Independent System Operator,D,Demand,22056,megawatthours
2023-04-30T10,CISO,California Independent System Operator,D,Demand,21038,megawatthours
2023-04-30T11,CISO,California Independent System Operator,D,Demand,20512,megawatthours
2023-04-30T12,CISO,California Independent System Operator,D,Demand,20410,megawatthours
2023-04-30T13,CISO,California Independent System Operator,D,Demand,20479,megawatthours
2023-04-30T14,CISO,California Independent System Operator,D,Demand,20761,megawatthours
2023-04-30T15,CISO,California Independent System Operator,D,Demand,20647,megawatthours
2023-04-30T16,CISO,California Independent System Operator,D,Demand,20586,megawatthours
2023-04-30T17,CISO,California Independent System Operator,D,Demand,20284,megawatthours
2023-04-30T18,CISO,California Independent System Operator,D,Demand,19644,megawatthours
2023-04-30T19,CISO,California Independent System Operator,D,Demand,19071,megawatthours
2023-04-30T20,CISO,California Independent System Operator,D,Demand,18066,megawatthours
2023-04-30T21,CISO,California Independent System Operator,D,Demand,17183,megawatthours
2023-04-30T22,CISO,California Independent System Operator,D,Demand,17222,megawatthours
2023-04-30T23,CISO,California Independent System Operator,D,Demand,17329,megawatthours
2023-05-01T00,CISO,California Independent System Operator,D,Demand,18013,megawatthours
2023-05-01T01,CISO,California Independent System Operator,D,Demand,19918,megawatthours
2023-05-01T02,CISO,California Independent System Operator,D,Demand,22340,megawatthours
2023-05-01T03,CISO,California Independent System Operator,D,Demand,23853,megawatthours
2023-05-01T04,CISO,California Independent System Operator,D,Demand,24943,megawatthours
2023-05-01T05,CISO,California Independent System Operator,D,Demand,25309,megawatthours
2023-05-01T06,CISO,California Independent System Operator,D,Demand,24788,megawatthours
2023-05-01T07,CISO,California Independent System Operator,D,Demand,23521,megawatthours
2023-05-01T08,CISO,California Independent System Operator,D,Demand,22310,megawatthours
2023-05-01T09,CISO,California Independent System Operator,D,Demand,22096,megawatthours
2023-05-01T10,CISO,California Independent System Operator,D,Demand,21376,megawatthours
2023-05-01T11,CISO,California Independent System Operator,D,Demand,20830,megawatthours
2023-05-01T12,CISO,California Independent System Operator,D,Demand,20659,megawatthours
2023-05-01T13,CISO,California Independent System Operator,D,Demand,20391,megawatthours
2023-05-01T14,CISO,California Independent System Operator,D,Demand,21319,megawatthours
2023-05-01T15,CISO,California Independent System Operator,D,Demand,22912,megawatthours
2023-05-01T16,CISO,California Independent System Operator,D,Demand,24652,megawatthours
2023-05-01T17,CISO,California Independent System Operator,D,Demand,24965,megawatthours
2023-05-01T18,CISO,California Independent System Operator,D,Demand,24895,megawatthours
2023-05-01T19,CISO,California Independent System Operator,D,Demand,24907,megawatthours
2023-05-01T20,CISO,California Independent System Operator,D,Demand,24393,megawatthours
2023-05-01T21,CISO,California Independent System Operator,D,Demand,23572,megawatthours
2023-05-01T22,CISO,California Independent System Operator,D,Demand,23303,megawatthours
2023-05-01T23,CISO,California Independent System Operator,D,Demand,22556,megawatthours
2023-05-02T00,CISO,California Independent System Operator,D,Demand,22510,megawatthours
2023-05-02T01,CISO,California Independent System Operator,D,Demand,22965,megawatthours
2023-05-02T02,CISO,California Independent System Operator,D,Demand,23896,megawatthours
2023-05-02T03,CISO,California Independent System Operator,D,Demand,24848,megawatthours
2023-05-02T04,CISO,California Independent System Operator,D,Demand,25884,megawatthours
2023-05-02T05,CISO,California Independent System Operator,D,Demand,26284,megawatthours
2023-05-02T06,CISO,California Independent System Operator,D,Demand,25701,megawatthours
2023-05-02T07,CISO,California Independent System Operator,D,Demand,24313,megawatthours
2023-05-02T08,CISO,California Independent System Operator,D,Demand,22801,megawatthours
2023-05-02T09,CISO,California Independent System Operator,D,Demand,22007,megawatthours
2023-05-02T10,CISO,California Independent System Operator,D,Demand,21305,megawatthours
2023-05-02T11,CISO,California Independent System Operator,D,Demand,21086,megawatthours
2023-05-02T12,CISO,California Independent System Operator,D,Demand,21040,megawatthours
2023-05-02T13,CISO,California Independent System Operator,D,Demand,21159,megawatthours
2023-05-02T14,CISO,California Independent System Operator,D,Demand,22240,megawatthours
2023-05-02T15,CISO,California Independent System Operator,D,Demand,23783,megawatthours
2023-05-02T16,CISO,California Independent System Operator,D,Demand,24495,megawatthours
2023-05-02T17,CISO,California Independent System Operator,D,Demand,24124,megawatthours
2023-05-02T18,CISO,California Independent System Operator,D,Demand,23713,megawatthours
2023-05-02T19,CISO,California Independent System Operator,D,Demand,23482,megawatthours
2023-05-02T20,CISO,California Independent System Operator,D,Demand,23114,megawatthours
2023-05-02T21,CISO,California Independent System Operator,D,Demand,22592,megawatthours
2023-05-02T22,CISO,California Independent System Operator,D,Demand,21996,megawatthours
2023-05-02T23,CISO,California Independent System Operator,D,Demand,21364,megawatthours
2023-05-03T00,CISO,California Independent System Operator,D,Demand,21606,megawatthours
2023-05-03T01,CISO,California Independent System Operator,D,Demand,22066,megawatthours
2023-05-03T02,CISO,California Independent System Operator,D,Demand,23075,megawatthours
2023-05-03T03,CISO,California Independent System Operator,D,Demand,24024,megawatthours
2023-05-03T04,CISO,California Independent System Operator,D,Demand,25641,megawatthours
2023-05-03T05,CISO,California Independent System Operator,D,Demand,26376,megawatthours
2023-05-03T06,CISO,California Independent System Operator,D,Demand,25846,megawatthours
2023-05-03T07,CISO,California Independent System Operator,D,Demand,24357,megawatthours
2023-05-03T08,CISO,California Independent System Operator,D,Demand,22868,megawatthours
2023-05-03T09,CISO,California Independent System Operator,D,Demand,22177,megawatthours
2023-05-03T10,CISO,California Independent System Operator,D,Demand,21516,megawatthours
2023-05-03T11,CISO,California Independent System Operator,D,Demand,21012,megawatthours
2023-05-03T12,CISO,California Independent System Operator,D,Demand,20899,megawatthours
2023-05-03T13,CISO,California Independent System Operator,D,Demand,21375,megawatthours
2023-05-03T14,CISO,California Independent System Operator,D,Demand,22459,megawatthours
2023-05-03T15,CISO,California Independent System Operator,D,Demand,24012,megawatthours
2023-05-03T16,CISO,California Independent System Operator,D,Demand,24684,megawatthours
2023-05-03T17,CISO,California Independent System Operator,D,Demand,24410,megawatthours
2023-05-03T18,CISO,California Independent System Operator,D,Demand,23376,megawatthours
2023-05-03T19,CISO,California Independent System Operator,D,Demand,22470,megawatthours
2023-05-03T20,CISO,California Independent System Operator,D,Demand,21866,megawatthours
2023-05-03T21,CISO,California Independent System Operator,D,Demand,21822,megawatthours
2023-05-03T22,CISO,California Independent System Operator,D,Demand,21955,megawatthours
2023-05-03T23,CISO,California Independent System Operator,D,Demand,21533,megawatthours
2023-05-04T00,CISO,California Independent System Operator,D,Demand,21675,megawatthours
2023-05-04T01,CISO,California Independent System Operator,D,Demand,22607,megawatthours
2023-05-04T02,CISO,California Independent System Operator,D,Demand,23648,megawatthours
2023-05-04T03,CISO,California Independent System Operator,D,Demand,24587,megawatthours
2023-05-04T04,CISO,California Independent System Operator,D,Demand,25839,megawatthours
2023-05-04T05,CISO,California Independent System Operator,D,Demand,26470,megawatthours
2023-05-04T06,CISO,California Independent System Operator,D,Demand,25862,megawatthours
2023-05-04T07,CISO,California Independent System Operator,D,Demand,24330,megawatthours
2023-05-04T08,CISO,California Independent System Operator,D,Demand,23099,megawatthours
2023-05-04T09,CISO,California Independent System Operator,D,Demand,22601,megawatthours
2023-05-04T10,CISO,California Independent System Operator,D,Demand,22222,megawatthours
2023-05-04T11,CISO,California Independent System Operator,D,Demand,21841,megawatthours
2023-05-04T12,CISO,California Independent System Operator,D,Demand,21769,megawatthours
2023-05-04T13,CISO,California Independent System Operator,D,Demand,21752,megawatthours
2023-05-04T14,CISO,California Independent System Operator,D,Demand,22455,megawatthours
2023-05-04T15,CISO,California Independent System Operator,D,Demand,23927,megawatthours
2023-05-04T16,CISO,California Independent System Operator,D,Demand,25298,megawatthours
2023-05-04T17,CISO,California Independent System Operator,D,Demand,25080,megawatthours
2023-05-04T18,CISO,California Independent System Operator,D,Demand,24730,megawatthours
2023-05-04T19,CISO,California Independent System Operator,D,Demand,24598,megawatthours
2023-05-04T20,CISO,California Independent System Operator,D,Demand,23653,megawatthours
2023-05-04T21,CISO,California Independent System Operator,D,Demand,22992,megawatthours
2023-05-04T22,CISO,California Independent System Operator,D,Demand,22472,megawatthours
2023-05-04T23,CISO,California Independent System Operator,D,Demand,22406,megawatthours
2023-05-05T00,CISO,California Independent System Operator,D,Demand,22450,megawatthours
2023-05-05T01,CISO,California Independent System Operator,D,Demand,23229,megawatthours
2023-05-05T02,CISO,California Independent System Operator,D,Demand,23839,megawatthours
2023-05-05T03,CISO,California Independent System Operator,D,Demand,24423,megawatthours
2023-05-05T04,CISO,California Independent System Operator,D,Demand,25664,megawatthours
2023-05-05T05,CISO,California Independent System Operator,D,Demand,26308,megawatthours
2023-05-05T06,CISO,California Independent System Operator,D,Demand,25782,megawatthours
2023-05-05T07,CISO,California Independent System Operator,D,Demand,24567,megawatthours
2023-05-05T08,CISO,California Independent System Operator,D,Demand,23311,megawatthours
2023-05-05T09,CISO,California Independent System Operator,D,Demand,23107,megawatthours
2023-05-05T10,CISO,California Independent System Operator,D,Demand,22352,megawatthours
2023-05-05T11,CISO,California Independent System Operator,D,Demand,21718,megawatthours
2023-05-05T12,CISO,California Independent System Operator,D,Demand,21597,megawatthours
2023-05-05T13,CISO,California Independent System Operator,D,Demand,21740,megawatthours
2023-05-05T14,CISO,California Independent System Operator,D,Demand,22697,megawatthours
2023-05-05T15,CISO,California Independent System Operator,D,Demand,23998,megawatthours
2023-05-05T16,CISO,California Independent System Operator,D,Demand,25011,megawatthours
2023-05-05T17,CISO,California Independent System Operator,D,Demand,24503,megawatthours
2023-05-05T18,CISO,California Independent System Operator,D,Demand,24209,megawatthours
2023-05-05T19,CISO,California Independent System Operator,D,Demand,23725,megawatthours
2023-05-05T20,CISO,California Independent System Operator,D,Demand,23595,megawatthours
2023-05-05T21,CISO,California Independent System Operator,D,Demand,22422,megawatthours
2023-05-05T22,CISO,California Independent System Operator,D,Demand,22047,megawatthours
2023-05-05T23,CISO,California Independent System Operator,D,Demand,21342,megawatthours
2023-05-06T00,CISO,California Independent System Operator,D,Demand,21080,megawatthours
2023-05-06T01,CISO,California Independent System Operator,D,Demand,21922,megawatthours
2023-05-06T02,CISO,California Independent System Operator,D,Demand,22780,megawatthours
2023-05-06T03,CISO,California Independent System Operator,D,Demand,23705,megawatthours
2023-05-06T04,CISO,California Independent System Operator,D,Demand,24836,megawatthours
2023-05-06T05,CISO,California Independent System Operator,D,Demand,25517,megawatthours
2023-05-06T06,CISO,California Independent System Operator,D,Demand,24944,megawatthours
2023-05-06T07,CISO,California Independent System Operator,D,Demand,23956,megawatthours
2023-05-06T08,CISO,California Independent System Operator,D,Demand,22831,megawatthours
2023-05-06T09,CISO,California Independent System Operator,D,Demand,22143,megawatthours
2023-05-06T10,CISO,California Independent System Operator,D,Demand,21192,megawatthours
2023-05-06T11,CISO,California Independent System Operator,D,Demand,20508,megawatthours
2023-05-06T12,CISO,California Independent System Operator,D,Demand,20108,megawatthours
2023-05-06T13,CISO,California Independent System Operator,D,Demand,20111,megawatthours
2023-05-06T14,CISO,California Independent System Operator,D,Demand,20493,megawatthours
2023-05-06T15,CISO,California Independent System Operator,D,Demand,20662,megawatthours
2023-05-06T16,CISO,California Independent System Operator,D,Demand,20810,megawatthours
2023-05-06T17,CISO,California Independent System Operator,D,Demand,20768,megawatthours
2023-05-06T18,CISO,California Independent System Operator,D,Demand,19909,megawatthours
2023-05-06T19,CISO,California Independent System Operator,D,Demand,19188,megawatthours
2023-05-06T20,CISO,California Independent System Operator,D,Demand,18498,megawatthours
2023-05-06T21,CISO,California Independent System Operator,D,Demand,17609,megawatthours
2023-05-06T22,CISO,California Independent System Operator,D,Demand,17195,megawatthours
2023-05-06T23,CISO,California Independent System Operator,D,Demand,16575,megawatthours
2023-05-07T00,CISO,California Independent System Operator,D,Demand,17405,megawatthours
2023-05-07T01,CISO,California Independent System Operator,D,Demand,18523,megawatthours
2023-05-07T02,CISO,California Independent System Operator,D,Demand,20370,megawatthours
2023-05-07T03,CISO,California Independent System Operator,D,Demand,21708,megawatthours
2023-05-07T04,CISO,California Independent System Operator,D,Demand,23088,megawatthours
2023-05-07T05,CISO,California Independent System Operator,D,Demand,23989,megawatthours
2023-05-07T06,CISO,California Independent System Operator,D,Demand,23560,megawatthours
2023-05-07T07,CISO,California Independent System Operator,D,Demand,22703,megawatthours
2023-05-07T08,CISO,California Independent System Operator,D,Demand,21663,megawatthours
2023-05-07T09,CISO,California Independent System Operator,D,Demand,21099,megawatthours
2023-05-07T10,CISO,California Independent System Operator,D,Demand,20471,megawatthours
2023-05-07T11,CISO,California Independent System Operator,D,Demand,20093,megawatthours
2023-05-07T12,CISO,California Independent System Operator,D,Demand,19811,megawatthours
2023-05-07T13,CISO,California Independent System Operator,D,Demand,19715,megawatthours
2023-05-07T14,CISO,California Independent System Operator,D,Demand,19779,megawatthours
2023-05-07T15,CISO,California Independent System Operator,D,Demand,19843,megawatthours
2023-05-07T16,CISO,California Independent System Operator,D,Demand,19626,megawatthours
2023-05-07T17,CISO,California Independent System Operator,D,Demand,18377,megawatthours
2023-05-07T18,CISO,California Independent System Operator,D,Demand,17835,megawatthours
2023-05-07T19,CISO,California Independent System Operator,D,Demand,16936,megawatthours
2023-05-07T20,CISO,California Independent System Operator,D,Demand,16498,megawatthours
2023-05-07T21,CISO,California Independent System Operator,D,Demand,15604,megawatthours
2023-05-07T22,CISO,California Independent System Operator,D,Demand,15134,megawatthours
2023-05-07T23,CISO,California Independent System Operator,D,Demand,15197,megawatthours
2023-05-08T00,CISO,California Independent System Operator,D,Demand,15915,megawatthours
2023-05-08T01,CISO,California Independent System Operator,D,Demand,17080,megawatthours
2023-05-08T02,CISO,California Independent System Operator,D,Demand,19418,megawatthours
2023-05-08T03,CISO,California Independent System Operator,D,Demand,21649,megawatthours
2023-05-08T04,CISO,California Independent System Operator,D,Demand,23795,megawatthours
2023-05-08T05,CISO,California Independent System Operator,D,Demand,24997,megawatthours
2023-05-08T06,CISO,California Independent System Operator,D,Demand,24510,megawatthours
2023-05-08T07,CISO,California Independent System Operator,D,Demand,23208,megawatthours
2023-05-08T08,CISO,California Independent System Operator,D,Demand,21834,megawatthours
2023-05-08T09,CISO,California Independent System Operator,D,Demand,20836,megawatthours
2023-05-08T10,CISO,California Independent System Operator,D,Demand,20297,megawatthours
2023-05-08T11,CISO,California Independent System Operator,D,Demand,19957,megawatthours
2023-05-08T12,CISO,California Independent System Operator,D,Demand,19768,megawatthours
2023-05-08T13,CISO,California Independent System Operator,D,Demand,20135,megawatthours
2023-05-08T14,CISO,California Independent System Operator,D,Demand,21304,megawatthours
2023-05-08T15,CISO,California Independent System Operator,D,Demand,22563,megawatthours
2023-05-08T16,CISO,California Independent System Operator,D,Demand,23231,megawatthours
2023-05-08T17,CISO,California Independent System Operator,D,Demand,23052,megawatthours
2023-05-08T18,CISO,California Independent System Operator,D,Demand,22066,megawatthours
2023-05-08T19,CISO,California Independent System Operator,D,Demand,21580,megawatthours
2023-05-08T20,CISO,California Independent System Operator,D,Demand,20956,megawatthours
2023-05-08T21,CISO,California Independent System Operator,D,Demand,20286,megawatthours
2023-05-08T22,CISO,California Independent System Operator,D,Demand,20315,megawatthours
2023-05-08T23,CISO,California Independent System Operator,D,Demand,19916,megawatthours
2023-05-09T00,CISO,California Independent System Operator,D,Demand,20107,megawatthours
2023-05-09T01,CISO,California Independent System Operator,D,Demand,20985,megawatthours
2023-05-09T02,CISO,California Independent System Operator,D,Demand,22439,megawatthours
2023-05-09T03,CISO,California Independent System Operator,D,Demand,23985,megawatthours
2023-05-09T04,CISO,California Independent System Operator,D,Demand,25689,megawatthours
2023-05-09T05,CISO,California Independent System Operator,D,Demand,26477,megawatthours
2023-05-09T06,CISO,California Independent System Operator,D,Demand,25724,megawatthours
2023-05-09T07,CISO,California Independent System Operator,D,Demand,24390,megawatthours
2023-05-09T08,CISO,California Independent System Operator,D,Demand,22734,megawatthours
2023-05-09T09,CISO,California Independent System Operator,D,Demand,21830,megawatthours
2023-05-09T10,CISO,California Independent System Operator,D,Demand,21145,megawatthours
2023-05-09T11,CISO,California Independent System Operator,D,Demand,20648,megawatthours
2023-05-09T12,CISO,California Independent System Operator,D,Demand,20514,megawatthours
2023-05-09T13,CISO,California Independent System Operator,D,Demand,20646,megawatthours
2023-05-09T14,CISO,California Independent System Operator,D,Demand,21676,megawatthours
2023-05-09T15,CISO,California Independent System Operator,D,Demand,22734,megawatthours
2023-05-09T16,CISO,California Independent System Operator,D,Demand,23247,megawatthours
2023-05-09T17,CISO,California Independent System Operator,D,Demand,23072,megawatthours
2023-05-09T18,CISO,California Independent System Operator,D,Demand,22262,megawatthours
2023-05-09T19,CISO,California Independent System Operator,D,Demand,21484,megawatthours
2023-05-09T20,CISO,California Independent System Operator,D,Demand,21176,megawatthours
2023-05-09T21,CISO,California Independent System Operator,D,Demand,20496,megawatthours
2023-05-09T22,CISO,California Independent System Operator,D,Demand,20048,megawatthours
2023-05-09T23,CISO,California Independent System Operator,D,Demand,20018,megawatthours
2023-05-10T00,CISO,California Independent System Operator,D,Demand,20267,megawatthours
2023-05-10T01,CISO,California Independent System Operator,D,Demand,20839,megawatthours
2023-05-10T02,CISO,California Independent System Operator,D,Demand,22116,megawatthours
2023-05-10T03,CISO,California Independent System Operator,D,Demand,23769,megawatthours
2023-05-10T04,CISO,California Independent System Operator,D,Demand,25393,megawatthours
2023-05-10T05,CISO,California Independent System Operator,D,Demand,26113,megawatthours
2023-05-10T06,CISO,California Independent System Operator,D,Demand,25512,megawatthours
2023-05-10T07,CISO,California Independent System Operator,D,Demand,24226,megawatthours
2023-05-10T08,CISO,California Independent System Operator,D,Demand,22617,megawatthours
2023-05-10T09,CISO,California Independent System Operator,D,Demand,21989,megawatthours
2023-05-10T10,CISO,California Independent System Operator,D,Demand,21116,megawatthours
2023-05-10T11,CISO,California Independent System Operator,D,Demand,20542,megawatthours
2023-05-10T12,CISO,California Independent System Operator,D,Demand,20560,megawatthours
2023-05-10T13,CISO,California Independent System Operator,D,Demand,20834,megawatthours
2023-05-10T14,CISO,California Independent System Operator,D,Demand,21863,megawatthours
2023-05-10T15,CISO,California Independent System Operator,D,Demand,22965,megawatthours
2023-05-10T16,CISO,California Independent System Operator,D,Demand,23447,megawatthours
2023-05-10T17,CISO,California Independent System Operator,D,Demand,23212,megawatthours
2023-05-10T18,CISO,California Independent System Operator,D,Demand,22775,megawatthours
2023-05-10T19,CISO,California Independent System Operator,D,Demand,22917,megawatthours
2023-05-10T20,CISO,California Independent System Operator,D,Demand,22235,megawatthours
2023-05-10T21,CISO,California Independent System Operator,D,Demand,21242,megawatthours
2023-05-10T22,CISO,California Independent System Operator,D,Demand,20607,megawatthours
2023-05-10T23,CISO,California Independent System Operator,D,Demand,20033,megawatthours
2023-05-11T00,CISO,California Independent System Operator,D,Demand,19920,megawatthours
2023-05-11T01,CISO,California Independent System Operator,D,Demand,20380,megawatthours
2023-05-11T02,CISO,California Independent System Operator,D,Demand,21611,megawatthours
2023-05-11T03,CISO,California Independent System Operator,D,Demand,23593,megawatthours
2023-05-11T04,CISO,California Independent System Operator,D,Demand,25258,megawatthours
2023-05-11T05,CISO,California Independent System Operator,D,Demand,26127,megawatthours
2023-05-11T06,CISO,California Independent System Operator,D,Demand,25685,megawatthours
2023-05-11T07,CISO,California Independent System Operator,D,Demand,24251,megawatthours
2023-05-11T08,CISO,California Independent System Operator,D,Demand,22898,megawatthours
2023-05-11T09,CISO,California Independent System Operator,D,Demand,22062,megawatthours
2023-05-11T10,CISO,California Independent System Operator,D,Demand,21248,megawatthours
2023-05-11T11,CISO,California Independent System Operator,D,Demand,20712,megawatthours
2023-05-11T12,CISO,California Independent System Operator,D,Demand,20524,megawatthours
2023-05-11T13,CISO,California Independent System Operator,D,Demand,20941,megawatthours
2023-05-11T14,CISO,California Independent System Operator,D,Demand,22016,megawatthours
2023-05-11T15,CISO,California Independent System Operator,D,Demand,23260,megawatthours
2023-05-11T16,CISO,California Independent System Operator,D,Demand,23873,megawatthours
2023-05-11T17,CISO,California Independent System Operator,D,Demand,23347,megawatthours
2023-05-11T18,CISO,California Independent System Operator,D,Demand,22415,megawatthours
2023-05-11T19,CISO,California Independent System Operator,D,Demand,21894,megawatthours
2023-05-11T20,CISO,California Independent System Operator,D,Demand,21384,megawatthours
2023-05-11T21,CISO,California Independent System Operator,D,Demand,20475,megawatthours
2023-05-11T22,CISO,California Independent System Operator,D,Demand,19820,megawatthours
2023-05-11T23,CISO,California Independent System Operator,D,Demand,19586,megawatthours
2023-05-12T00,CISO,California Independent System Operator,D,Demand,19438,megawatthours
2023-05-12T01,CISO,California Independent System Operator,D,Demand,20956,megawatthours
2023-05-12T02,CISO,California Independent System Operator,D,Demand,22532,megawatthours
2023-05-12T03,CISO,California Independent System Operator,D,Demand,24384,megawatthours
2023-05-12T04,CISO,California Independent System Operator,D,Demand,25741,megawatthours
2023-05-12T05,CISO,California Independent System Operator,D,Demand,26433,megawatthours
2023-05-12T06,CISO,California Independent System Operator,D,Demand,25970,megawatthours
2023-05-12T07,CISO,California Independent System Operator,D,Demand,24479,megawatthours
2023-05-12T08,CISO,California Independent System Operator,D,Demand,23254,megawatthours
2023-05-12T09,CISO,California Independent System Operator,D,Demand,22619,megawatthours
2023-05-12T10,CISO,California Independent System Operator,D,Demand,21978,megawatthours
2023-05-12T11,CISO,California Independent System Operator,D,Demand,21195,megawatthours
2023-05-12T12,CISO,California Independent System Operator,D,Demand,20872,megawatthours
2023-05-12T13,CISO,California Independent System Operator,D,Demand,21433,megawatthours
2023-05-12T14,CISO,California Independent System Operator,D,Demand,22404,megawatthours
2023-05-12T15,CISO,California Independent System Operator,D,Demand,23523,megawatthours
2023-05-12T16,CISO,California Independent System Operator,D,Demand,24047,megawatthours
2023-05-12T17,CISO,California Independent System Operator,D,Demand,23828,megawatthours
2023-05-12T18,CISO,California Independent System Operator,D,Demand,23588,megawatthours
2023-05-12T19,CISO,California Independent System Operator,D,Demand,22322,megawatthours
2023-05-12T20,CISO,California Independent System Operator,D,Demand,21272,megawatthours
2023-05-12T21,CISO,California Independent System Operator,D,Demand,20441,megawatthours
2023-05-12T22,CISO,California Independent System Operator,D,Demand,21037,megawatthours
2023-05-12T23,CISO,California Independent System Operator,D,Demand,21095,megawatthours
2023-05-13T00,CISO,California Independent System Operator,D,Demand,21501,megawatthours
2023-05-13T01,CISO,California Independent System Operator,D,Demand,22638,megawatthours
2023-05-13T02,CISO,California Independent System Operator,D,Demand,24431,megawatthours
2023-05-13T03,CISO,California Independent System Operator,D,Demand,26038,megawatthours
2023-05-13T04,CISO,California Independent System Operator,D,Demand,27039,megawatthours
2023-05-13T05,CISO,California Independent System Operator,D,Demand,27391,megawatthours
2023-05-13T06,CISO,California Independent System Operator,D,Demand,26761,megawatthours
2023-05-13T07,CISO,California Independent System Operator,D,Demand,25331,megawatthours
2023-05-13T08,CISO,California Independent System Operator,D,Demand,23772,megawatthours
2023-05-13T09,CISO,California Independent System Operator,D,Demand,23046,megawatthours
2023-05-13T10,CISO,California Independent System Operator,D,Demand,22254,megawatthours
2023-05-13T11,CISO,California Independent System Operator,D,Demand,21529,megawatthours
2023-05-13T12,CISO,California Independent System Operator,D,Demand,21118,megawatthours
2023-05-13T13,CISO,California Independent System Operator,D,Demand,21012,megawatthours
2023-05-13T14,CISO,California Independent System Operator,D,Demand,21164,megawatthours
2023-05-13T15,CISO,California Independent System Operator,D,Demand,21279,megawatthours
2023-05-13T16,CISO,California Independent System Operator,D,Demand,21323,megawatthours
2023-05-13T17,CISO,California Independent System Operator,D,Demand,21620,megawatthours
2023-05-13T18,CISO,California Independent System Operator,D,Demand,21135,megawatthours
2023-05-13T19,CISO,California Independent System Operator,D,Demand,20116,megawatthours
2023-05-13T20,CISO,California Independent System Operator,D,Demand,19461,megawatthours
2023-05-13T21,CISO,California Independent System Operator,D,Demand,18942,megawatthours
2023-05-13T22,CISO,California Independent System Operator,D,Demand,19145,megawatthours
2023-05-13T23,CISO,California Independent System Operator,D,Demand,19659,megawatthours
2023-05-14T00,CISO,California Independent System Operator,D,Demand,21109,megawatthours
2023-05-14T01,CISO,California Independent System Operator,D,Demand,23143,megawatthours
2023-05-14T02,CISO,California Independent System Operator,D,Demand,25109,megawatthours
2023-05-14T03,CISO,California Independent System Operator,D,Demand,26983,megawatthours
2023-05-14T04,CISO,California Independent System Operator,D,Demand,28027,megawatthours
2023-05-14T05,CISO,California Independent System Operator,D,Demand,28096,megawatthours
2023-05-14T06,CISO,California Independent System Operator,D,Demand,27285,megawatthours
2023-05-14T07,CISO,California Independent System Operator,D,Demand,25820,megawatthours
2023-05-14T08,CISO,California Independent System Operator,D,Demand,24350,megawatthours
2023-05-14T09,CISO,California Independent System Operator,D,Demand,23111,megawatthours
2023-05-14T10,CISO,California Independent System Operator,D,Demand,22073,megawatthours
2023-05-14T11,CISO,California Independent System Operator,D,Demand,21311,megawatthours
2023-05-14T12,CISO,California Independent System Operator,D,Demand,20756,megawatthours
2023-05-14T13,CISO,California Independent System Operator,D,Demand,20494,megawatthours
2023-05-14T14,CISO,California Independent System Operator,D,Demand,20419,megawatthours
2023-05-14T15,CISO,California Independent System Operator,D,Demand,20171,megawatthours
2023-05-14T16,CISO,California Independent System Operator,D,Demand,20073,megawatthours
2023-05-14T17,CISO,California Independent System Operator,D,Demand,20409,megawatthours
2023-05-14T18,CISO,California Independent System Operator,D,Demand,20398,megawatthours
2023-05-14T19,CISO,California Independent System Operator,D,Demand,19256,megawatthours
2023-05-14T20,CISO,California Independent System Operator,D,Demand,18949,megawatthours
2023-05-14T21,CISO,California Independent System Operator,D,Demand,19122,megawatthours
2023-05-14T22,CISO,California Independent System Operator,D,Demand,19482,megawatthours
2023-05-14T23,CISO,California Independent System Operator,D,Demand,19886,megawatthours
2023-05-15T00,CISO,California Independent System Operator,D,Demand,21069,megawatthours
2023-05-15T01,CISO,California Independent System Operator,D,Demand,22702,megawatthours
2023-05-15T02,CISO,California Independent System Operator,D,Demand,24374,megawatthours
2023-05-15T03,CISO,California Independent System Operator,D,Demand,26310,megawatthours
2023-05-15T04,CISO,California Independent System Operator,D,Demand,27223,megawatthours
2023-05-15T05,CISO,California Independent System Operator,D,Demand,27505,megawatthours
2023-05-15T06,CISO,California Independent System Operator,D,Demand,26857,megawatthours
2023-05-15T07,CISO,California Independent System Operator,D,Demand,25218,megawatthours
2023-05-15T08,CISO,California Independent System Operator,D,Demand,23589,megawatthours
2023-05-15T09,CISO,California Independent System Operator,D,Demand,22295,megawatthours
2023-05-15T10,CISO,California Independent System Operator,D,Demand,21753,megawatthours
2023-05-15T11,CISO,California Independent System Operator,D,Demand,21423,megawatthours
2023-05-15T12,CISO,California Independent System Operator,D,Demand,21098,megawatthours
2023-05-15T13,CISO,California Independent System Operator,D,Demand,21400,megawatthours
2023-05-15T14,CISO,California Independent System Operator,D,Demand,22095,megawatthours
2023-05-15T15,CISO,California Independent System Operator,D,Demand,23106,megawatthours
2023-05-15T16,CISO,California Independent System Operator,D,Demand,24128,megawatthours
2023-05-15T17,CISO,California Independent System Operator,D,Demand,24873,megawatthours
2023-05-15T18,CISO,California Independent System Operator,D,Demand,24377,megawatthours
2023-05-15T19,CISO,California Independent System Operator,D,Demand,23475,megawatthours
2023-05-15T20,CISO,California Independent System Operator,D,Demand,22975,megawatthours
2023-05-15T21,CISO,California Independent System Operator,D,Demand,22759,megawatthours
2023-05-15T22,CISO,California Independent System Operator,D,Demand,22931,megawatthours
2023-05-15T23,CISO,California Independent System Operator,D,Demand,22966,megawatthours
2023-05-16T00,CISO,California Independent System Operator,D,Demand,24053,megawatthours
2023-05-16T01,CISO,California Independent System Operator,D,Demand,25570,megawatthours
2023-05-16T02,CISO,California Independent System Operator,D,Demand,27113,megawatthours
2023-05-16T03,CISO,California Independent System Operator,D,Demand,27947,megawatthours
2023-05-16T04,CISO,California Independent System Operator,D,Demand,29245,megawatthours
2023-05-16T05,CISO,California Independent System Operator,D,Demand,29578,megawatthours
2023-05-16T06,CISO,California Independent System Operator,D,Demand,28674,megawatthours
2023-05-16T07,CISO,California Independent System Operator,D,Demand,26748,megawatthours
2023-05-16T08,CISO,California Independent System Operator,D,Demand,24962,megawatthours
2023-05-16T09,CISO,California Independent System Operator,D,Demand,23713,megawatthours
2023-05-16T10,CISO,California Independent System Operator,D,Demand,22918,megawatthours
2023-05-16T11,CISO,California Independent System Operator,D,Demand,22296,megawatthours
2023-05-16T12,CISO,California Independent System Operator,D,Demand,22026,megawatthours
2023-05-16T13,CISO,California Independent System Operator,D,Demand,21996,megawatthours
2023-05-16T14,CISO,California Independent System Operator,D,Demand,22763,megawatthours
2023-05-16T15,CISO,California Independent System Operator,D,Demand,23654,megawatthours
2023-05-16T16,CISO,California Independent System Operator,D,Demand,24753,megawatthours
2023-05-16T17,CISO,California Independent System Operator,D,Demand,25115,megawatthours
2023-05-16T18,CISO,California Independent System Operator,D,Demand,24958,megawatthours
2023-05-16T19,CISO,California Independent System Operator,D,Demand,24038,megawatthours
2023-05-16T20,CISO,California Independent System Operator,D,Demand,23413,megawatthours
2023-05-16T21,CISO,California Independent System Operator,D,Demand,23360,megawatthours
2023-05-16T22,CISO,California Independent System Operator,D,Demand,23658,megawatthours
2023-05-16T23,CISO,California Independent System Operator,D,Demand,24275,megawatthours
2023-05-17T00,CISO,California Independent System Operator,D,Demand,25112,megawatthours
2023-05-17T01,CISO,California Independent System Operator,D,Demand,26562,megawatthours
2023-05-17T02,CISO,California Independent System Operator,D,Demand,28245,megawatthours
2023-05-17T03,CISO,California Independent System Operator,D,Demand,29844,megawatthours
2023-05-17T04,CISO,California Independent System Operator,D,Demand,30734,megawatthours
2023-05-17T05,CISO,California Independent System Operator,D,Demand,30571,megawatthours
2023-05-17T06,CISO,California Independent System Operator,D,Demand,29524,megawatthours
2023-05-17T07,CISO,California Independent System Operator,D,Demand,27553,megawatthours
2023-05-17T08,CISO,California Independent System Operator,D,Demand,25425,megawatthours
2023-05-17T09,CISO,California Independent System Operator,D,Demand,24410,megawatthours
2023-05-17T10,CISO,California Independent System Operator,D,Demand,23875,megawatthours
2023-05-17T11,CISO,California Independent System Operator,D,Demand,23001,megawatthours
2023-05-17T12,CISO,California Independent System Operator,D,Demand,22942,megawatthours
2023-05-17T13,CISO,California Independent System Operator,D,Demand,22953,megawatthours
2023-05-17T14,CISO,California Independent System Operator,D,Demand,23447,megawatthours
2023-05-17T15,CISO,California Independent System Operator,D,Demand,24163,megawatthours
2023-05-17T16,CISO,California Independent System Operator,D,Demand,25060,megawatthours
2023-05-17T17,CISO,California Independent System Operator,D,Demand,25104,megawatthours
2023-05-17T18,CISO,California Independent System Operator,D,Demand,24725,megawatthours
2023-05-17T19,CISO,California Independent System Operator,D,Demand,23877,megawatthours
2023-05-17T20,CISO,California Independent System Operator,D,Demand,23966,megawatthours
2023-05-17T21,CISO,California Independent System Operator,D,Demand,23513,megawatthours
2023-05-17T22,CISO,California Independent System Operator,D,Demand,23379,megawatthours
2023-05-17T23,CISO,California Independent System Operator,D,Demand,24222,megawatthours
2023-05-18T00,CISO,California Independent System Operator,D,Demand,25719,megawatthours
2023-05-18T01,CISO,California Independent System Operator,D,Demand,27231,megawatthours
2023-05-18T02,CISO,California Independent System Operator,D,Demand,28338,megawatthours
2023-05-18T03,CISO,California Independent System Operator,D,Demand,29371,megawatthours
2023-05-18T04,CISO,California Independent System Operator,D,Demand,29987,megawatthours
2023-05-18T05,CISO,California Independent System Operator,D,Demand,30092,megawatthours
2023-05-18T06,CISO,California Independent System Operator,D,Demand,29234,megawatthours
2023-05-18T07,CISO,California Independent System Operator,D,Demand,27463,megawatthours
2023-05-18T08,CISO,California Independent System Operator,D,Demand,25941,megawatthours
2023-05-18T09,CISO,California Independent System Operator,D,Demand,24877,megawatthours
2023-05-18T10,CISO,California Independent System Operator,D,Demand,23784,megawatthours
2023-05-18T11,CISO,California Independent System Operator,D,Demand,22932,megawatthours
2023-05-18T12,CISO,California Independent System Operator,D,Demand,22801,megawatthours
2023-05-18T13,CISO,California Independent System Operator,D,Demand,22777,megawatthours
2023-05-18T14,CISO,California Independent System Operator,D,Demand,23647,megawatthours
2023-05-18T15,CISO,California Independent System Operator,D,Demand,24650,megawatthours
2023-05-18T16,CISO,California Independent System Operator,D,Demand,25204,megawatthours
2023-05-18T17,CISO,California Independent System Operator,D,Demand,25102,megawatthours
2023-05-18T18,CISO,California Independent System Operator,D,Demand,24889,megawatthours
2023-05-18T19,CISO,California Independent System Operator,D,Demand,24326,megawatthours
2023-05-18T20,CISO,California Independent System Operator,D,Demand,24331,megawatthours
2023-05-18T21,CISO,California Independent System Operator,D,Demand,23886,megawatthours
2023-05-18T22,CISO,California Independent System Operator,D,Demand,23572,megawatthours
2023-05-18T23,CISO,California Independent System Operator,D,Demand,23232,megawatthours
2023-05-19T00,CISO,California Independent System Operator,D,Demand,24235,megawatthours
2023-05-19T01,CISO,California Independent System Operator,D,Demand,25895,megawatthours
2023-05-19T02,CISO,California Independent System Operator,D,Demand,27506,megawatthours
2023-05-19T03,CISO,California Independent System Operator,D,Demand,28797,megawatthours
2023-05-19T04,CISO,California Independent System Operator,D,Demand,29487,megawatthours
2023-05-19T05,CISO,California Independent System Operator,D,Demand,29585,megawatthours
2023-05-19T06,CISO,California Independent System Operator,D,Demand,28763,megawatthours
2023-05-19T07,CISO,California Independent System Operator,D,Demand,27067,megawatthours
2023-05-19T08,CISO,California Independent System Operator,D,Demand,25673,megawatthours
2023-05-19T09,CISO,California Independent System Operator,D,Demand,24307,megawatthours
2023-05-19T10,CISO,California Independent System Operator,D,Demand,23547,megawatthours
2023-05-19T11,CISO,California Independent System Operator,D,Demand,22837,megawatthours
2023-05-19T12,CISO,California Independent System Operator,D,Demand,22561,megawatthours
2023-05-19T13,CISO,California Independent System Operator,D,Demand,22628,megawatthours
2023-05-19T14,CISO,California Independent System Operator,D,Demand,23278,megawatthours
2023-05-19T15,CISO,California Independent System Operator,D,Demand,24401,megawatthours
2023-05-19T16,CISO,California Independent System Operator,D,Demand,25011,megawatthours
2023-05-19T17,CISO,California Independent System Operator,D,Demand,25094,megawatthours
2023-05-19T18,CISO,California Independent System Operator,D,Demand,24802,megawatthours
2023-05-19T19,CISO,California Independent System Operator,D,Demand,24330,megawatthours
2023-05-19T20,CISO,California Independent System Operator,D,Demand,24105,megawatthours
2023-05-19T21,CISO,California Independent System Operator,D,Demand,23735,megawatthours
2023-05-19T22,CISO,California Independent System Operator,D,Demand,23395,megawatthours
2023-05-19T23,CISO,California Independent System Operator,D,Demand,22898,megawatthours
2023-05-20T00,CISO,California Independent System Operator,D,Demand,24034,megawatthours
2023-05-20T01,CISO,California Independent System Operator,D,Demand,25099,megawatthours
2023-05-20T02,CISO,California Independent System Operator,D,Demand,26743,megawatthours
2023-05-20T03,CISO,California Independent System Operator,D,Demand,27627,megawatthours
2023-05-20T04,CISO,California Independent System Operator,D,Demand,28307,megawatthours
2023-05-20T05,CISO,California Independent System Operator,D,Demand,28552,megawatthours
2023-05-20T06,CISO,California Independent System Operator,D,Demand,28023,megawatthours
2023-05-20T07,CISO,California Independent System Operator,D,Demand,26741,megawatthours
2023-05-20T08,CISO,California Independent System Operator,D,Demand,25317,megawatthours
2023-05-20T09,CISO,California Independent System Operator,D,Demand,23776,megawatthours
2023-05-20T10,CISO,California Independent System Operator,D,Demand,22814,megawatthours
2023-05-20T11,CISO,California Independent System Operator,D,Demand,22232,megawatthours
2023-05-20T12,CISO,California Independent System Operator,D,Demand,22283,megawatthours
2023-05-20T13,CISO,California Independent System Operator,D,Demand,21990,megawatthours
2023-05-20T14,CISO,California Independent System Operator,D,Demand,22269,megawatthours
2023-05-20T15,CISO,California Independent System Operator,D,Demand,22328,megawatthours
2023-05-20T16,CISO,California Independent System Operator,D,Demand,22327,megawatthours
2023-05-20T17,CISO,California Independent System Operator,D,Demand,22649,megawatthours
2023-05-20T18,CISO,California Independent System Operator,D,Demand,22015,megawatthours
2023-05-20T19,CISO,California Independent System Operator,D,Demand,21434,megawatthours
2023-05-20T20,CISO,California Independent System Operator,D,Demand,20852,megawatthours
2023-05-20T21,CISO,California Independent System Operator,D,Demand,20220,megawatthours
2023-05-20T22,CISO,California Independent System Operator,D,Demand,20393,megawatthours
2023-05-20T23,CISO,California Independent System Operator,D,Demand,20485,megawatthours
2023-05-21T00,CISO,California Independent System Operator,D,Demand,21524,megawatthours
2023-05-21T01,CISO,California Independent System Operator,D,Demand,23087,megawatthours
2023-05-21T02,CISO,California Independent System Operator,D,Demand,24814,megawatthours
2023-05-21T03,CISO,California Independent System Operator,D,Demand,26014,megawatthours
2023-05-21T04,CISO,California Independent System Operator,D,Demand,26642,megawatthours
2023-05-21T05,CISO,California Independent System Operator,D,Demand,26992,megawatthours
2023-05-21T06,CISO,California Independent System Operator,D,Demand,26520,megawatthours
2023-05-21T07,CISO,California Independent System Operator,D,Demand,25408,megawatthours
2023-05-21T08,CISO,California Independent System Operator,D,Demand,24280,megawatthours
2023-05-21T09,CISO,California Independent System Operator,D,Demand,23570,megawatthours
2023-05-21T10,CISO,California Independent System Operator,D,Demand,22712,megawatthours
2023-05-21T11,CISO,California Independent System Operator,D,Demand,22020,megawatthours
2023-05-21T12,CISO,California Independent System Operator,D,Demand,21478,megawatthours
2023-05-21T13,CISO,California Independent System Operator,D,Demand,21364,megawatthours
2023-05-21T14,CISO,California Independent System Operator,D,Demand,21378,megawatthours
2023-05-21T15,CISO,California Independent System Operator,D,Demand,21472,megawatthours
2023-05-21T16,CISO,California Independent System Operator,D,Demand,21253,megawatthours
2023-05-21T17,CISO,California Independent System Operator,D,Demand,21318,megawatthours
2023-05-21T18,CISO,California Independent System Operator,D,Demand,20983,megawatthours
2023-05-21T19,CISO,California Independent System Operator,D,Demand,20128,megawatthours
2023-05-21T20,CISO,California Independent System Operator,D,Demand,19366,megawatthours
2023-05-21T21,CISO,California Independent System Operator,D,Demand,18753,megawatthours
2023-05-21T22,CISO,California Independent System Operator,D,Demand,19268,megawatthours
2023-05-21T23,CISO,California Independent System Operator,D,Demand,19860,megawatthours
2023-05-22T00,CISO,California Independent System Operator,D,Demand,21809,megawatthours
2023-05-22T01,CISO,California Independent System Operator,D,Demand,23561,megawatthours
2023-05-22T02,CISO,California Independent System Operator,D,Demand,25864,megawatthours
2023-05-22T03,CISO,California Independent System Operator,D,Demand,27105,megawatthours
2023-05-22T04,CISO,California Independent System Operator,D,Demand,27910,megawatthours
2023-05-22T05,CISO,California Independent System Operator,D,Demand,28129,megawatthours
2023-05-22T06,CISO,California Independent System Operator,D,Demand,27407,megawatthours
2023-05-22T07,CISO,California Independent System Operator,D,Demand,25830,megawatthours
2023-05-22T08,CISO,California Independent System Operator,D,Demand,24335,megawatthours
2023-05-22T09,CISO,California Independent System Operator,D,Demand,23183,megawatthours
2023-05-22T10,CISO,California Independent System Operator,D,Demand,22333,megawatthours
2023-05-22T11,CISO,California Independent System Operator,D,Demand,21343,megawatthours
2023-05-22T12,CISO,California Independent System Operator,D,Demand,21405,megawatthours
2023-05-22T13,CISO,California Independent System Operator,D,Demand,21665,megawatthours
2023-05-22T14,CISO,California Independent System Operator,D,Demand,22707,megawatthours
2023-05-22T15,CISO,California Independent System Operator,D,Demand,23778,megawatthours
2023-05-22T16,CISO,California Independent System Operator,D,Demand,24653,megawatthours
2023-05-22T17,CISO,California Independent System Operator,D,Demand,24742,megawatthours
2023-05-22T18,CISO,California Independent System Operator,D,Demand,24386,megawatthours
2023-05-22T19,CISO,California Independent System Operator,D,Demand,24204,megawatthours
2023-05-22T20,CISO,California Independent System Operator,D,Demand,24383,megawatthours
2023-05-22T21,CISO,California Independent System Operator,D,Demand,24451,megawatthours
2023-05-22T22,CISO,California Independent System Operator,D,Demand,25002,megawatthours
2023-05-22T23,CISO,California Independent System Operator,D,Demand,25406,megawatthours
2023-05-23T00,CISO,California Independent System Operator,D,Demand,26359,megawatthours
2023-05-23T01,CISO,California Independent System Operator,D,Demand,27601,megawatthours
2023-05-23T02,CISO,California Independent System Operator,D,Demand,29301,megawatthours
2023-05-23T03,CISO,California Independent System Operator,D,Demand,30271,megawatthours
2023-05-23T04,CISO,California Independent System Operator,D,Demand,30538,megawatthours
2023-05-23T05,CISO,California Independent System Operator,D,Demand,30259,megawatthours
2023-05-23T06,CISO,California Independent System Operator,D,Demand,29536,megawatthours
2023-05-23T07,CISO,California Independent System Operator,D,Demand,27646,megawatthours
2023-05-23T08,CISO,California Independent System Operator,D,Demand,25691,megawatthours
2023-05-23T09,CISO,California Independent System Operator,D,Demand,24162,megawatthours
2023-05-23T10,CISO,California Independent System Operator,D,Demand,23038,megawatthours
2023-05-23T11,CISO,California Independent System Operator,D,Demand,22364,megawatthours
2023-05-23T12,CISO,California Independent System Operator,D,Demand,22173,megawatthours
2023-05-23T13,CISO,California Independent System Operator,D,Demand,22329,megawatthours
2023-05-23T14,CISO,California Independent System Operator,D,Demand,23066,megawatthours
2023-05-23T15,CISO,California Independent System Operator,D,Demand,24194,megawatthours
2023-05-23T16,CISO,California Independent System Operator,D,Demand,24911,megawatthours
2023-05-23T17,CISO,California Independent System Operator,D,Demand,25123,megawatthours
2023-05-23T18,CISO,California Independent System Operator,D,Demand,24927,megawatthours
2023-05-23T19,CISO,California Independent System Operator,D,Demand,24614,megawatthours
2023-05-23T20,CISO,California Independent System Operator,D,Demand,24429,megawatthours
2023-05-23T21,CISO,California Independent System Operator,D,Demand,24312,megawatthours
2023-05-23T22,CISO,California Independent System Operator,D,Demand,24552,megawatthours
2023-05-23T23,CISO,California Independent System Operator,D,Demand,24348,megawatthours
2023-05-24T00,CISO,California Independent System Operator,D,Demand,24502,megawatthours
2023-05-24T01,CISO,California Independent System Operator,D,Demand,24988,megawatthours
2023-05-24T02,CISO,California Independent System Operator,D,Demand,26160,megawatthours
2023-05-24T03,CISO,California Independent System Operator,D,Demand,27009,megawatthours
2023-05-24T04,CISO,California Independent System Operator,D,Demand,27812,megawatthours
2023-05-24T05,CISO,California Independent System Operator,D,Demand,28217,megawatthours
2023-05-24T06,CISO,California Independent System Operator,D,Demand,27502,megawatthours
2023-05-24T07,CISO,California Independent System Operator,D,Demand,26084,megawatthours
2023-05-24T08,CISO,California Independent System Operator,D,Demand,24601,megawatthours
2023-05-24T09,CISO,California Independent System Operator,D,Demand,23930,megawatthours
2023-05-24T10,CISO,California Independent System Operator,D,Demand,23201,megawatthours
2023-05-24T11,CISO,California Independent System Operator,D,Demand,22725,megawatthours
2023-05-24T12,CISO,California Independent System Operator,D,Demand,22448,megawatthours
2023-05-24T13,CISO,California Independent System Operator,D,Demand,22393,megawatthours
2023-05-24T14,CISO,California Independent System Operator,D,Demand,23110,megawatthours
2023-05-24T15,CISO,California Independent System Operator,D,Demand,23933,megawatthours
2023-05-24T16,CISO,California Independent System Operator,D,Demand,24470,megawatthours
2023-05-24T17,CISO,California Independent System Operator,D,Demand,24560,megawatthours
2023-05-24T18,CISO,California Independent System Operator,D,Demand,24206,megawatthours
2023-05-24T19,CISO,California Independent System Operator,D,Demand,23858,megawatthours
2023-05-24T20,CISO,California Independent System Operator,D,Demand,23064,megawatthours
2023-05-24T21,CISO,California Independent System Operator,D,Demand,22404,megawatthours
2023-05-24T22,CISO,California Independent System Operator,D,Demand,22467,megawatthours
2023-05-24T23,CISO,California Independent System Operator,D,Demand,23078,megawatthours
2023-05-25T00,CISO,California Independent System Operator,D,Demand,22869,megawatthours
2023-05-25T01,CISO,California Independent System Operator,D,Demand,23467,megawatthours
2023-05-25T02,CISO,California Independent System Operator,D,Demand,24964,megawatthours
2023-05-25T03,CISO,California Independent System Operator,D,Demand,26109,megawatthours
2023-05-25T04,CISO,California Independent System Operator,D,Demand,27002,megawatthours
2023-05-25T05,CISO,California Independent System Operator,D,Demand,27562,megawatthours
2023-05-25T06,CISO,California Independent System Operator,D,Demand,27082,megawatthours
2023-05-25T07,CISO,California Independent System Operator,D,Demand,25583,megawatthours
2023-05-25T08,CISO,California Independent System Operator,D,Demand,24116,megawatthours
2023-05-25T09,CISO,California Independent System Operator,D,Demand,23393,megawatthours
2023-05-25T10,CISO,California Independent System Operator,D,Demand,22592,megawatthours
2023-05-25T11,CISO,California Independent System Operator,D,Demand,22091,megawatthours
2023-05-25T12,CISO,California Independent System Operator,D,Demand,21733,megawatthours
2023-05-25T13,CISO,California Independent System Operator,D,Demand,21603,megawatthours
2023-05-25T14,CISO,California Independent System Operator,D,Demand,22506,megawatthours
2023-05-25T15,CISO,California Independent System Operator,D,Demand,23431,megawatthours
2023-05-25T16,CISO,California Independent System Operator,D,Demand,24179,megawatthours
2023-05-25T17,CISO,California Independent System Operator,D,Demand,23936,megawatthours
2023-05-25T18,CISO,California Independent System Operator,D,Demand,23760,megawatthours
2023-05-25T19,CISO,California Independent System Operator,D,Demand,23853,megawatthours
2023-05-25T20,CISO,California Independent System Operator,D,Demand,23035,megawatthours
2023-05-25T21,CISO,California Independent System Operator,D,Demand,21825,megawatthours
2023-05-25T22,CISO,California Independent System Operator,D,Demand,21571,megawatthours
2023-05-25T23,CISO,California Independent System Operator,D,Demand,21377,megawatthours
2023-05-26T00,CISO,California Independent System Operator,D,Demand,21941,megawatthours
2023-05-26T01,CISO,California Independent System Operator,D,Demand,22681,megawatthours
2023-05-26T02,CISO,California Independent System Operator,D,Demand,24453,megawatthours
2023-05-26T03,CISO,California Independent System Operator,D,Demand,25660,megawatthours
2023-05-26T04,CISO,California Independent System Operator,D,Demand,26991,megawatthours
2023-05-26T05,CISO,California Independent System Operator,D,Demand,27362,megawatthours
2023-05-26T06,CISO,California Independent System Operator,D,Demand,26852,megawatthours
2023-05-26T07,CISO,California Independent System Operator,D,Demand,25468,megawatthours
2023-05-26T08,CISO,California Independent System Operator,D,Demand,24071,megawatthours
2023-05-26T09,CISO,California Independent System Operator,D,Demand,23288,megawatthours
2023-05-26T10,CISO,California Independent System Operator,D,Demand,22430,megawatthours
2023-05-26T11,CISO,California Independent System Operator,D,Demand,22138,megawatthours
2023-05-26T12,CISO,California Independent System Operator,D,Demand,22090,megawatthours
2023-05-26T13,CISO,California Independent System Operator,D,Demand,21931,megawatthours
2023-05-26T14,CISO,California Independent System Operator,D,Demand,22720,megawatthours
2023-05-26T15,CISO,California Independent System Operator,D,Demand,23688,megawatthours
2023-05-26T16,CISO,California Independent System Operator,D,Demand,24537,megawatthours
2023-05-26T17,CISO,California Independent System Operator,D,Demand,24324,megawatthours
2023-05-26T18,CISO,California Independent System Operator,D,Demand,23934,megawatthours
2023-05-26T19,CISO,California Independent System Operator,D,Demand,23086,megawatthours
2023-05-26T20,CISO,California Independent System Operator,D,Demand,22277,megawatthours
2023-05-26T21,CISO,California Independent System Operator,D,Demand,21179,megawatthours
2023-05-26T22,CISO,California Independent System Operator,D,Demand,20508,megawatthours
2023-05-26T23,CISO,California Independent System Operator,D,Demand,20237,megawatthours
2023-05-27T00,CISO,California Independent System Operator,D,Demand,20813,megawatthours
2023-05-27T01,CISO,California Independent System Operator,D,Demand,21914,megawatthours
2023-05-27T02,CISO,California Independent System Operator,D,Demand,23640,megawatthours
2023-05-27T03,CISO,California Independent System Operator,D,Demand,24722,megawatthours
2023-05-27T04,CISO,California Independent System Operator,D,Demand,25848,megawatthours
2023-05-27T05,CISO,California Independent System Operator,D,Demand,26632,megawatthours
2023-05-27T06,CISO,California Independent System Operator,D,Demand,26382,megawatthours
2023-05-27T07,CISO,California Independent System Operator,D,Demand,24940,megawatthours
2023-05-27T08,CISO,California Independent System Operator,D,Demand,23313,megawatthours
2023-05-27T09,CISO,California Independent System Operator,D,Demand,22615,megawatthours
2023-05-27T10,CISO,California Independent System Operator,D,Demand,21989,megawatthours
2023-05-27T11,CISO,California Independent System Operator,D,Demand,21415,megawatthours
2023-05-27T12,CISO,California Independent System Operator,D,Demand,20943,megawatthours
2023-05-27T13,CISO,California Independent System Operator,D,Demand,20802,megawatthours
2023-05-27T14,CISO,California Independent System Operator,D,Demand,20888,megawatthours
2023-05-27T15,CISO,California Independent System Operator,D,Demand,20745,megawatthours
2023-05-27T16,CISO,California Independent System Operator,D,Demand,21015,megawatthours
2023-05-27T17,CISO,California Independent System Operator,D,Demand,20537,megawatthours
2023-05-27T18,CISO,California Independent System Operator,D,Demand,20364,megawatthours
2023-05-27T19,CISO,California Independent System Operator,D,Demand,19670,megawatthours
2023-05-27T20,CISO,California Independent System Operator,D,Demand,18987,megawatthours
2023-05-27T21,CISO,California Independent System Operator,D,Demand,17992,megawatthours
2023-05-27T22,CISO,California Independent System Operator,D,Demand,17367,megawatthours
2023-05-27T23,CISO,California Independent System Operator,D,Demand,17420,megawatthours
2023-05-28T00,CISO,California Independent System Operator,D,Demand,18110,megawatthours
2023-05-28T01,CISO,California Independent System Operator,D,Demand,19535,megawatthours
2023-05-28T02,CISO,California Independent System Operator,D,Demand,21586,megawatthours
2023-05-28T03,CISO,California Independent System Operator,D,Demand,23858,megawatthours
2023-05-28T04,CISO,California Independent System Operator,D,Demand,25258,megawatthours
2023-05-28T05,CISO,California Independent System Operator,D,Demand,26004,megawatthours
2023-05-28T06,CISO,California Independent System Operator,D,Demand,25598,megawatthours
2023-05-28T07,CISO,California Independent System Operator,D,Demand,24363,megawatthours
2023-05-28T08,CISO,California Independent System Operator,D,Demand,23046,megawatthours
2023-05-28T09,CISO,California Independent System Operator,D,Demand,22169,megawatthours
2023-05-28T10,CISO,California Independent System Operator,D,Demand,21309,megawatthours
2023-05-28T11,CISO,California Independent System Operator,D,Demand,20968,megawatthours
2023-05-28T12,CISO,California Independent System Operator,D,Demand,20456,megawatthours
2023-05-28T13,CISO,California Independent System Operator,D,Demand,20139,megawatthours
2023-05-28T14,CISO,California Independent System Operator,D,Demand,20119,megawatthours
2023-05-28T15,CISO,California Independent System Operator,D,Demand,19883,megawatthours
2023-05-28T16,CISO,California Independent System Operator,D,Demand,20066,megawatthours
2023-05-28T17,CISO,California Independent System Operator,D,Demand,20034,megawatthours
2023-05-28T18,CISO,California Independent System Operator,D,Demand,19880,megawatthours
2023-05-28T19,CISO,California Independent System Operator,D,Demand,19511,megawatthours
2023-05-28T20,CISO,California Independent System Operator,D,Demand,19366,megawatthours
2023-05-28T21,CISO,California Independent System Operator,D,Demand,19059,megawatthours
2023-05-28T22,CISO,California Independent System Operator,D,Demand,18840,megawatthours
2023-05-28T23,CISO,California Independent System Operator,D,Demand,18839,megawatthours
2023-05-29T00,CISO,California Independent System Operator,D,Demand,19085,megawatthours
2023-05-29T01,CISO,California Independent System Operator,D,Demand,20208,megawatthours
2023-05-29T02,CISO,California Independent System Operator,D,Demand,21801,megawatthours
2023-05-29T03,CISO,California Independent System Operator,D,Demand,23141,megawatthours
2023-05-29T04,CISO,California Independent System Operator,D,Demand,24509,megawatthours
2023-05-29T05,CISO,California Independent System Operator,D,Demand,25084,megawatthours
2023-05-29T06,CISO,California Independent System Operator,D,Demand,24761,megawatthours
2023-05-29T07,CISO,California Independent System Operator,D,Demand,23736,megawatthours
2023-05-29T08,CISO,California Independent System Operator,D,Demand,22437,megawatthours
2023-05-29T09,CISO,California Independent System Operator,D,Demand,21537,megawatthours
2023-05-29T10,CISO,California Independent System Operator,D,Demand,20845,megawatthours
2023-05-29T11,CISO,California Independent System Operator,D,Demand,20382,megawatthours
2023-05-29T12,CISO,California Independent System Operator,D,Demand,19980,megawatthours
2023-05-29T13,CISO,California Independent System Operator,D,Demand,19884,megawatthours
2023-05-29T14,CISO,California Independent System Operator,D,Demand,20161,megawatthours
2023-05-29T15,CISO,California Independent System Operator,D,Demand,20059,megawatthours
2023-05-29T16,CISO,California Independent System Operator,D,Demand,20358,megawatthours
2023-05-29T17,CISO,California Independent System Operator,D,Demand,20962,megawatthours
2023-05-29T18,CISO,California Independent System Operator,D,Demand,20623,megawatthours
2023-05-29T19,CISO,California Independent System Operator,D,Demand,20159,megawatthours
2023-05-29T20,CISO,California Independent System Operator,D,Demand,20252,megawatthours
2023-05-29T21,CISO,California Independent System Operator,D,Demand,19839,megawatthours
2023-05-29T22,CISO,California Independent System Operator,D,Demand,19645,megawatthours
2023-05-29T23,CISO,California Independent System Operator,D,Demand,19836,megawatthours
2023-05-30T00,CISO,California Independent System Operator,D,Demand,20092,megawatthours
2023-05-30T01,CISO,California Independent System Operator,D,Demand,20753,megawatthours
2023-05-30T02,CISO,California Independent System Operator,D,Demand,22372,megawatthours
2023-05-30T03,CISO,California Independent System Operator,D,Demand,24308,megawatthours
2023-05-30T04,CISO,California Independent System Operator,D,Demand,25520,megawatthours
2023-05-30T05,CISO,California Independent System Operator,D,Demand,26157,megawatthours
2023-05-30T06,CISO,California Independent System Operator,D,Demand,25703,megawatthours
2023-05-30T07,CISO,California Independent System Operator,D,Demand,24338,megawatthours
2023-05-30T08,CISO,California Independent System Operator,D,Demand,22780,megawatthours
2023-05-30T09,CISO,California Independent System Operator,D,Demand,21827,megawatthours
2023-05-30T10,CISO,California Independent System Operator,D,Demand,21044,megawatthours
2023-05-30T11,CISO,California Independent System Operator,D,Demand,20584,megawatthours
2023-05-30T12,CISO,California Independent System Operator,D,Demand,20536,megawatthours
2023-05-30T13,CISO,California Independent System Operator,D,Demand,20935,megawatthours
2023-05-30T14,CISO,California Independent System Operator,D,Demand,21974,megawatthours
2023-05-30T15,CISO,California Independent System Operator,D,Demand,23043,megawatthours
2023-05-30T16,CISO,California Independent System Operator,D,Demand,23722,megawatthours
2023-05-30T17,CISO,California Independent System Operator,D,Demand,23731,megawatthours
2023-05-30T18,CISO,California Independent System Operator,D,Demand,23469,megawatthours
2023-05-30T19,CISO,California Independent System Operator,D,Demand,23178,megawatthours
2023-05-30T20,CISO,California Independent System Operator,D,Demand,22344,megawatthours
2023-05-30T21,CISO,California Independent System Operator,D,Demand,21743,megawatthours
2023-05-30T22,CISO,California Independent System Operator,D,Demand,21682,megawatthours
2023-05-30T23,CISO,California Independent System Operator,D,Demand,21903,megawatthours
2023-05-31T00,CISO,California Independent System Operator,D,Demand,22516,megawatthours
2023-05-31T01,CISO,California Independent System Operator,D,Demand,23585,megawatthours
2023-05-31T02,CISO,California Independent System Operator,D,Demand,24512,megawatthours
2023-05-31T03,CISO,California Independent System Operator,D,Demand,25890,megawatthours
2023-05-31T04,CISO,California Independent System Operator,D,Demand,26722,megawatthours
2023-05-31T05,CISO,California Independent System Operator,D,Demand,27301,megawatthours
2023-05-31T06,CISO,California Independent System Operator,D,Demand,26910,megawatthours
2023-05-31T07,CISO,California Independent System Operator,D,Demand,25357,megawatthours
2023-05-31T08,CISO,California Independent System Operator,D,Demand,23932,megawatthours
2023-05-31T09,CISO,California Independent System Operator,D,Demand,23024,megawatthours
2023-05-31T10,CISO,California Independent System Operator,D,Demand,22256,megawatthours
2023-05-31T11,CISO,California Independent System Operator,D,Demand,21722,megawatthours
2023-05-31T12,CISO,California Independent System Operator,D,Demand,21431,megawatthours
2023-05-31T13,CISO,California Independent System Operator,D,Demand,21675,megawatthours
2023-05-31T14,CISO,California Independent System Operator,D,Demand,22533,megawatthours
2023-05-31T15,CISO,California Independent System Operator,D,Demand,23577,megawatthours
2023-05-31T16,CISO,California Independent System Operator,D,Demand,24819,megawatthours
2023-05-31T17,CISO,California Independent System Operator,D,Demand,24897,megawatthours
2023-05-31T18,CISO,California Independent System Operator,D,Demand,24619,megawatthours
2023-05-31T19,CISO,California Independent System Operator,D,Demand,24044,megawatthours
2023-05-31T20,CISO,California Independent System Operator,D,Demand,23329,megawatthours
2023-05-31T21,CISO,California Independent System Operator,D,Demand,22965,megawatthours
2023-05-31T22,CISO,California Independent System Operator,D,Demand,23135,megawatthours
2023-05-31T23,CISO,California Independent System Operator,D,Demand,23026,megawatthours
2023-06-01T00,CISO,California Independent System Operator,D,Demand,22928,megawatthours
2023-06-01T01,CISO,California Independent System Operator,D,Demand,23619,megawatthours
2023-06-01T02,CISO,California Independent System Operator,D,Demand,25173,megawatthours
2023-06-01T03,CISO,California Independent System Operator,D,Demand,26498,megawatthours
2023-06-01T04,CISO,California Independent System Operator,D,Demand,27436,megawatthours
2023-06-01T05,CISO,California Independent System Operator,D,Demand,28164,megawatthours
2023-06-01T06,CISO,California Independent System Operator,D,Demand,27596,megawatthours
2023-06-01T07,CISO,California Independent System Operator,D,Demand,26028,megawatthours
2023-06-01T08,CISO,California Independent System Operator,D,Demand,24507,megawatthours
2023-06-01T09,CISO,California Independent System Operator,D,Demand,23531,megawatthours
2023-06-01T10,CISO,California Independent System Operator,D,Demand,22729,megawatthours
2023-06-01T11,CISO,California Independent System Operator,D,Demand,22036,megawatthours
2023-06-01T12,CISO,California Independent System Operator,D,Demand,21680,megawatthours
2023-06-01T13,CISO,California Independent System Operator,D,Demand,22014,megawatthours
2023-06-01T14,CISO,California Independent System Operator,D,Demand,23019,megawatthours
2023-06-01T15,CISO,California Independent System Operator,D,Demand,23806,megawatthours
2023-06-01T16,CISO,California Independent System Operator,D,Demand,24262,megawatthours
2023-06-01T17,CISO,California Independent System Operator,D,Demand,24312,megawatthours
2023-06-01T18,CISO,California Independent System Operator,D,Demand,24267,megawatthours
2023-06-01T19,CISO,California Independent System Operator,D,Demand,23910,megawatthours
2023-06-01T20,CISO,California Independent System Operator,D,Demand,23002,megawatthours
2023-06-01T21,CISO,California Independent System Operator,D,Demand,23054,megawatthours
2023-06-01T22,CISO,California Independent System Operator,D,Demand,22533,megawatthours
2023-06-01T23,CISO,California Independent System Operator,D,Demand,22425,megawatthours
2023-06-02T00,CISO,California Independent System Operator,D,Demand,23432,megawatthours
2023-06-02T01,CISO,California Independent System Operator,D,Demand,24295,megawatthours
2023-06-02T02,CISO,California Independent System Operator,D,Demand,25168,megawatthours
2023-06-02T03,CISO,California Independent System Operator,D,Demand,26120,megawatthours
2023-06-02T04,CISO,California Independent System Operator,D,Demand,27499,megawatthours
2023-06-02T05,CISO,California Independent System Operator,D,Demand,28211,megawatthours
2023-06-02T06,CISO,California Independent System Operator,D,Demand,27645,megawatthours
2023-06-02T07,CISO,California Independent System Operator,D,Demand,26091,megawatthours
2023-06-02T08,CISO,California Independent System Operator,D,Demand,24522,megawatthours
2023-06-02T09,CISO,California Independent System Operator,D,Demand,23612,megawatthours
2023-06-02T10,CISO,California Independent System Operator,D,Demand,22703,megawatthours
2023-06-02T11,CISO,California Independent System Operator,D,Demand,22068,megawatthours
2023-06-02T12,CISO,California Independent System Operator,D,Demand,21467,megawatthours
2023-06-02T13,CISO,California Independent System Operator,D,Demand,21765,megawatthours
2023-06-02T14,CISO,California Independent System Operator,D,Demand,22510,megawatthours
2023-06-02T15,CISO,California Independent System Operator,D,Demand,23503,megawatthours
2023-06-02T16,CISO,California Independent System Operator,D,Demand,24458,megawatthours
2023-06-02T17,CISO,California Independent System Operator,D,Demand,24438,megawatthours
2023-06-02T18,CISO,California Independent System Operator,D,Demand,23601,megawatthours
2023-06-02T19,CISO,California Independent System Operator,D,Demand,22818,megawatthours
2023-06-02T20,CISO,California Independent System Operator,D,Demand,22252,megawatthours
2023-06-02T21,CISO,California Independent System Operator,D,Demand,21845,megawatthours
2023-06-02T22,CISO,California Independent System Operator,D,Demand,21468,megawatthours
2023-06-02T23,CISO,California Independent System Operator,D,Demand,21354,megawatthours
2023-06-03T00,CISO,California Independent System Operator,D,Demand,21956,megawatthours
2023-06-03T01,CISO,California Independent System Operator,D,Demand,23528,megawatthours
2023-06-03T02,CISO,California Independent System Operator,D,Demand,25071,megawatthours
2023-06-03T03,CISO,California Independent System Operator,D,Demand,26261,megawatthours
2023-06-03T04,CISO,California Independent System Operator,D,Demand,27265,megawatthours
2023-06-03T05,CISO,California Independent System Operator,D,Demand,27856,megawatthours
2023-06-03T06,CISO,California Independent System Operator,D,Demand,27486,megawatthours
2023-06-03T07,CISO,California Independent System Operator,D,Demand,26019,megawatthours
2023-06-03T08,CISO,California Independent System Operator,D,Demand,24533,megawatthours
2023-06-03T09,CISO,California Independent System Operator,D,Demand,23436,megawatthours
2023-06-03T10,CISO,California Independent System Operator,D,Demand,22265,megawatthours
2023-06-03T11,CISO,California Independent System Operator,D,Demand,21394,megawatthours
2023-06-03T12,CISO,California Independent System Operator,D,Demand,21030,megawatthours
2023-06-03T13,CISO,California Independent System Operator,D,Demand,20900,megawatthours
2023-06-03T14,CISO,California Independent System Operator,D,Demand,21113,megawatthours
2023-06-03T15,CISO,California Independent System Operator,D,Demand,20846,megawatthours
2023-06-03T16,CISO,California Independent System Operator,D,Demand,20969,megawatthours
2023-06-03T17,CISO,California Independent System Operator,D,Demand,20986,megawatthours
2023-06-03T18,CISO,California Independent System Operator,D,Demand,20521,megawatthours
2023-06-03T19,CISO,California Independent System Operator,D,Demand,19939,megawatthours
2023-06-03T20,CISO,California Independent System Operator,D,Demand,19259,megawatthours
2023-06-03T21,CISO,California Independent System Operator,D,Demand,18602,megawatthours
2023-06-03T22,CISO,California Independent System Operator,D,Demand,18502,megawatthours
2023-06-03T23,CISO,California Independent System Operator,D,Demand,19178,megawatthours
2023-06-04T00,CISO,California Independent System Operator,D,Demand,20789,megawatthours
2023-06-04T01,CISO,California Independent System Operator,D,Demand,22452,megawatthours
2023-06-04T02,CISO,California Independent System Operator,D,Demand,24423,megawatthours
2023-06-04T03,CISO,California Independent System Operator,D,Demand,26529,megawatthours
2023-06-04T04,CISO,California Independent System Operator,D,Demand,27667,megawatthours
2023-06-04T05,CISO,California Independent System Operator,D,Demand,27833,megawatthours
2023-06-04T06,CISO,California Independent System Operator,D,Demand,27119,megawatthours
2023-06-04T07,CISO,California Independent System Operator,D,Demand,25704,megawatthours
2023-06-04T08,CISO,California Independent System Operator,D,Demand,24244,megawatthours
2023-06-04T09,CISO,California Independent System Operator,D,Demand,23018,megawatthours
2023-06-04T10,CISO,California Independent System Operator,D,Demand,21949,megawatthours
2023-06-04T11,CISO,California Independent System Operator,D,Demand,21119,megawatthours
2023-06-04T12,CISO,California Independent System Operator,D,Demand,20632,megawatthours
2023-06-04T13,CISO,California Independent System Operator,D,Demand,20415,megawatthours
2023-06-04T14,CISO,California Independent System Operator,D,Demand,20295,megawatthours
2023-06-04T15,CISO,California Independent System Operator,D,Demand,20065,megawatthours
2023-06-04T16,CISO,California Independent System Operator,D,Demand,20353,megawatthours
2023-06-04T17,CISO,California Independent System Operator,D,Demand,20737,megawatthours
2023-06-04T18,CISO,California Independent System Operator,D,Demand,20163,megawatthours
2023-06-04T19,CISO,California Independent System Operator,D,Demand,19893,megawatthours
2023-06-04T20,CISO,California Independent System Operator,D,Demand,19269,megawatthours
2023-06-04T21,CISO,California Independent System Operator,D,Demand,19153,megawatthours
2023-06-04T22,CISO,California Independent System Operator,D,Demand,19110,megawatthours
2023-06-04T23,CISO,California Independent System Operator,D,Demand,19585,megawatthours
2023-06-05T00,CISO,California Independent System Operator,D,Demand,21132,megawatthours
2023-06-05T01,CISO,California Independent System Operator,D,Demand,22929,megawatthours
2023-06-05T02,CISO,California Independent System Operator,D,Demand,25145,megawatthours
2023-06-05T03,CISO,California Independent System Operator,D,Demand,27436,megawatthours
2023-06-05T04,CISO,California Independent System Operator,D,Demand,28363,megawatthours
2023-06-05T05,CISO,California Independent System Operator,D,Demand,28340,megawatthours
2023-06-05T06,CISO,California Independent System Operator,D,Demand,27584,megawatthours
2023-06-05T07,CISO,California Independent System Operator,D,Demand,25792,megawatthours
2023-06-05T08,CISO,California Independent System Operator,D,Demand,24004,megawatthours
2023-06-05T09,CISO,California Independent System Operator,D,Demand,22896,megawatthours
2023-06-05T10,CISO,California Independent System Operator,D,Demand,21928,megawatthours
2023-06-05T11,CISO,California Independent System Operator,D,Demand,21327,megawatthours
2023-06-05T12,CISO,California Independent System Operator,D,Demand,21151,megawatthours
2023-06-05T13,CISO,California Independent System Operator,D,Demand,21238,megawatthours
2023-06-05T14,CISO,California Independent System Operator,D,Demand,22039,megawatthours
2023-06-05T15,CISO,California Independent System Operator,D,Demand,23016,megawatthours
2023-06-05T16,CISO,California Independent System Operator,D,Demand,24228,megawatthours
2023-06-05T17,CISO,California Independent System Operator,D,Demand,24794,megawatthours
2023-06-05T18,CISO,California Independent System Operator,D,Demand,25108,megawatthours
2023-06-05T19,CISO,California Independent System Operator,D,Demand,25089,megawatthours
2023-06-05T20,CISO,California Independent System Operator,D,Demand,24486,megawatthours
2023-06-05T21,CISO,California Independent System Operator,D,Demand,24713,megawatthours
2023-06-05T22,CISO,California Independent System Operator,D,Demand,24505,megawatthours
2023-06-05T23,CISO,California Independent System Operator,D,Demand,24328,megawatthours
2023-06-06T00,CISO,California Independent System Operator,D,Demand,24608,megawatthours
2023-06-06T01,CISO,California Independent System Operator,D,Demand,24985,megawatthours
2023-06-06T02,CISO,California Independent System Operator,D,Demand,25845,megawatthours
2023-06-06T03,CISO,California Independent System Operator,D,Demand,26781,megawatthours
2023-06-06T04,CISO,California Independent System Operator,D,Demand,27310,megawatthours
2023-06-06T05,CISO,California Independent System Operator,D,Demand,27616,megawatthours
2023-06-06T06,CISO,California Independent System Operator,D,Demand,26913,megawatthours
2023-06-06T07,CISO,California Independent System Operator,D,Demand,25448,megawatthours
2023-06-06T08,CISO,California Independent System Operator,D,Demand,23924,megawatthours
2023-06-06T09,CISO,California Independent System Operator,D,Demand,22556,megawatthours
2023-06-06T10,CISO,California Independent System Operator,D,Demand,21752,megawatthours
2023-06-06T11,CISO,California Independent System Operator,D,Demand,21250,megawatthours
2023-06-06T12,CISO,California Independent System Operator,D,Demand,20898,megawatthours
2023-06-06T13,CISO,California Independent System Operator,D,Demand,21178,megawatthours
2023-06-06T14,CISO,California Independent System Operator,D,Demand,22117,megawatthours
2023-06-06T15,CISO,California Independent System Operator,D,Demand,22897,megawatthours
2023-06-06T16,CISO,California Independent System Operator,D,Demand,23878,megawatthours
2023-06-06T17,CISO,California Independent System Operator,D,Demand,23919,megawatthours
2023-06-06T18,CISO,California Independent System Operator,D,Demand,24285,megawatthours
2023-06-06T19,CISO,California Independent System Operator,D,Demand,24821,megawatthours
2023-06-06T20,CISO,California Independent System Operator,D,Demand,24175,megawatthours
2023-06-06T21,CISO,California Independent System Operator,D,Demand,23456,megawatthours
2023-06-06T22,CISO,California Independent System Operator,D,Demand,22660,megawatthours
2023-06-06T23,CISO,California Independent System Operator,D,Demand,22705,megawatthours
2023-06-07T00,CISO,California Independent System Operator,D,Demand,22760,megawatthours
2023-06-07T01,CISO,California Independent System Operator,D,Demand,23553,megawatthours
2023-06-07T02,CISO,California Independent System Operator,D,Demand,24681,megawatthours
2023-06-07T03,CISO,California Independent System Operator,D,Demand,26060,megawatthours
2023-06-07T04,CISO,California Independent System Operator,D,Demand,26867,megawatthours
2023-06-07T05,CISO,California Independent System Operator,D,Demand,27366,megawatthours
2023-06-07T06,CISO,California Independent System Operator,D,Demand,26833,megawatthours
2023-06-07T07,CISO,California Independent System Operator,D,Demand,25427,megawatthours
2023-06-07T08,CISO,California Independent System Operator,D,Demand,23908,megawatthours
2023-06-07T09,CISO,California Independent System Operator,D,Demand,23033,megawatthours
2023-06-07T10,CISO,California Independent System Operator,D,Demand,22221,megawatthours
2023-06-07T11,CISO,California Independent System Operator,D,Demand,21850,megawatthours
2023-06-07T12,CISO,California Independent System Operator,D,Demand,21682,megawatthours
2023-06-07T13,CISO,California Independent System Operator,D,Demand,21496,megawatthours
2023-06-07T14,CISO,California Independent System Operator,D,Demand,22260,megawatthours
2023-06-07T15,CISO,California Independent System Operator,D,Demand,23291,megawatthours
2023-06-07T16,CISO,California Independent System Operator,D,Demand,23860,megawatthours
2023-06-07T17,CISO,California Independent System Operator,D,Demand,23993,megawatthours
2023-06-07T18,CISO,California Independent System Operator,D,Demand,23938,megawatthours
2023-06-07T19,CISO,California Independent System Operator,D,Demand,23829,megawatthours
2023-06-07T20,CISO,California Independent System Operator,D,Demand,23206,megawatthours
2023-06-07T21,CISO,California Independent System Operator,D,Demand,23037,megawatthours
2023-06-07T22,CISO,California Independent System Operator,D,Demand,22572,megawatthours
2023-06-07T23,CISO,California Independent System Operator,D,Demand,22033,megawatthours
2023-06-08T00,CISO,California Independent System Operator,D,Demand,21880,megawatthours
2023-06-08T01,CISO,California Independent System Operator,D,Demand,23467,megawatthours
2023-06-08T02,CISO,California Independent System Operator,D,Demand,23838,megawatthours
2023-06-08T03,CISO,California Independent System Operator,D,Demand,24933,megawatthours
2023-06-08T04,CISO,California Independent System Operator,D,Demand,26175,megawatthours
2023-06-08T05,CISO,California Independent System Operator,D,Demand,27092,megawatthours
2023-06-08T06,CISO,California Independent System Operator,D,Demand,27029,megawatthours
2023-06-08T07,CISO,California Independent System Operator,D,Demand,25588,megawatthours
2023-06-08T08,CISO,California Independent System Operator,D,Demand,24114,megawatthours
2023-06-08T09,CISO,California Independent System Operator,D,Demand,23129,megawatthours
2023-06-08T10,CISO,California Independent System Operator,D,Demand,22259,megawatthours
2023-06-08T11,CISO,California Independent System Operator,D,Demand,21696,megawatthours
2023-06-08T12,CISO,California Independent System Operator,D,Demand,21218,megawatthours
2023-06-08T13,CISO,California Independent System Operator,D,Demand,21538,megawatthours
2023-06-08T14,CISO,California Independent System Operator,D,Demand,22270,megawatthours
2023-06-08T15,CISO,California Independent System Operator,D,Demand,23037,megawatthours
2023-06-08T16,CISO,California Independent System Operator,D,Demand,24056,megawatthours
2023-06-08T17,CISO,California Independent System Operator,D,Demand,24582,megawatthours
2023-06-08T18,CISO,California Independent System Operator,D,Demand,24332,megawatthours
2023-06-08T19,CISO,California Independent System Operator,D,Demand,23671,megawatthours
2023-06-08T20,CISO,California Independent System Operator,D,Demand,22516,megawatthours
2023-06-08T21,CISO,California Independent System Operator,D,Demand,22013,megawatthours
2023-06-08T22,CISO,California Independent System Operator,D,Demand,21620,megawatthours
2023-06-08T23,CISO,California Independent System Operator,D,Demand,21305,megawatthours
2023-06-09T00,CISO,California Independent System Operator,D,Demand,22304,megawatthours
2023-06-09T01,CISO,California Independent System Operator,D,Demand,23237,megawatthours
2023-06-09T02,CISO,California Independent System Operator,D,Demand,24635,megawatthours
2023-06-09T03,CISO,California Independent System Operator,D,Demand,26219,megawatthours
2023-06-09T04,CISO,California Independent System Operator,D,Demand,27165,megawatthours
2023-06-09T05,CISO,California Independent System Operator,D,Demand,27828,megawatthours
2023-06-09T06,CISO,California Independent System Operator,D,Demand,27571,megawatthours
2023-06-09T07,CISO,California Independent System Operator,D,Demand,26199,megawatthours
2023-06-09T08,CISO,California Independent System Operator,D,Demand,24709,megawatthours
2023-06-09T09,CISO,California Independent System Operator,D,Demand,23821,megawatthours
2023-06-09T10,CISO,California Independent System Operator,D,Demand,23302,megawatthours
2023-06-09T11,CISO,California Independent System Operator,D,Demand,22472,megawatthours
2023-06-09T12,CISO,California Independent System Operator,D,Demand,22188,megawatthours
2023-06-09T13,CISO,California Independent System Operator,D,Demand,22118,megawatthours
2023-06-09T14,CISO,California Independent System Operator,D,Demand,22585,megawatthours
2023-06-09T15,CISO,California Independent System Operator,D,Demand,23214,megawatthours
2023-06-09T16,CISO,California Independent System Operator,D,Demand,23849,megawatthours
2023-06-09T17,CISO,California Independent System Operator,D,Demand,24681,megawatthours
2023-06-09T18,CISO,California Independent System Operator,D,Demand,24845,megawatthours
2023-06-09T19,CISO,California Independent System Operator,D,Demand,24680,megawatthours
2023-06-09T20,CISO,California Independent System Operator,D,Demand,23461,megawatthours
2023-06-09T21,CISO,California Independent System Operator,D,Demand,23051,megawatthours
2023-06-09T22,CISO,California Independent System Operator,D,Demand,22677,megawatthours
2023-06-09T23,CISO,California Independent System Operator,D,Demand,22776,megawatthours
2023-06-10T00,CISO,California Independent System Operator,D,Demand,22813,megawatthours
2023-06-10T01,CISO,California Independent System Operator,D,Demand,22980,megawatthours
2023-06-10T02,CISO,California Independent System Operator,D,Demand,24069,megawatthours
2023-06-10T03,CISO,California Independent System Operator,D,Demand,25693,megawatthours
2023-06-10T04,CISO,California Independent System Operator,D,Demand,26707,megawatthours
2023-06-10T05,CISO,California Independent System Operator,D,Demand,27284,megawatthours
2023-06-10T06,CISO,California Independent System Operator,D,Demand,27038,megawatthours
2023-06-10T07,CISO,California Independent System Operator,D,Demand,25721,megawatthours
2023-06-10T08,CISO,California Independent System Operator,D,Demand,24440,megawatthours
2023-06-10T09,CISO,California Independent System Operator,D,Demand,23432,megawatthours
2023-06-10T10,CISO,California Independent System Operator,D,Demand,22298,megawatthours
2023-06-10T11,CISO,California Independent System Operator,D,Demand,21537,megawatthours
2023-06-10T12,CISO,California Independent System Operator,D,Demand,21383,megawatthours
2023-06-10T13,CISO,California Independent System Operator,D,Demand,21549,megawatthours
2023-06-10T14,CISO,California Independent System Operator,D,Demand,21250,megawatthours
2023-06-10T15,CISO,California Independent System Operator,D,Demand,21163,megawatthours
2023-06-10T16,CISO,California Independent System Operator,D,Demand,21590,megawatthours
2023-06-10T17,CISO,California Independent System Operator,D,Demand,22387,megawatthours
2023-06-10T18,CISO,California Independent System Operator,D,Demand,22663,megawatthours
2023-06-10T19,CISO,California Independent System Operator,D,Demand,21930,megawatthours
2023-06-10T20,CISO,California Independent System Operator,D,Demand,21289,megawatthours
2023-06-10T21,CISO,California Independent System Operator,D,Demand,20633,megawatthours
2023-06-10T22,CISO,California Independent System Operator,D,Demand,20084,megawatthours
2023-06-10T23,CISO,California Independent System Operator,D,Demand,20091,megawatthours
2023-06-11T00,CISO,California Independent System Operator,D,Demand,20597,megawatthours
2023-06-11T01,CISO,California Independent System Operator,D,Demand,21463,megawatthours
2023-06-11T02,CISO,California Independent System Operator,D,Demand,22660,megawatthours
2023-06-11T03,CISO,California Independent System Operator,D,Demand,23852,megawatthours
2023-06-11T04,CISO,California Independent System Operator,D,Demand,24950,megawatthours
2023-06-11T05,CISO,California Independent System Operator,D,Demand,25633,megawatthours
2023-06-11T06,CISO,California Independent System Operator,D,Demand,25318,megawatthours
2023-06-11T07,CISO,California Independent System Operator,D,Demand,24148,megawatthours
2023-06-11T08,CISO,California Independent System Operator,D,Demand,22969,megawatthours
2023-06-11T09,CISO,California Independent System Operator,D,Demand,22065,megawatthours
2023-06-11T10,CISO,California Independent System Operator,D,Demand,21208,megawatthours
2023-06-11T11,CISO,California Independent System Operator,D,Demand,20410,megawatthours
2023-06-11T12,CISO,California Independent System Operator,D,Demand,19964,megawatthours
2023-06-11T13,CISO,California Independent System Operator,D,Demand,20043,megawatthours
2023-06-11T14,CISO,California Independent System Operator,D,Demand,20134,megawatthours
2023-06-11T15,CISO,California Independent System Operator,D,Demand,20272,megawatthours
2023-06-11T16,CISO,California Independent System Operator,D,Demand,20425,megawatthours
2023-06-11T17,CISO,California Independent System Operator,D,Demand,20808,megawatthours
2023-06-11T18,CISO,California Independent System Operator,D,Demand,19998,megawatthours
2023-06-11T19,CISO,California Independent System Operator,D,Demand,19880,megawatthours
2023-06-11T20,CISO,California Independent System Operator,D,Demand,19475,megawatthours
2023-06-11T21,CISO,California Independent System Operator,D,Demand,18850,megawatthours
2023-06-11T22,CISO,California Independent System Operator,D,Demand,18449,megawatthours
2023-06-11T23,CISO,California Independent System Operator,D,Demand,19013,megawatthours
2023-06-12T00,CISO,California Independent System Operator,D,Demand,20146,megawatthours
2023-06-12T01,CISO,California Independent System Operator,D,Demand,21464,megawatthours
2023-06-12T02,CISO,California Independent System Operator,D,Demand,22594,megawatthours
2023-06-12T03,CISO,California Independent System Operator,D,Demand,23645,megawatthours
2023-06-12T04,CISO,California Independent System Operator,D,Demand,24700,megawatthours
2023-06-12T05,CISO,California Independent System Operator,D,Demand,25261,megawatthours
2023-06-12T06,CISO,California Independent System Operator,D,Demand,25128,megawatthours
2023-06-12T07,CISO,California Independent System Operator,D,Demand,23826,megawatthours
2023-06-12T08,CISO,California Independent System Operator,D,Demand,22487,megawatthours
2023-06-12T09,CISO,California Independent System Operator,D,Demand,21984,megawatthours
2023-06-12T10,CISO,California Independent System Operator,D,Demand,21191,megawatthours
2023-06-12T11,CISO,California Independent System Operator,D,Demand,20812,megawatthours
2023-06-12T12,CISO,California Independent System Operator,D,Demand,20611,megawatthours
2023-06-12T13,CISO,California Independent System Operator,D,Demand,20887,megawatthours
2023-06-12T14,CISO,California Independent System Operator,D,Demand,21877,megawatthours
2023-06-12T15,CISO,California Independent System Operator,D,Demand,22885,megawatthours
2023-06-12T16,CISO,California Independent System Operator,D,Demand,23803,megawatthours
2023-06-12T17,CISO,California Independent System Operator,D,Demand,23575,megawatthours
2023-06-12T18,CISO,California Independent System Operator,D,Demand,23181,megawatthours
2023-06-12T19,CISO,California Independent System Operator,D,Demand,23259,megawatthours
2023-06-12T20,CISO,California Independent System Operator,D,Demand,23571,megawatthours
2023-06-12T21,CISO,California Independent System Operator,D,Demand,23399,megawatthours
2023-06-12T22,CISO,California Independent System Operator,D,Demand,22753,megawatthours
2023-06-12T23,CISO,California Independent System Operator,D,Demand,22572,megawatthours
2023-06-13T00,CISO,California Independent System Operator,D,Demand,22837,megawatthours
2023-06-13T01,CISO,California Independent System Operator,D,Demand,23320,megawatthours
2023-06-13T02,CISO,California Independent System Operator,D,Demand,24634,megawatthours
2023-06-13T03,CISO,California Independent System Operator,D,Demand,26016,megawatthours
2023-06-13T04,CISO,California Independent System Operator,D,Demand,26980,megawatthours
2023-06-13T05,CISO,California Independent System Operator,D,Demand,27501,megawatthours
2023-06-13T06,CISO,California Independent System Operator,D,Demand,27228,megawatthours
2023-06-13T07,CISO,California Independent System Operator,D,Demand,25673,megawatthours
2023-06-13T08,CISO,California Independent System Operator,D,Demand,24348,megawatthours
2023-06-13T09,CISO,California Independent System Operator,D,Demand,23215,megawatthours
2023-06-13T10,CISO,California Independent System Operator,D,Demand,22225,megawatthours
2023-06-13T11,CISO,California Independent System Operator,D,Demand,21585,megawatthours
2023-06-13T12,CISO,California Independent System Operator,D,Demand,21343,megawatthours
2023-06-13T13,CISO,California Independent System Operator,D,Demand,21459,megawatthours
2023-06-13T14,CISO,California Independent System Operator,D,Demand,22284,megawatthours
2023-06-13T15,CISO,California Independent System Operator,D,Demand,23291,megawatthours
2023-06-13T16,CISO,California Independent System Operator,D,Demand,24447,megawatthours
2023-06-13T17,CISO,California Independent System Operator,D,Demand,24579,megawatthours
2023-06-13T18,CISO,California Independent System Operator,D,Demand,24617,megawatthours
2023-06-13T19,CISO,California Independent System Operator,D,Demand,24565,megawatthours
2023-06-13T20,CISO,California Independent System Operator,D,Demand,24194,megawatthours
2023-06-13T21,CISO,California Independent System Operator,D,Demand,23889,megawatthours
2023-06-13T22,CISO,California Independent System Operator,D,Demand,23416,megawatthours
2023-06-13T23,CISO,California Independent System Operator,D,Demand,22661,megawatthours
2023-06-14T00,CISO,California Independent System Operator,D,Demand,23129,megawatthours
2023-06-14T01,CISO,California Independent System Operator,D,Demand,24032,megawatthours
2023-06-14T02,CISO,California Independent System Operator,D,Demand,25220,megawatthours
2023-06-14T03,CISO,California Independent System Operator,D,Demand,27078,megawatthours
2023-06-14T04,CISO,California Independent System Operator,D,Demand,28222,megawatthours
2023-06-14T05,CISO,California Independent System Operator,D,Demand,28681,megawatthours
2023-06-14T06,CISO,California Independent System Operator,D,Demand,28208,megawatthours
2023-06-14T07,CISO,California Independent System Operator,D,Demand,26590,megawatthours
2023-06-14T08,CISO,California Independent System Operator,D,Demand,25044,megawatthours
2023-06-14T09,CISO,California Independent System Operator,D,Demand,23914,megawatthours
2023-06-14T10,CISO,California Independent System Operator,D,Demand,22931,megawatthours
2023-06-14T11,CISO,California Independent System Operator,D,Demand,22088,megawatthours
2023-06-14T12,CISO,California Independent System Operator,D,Demand,21832,megawatthours
2023-06-14T13,CISO,California Independent System Operator,D,Demand,22084,megawatthours
2023-06-14T14,CISO,California Independent System Operator,D,Demand,22827,megawatthours
2023-06-14T15,CISO,California Independent System Operator,D,Demand,23768,megawatthours
2023-06-14T16,CISO,California Independent System Operator,D,Demand,25281,megawatthours
2023-06-14T17,CISO,California Independent System Operator,D,Demand,25747,megawatthours
2023-06-14T18,CISO,California Independent System Operator,D,Demand,25512,megawatthours
2023-06-14T19,CISO,California Independent System Operator,D,Demand,25142,megawatthours
2023-06-14T20,CISO,California Independent System Operator,D,Demand,24719,megawatthours
2023-06-14T21,CISO,California Independent System Operator,D,Demand,23919,megawatthours
2023-06-14T22,CISO,California Independent System Operator,D,Demand,23824,megawatthours
2023-06-14T23,CISO,California Independent System Operator,D,Demand,23898,megawatthours
2023-06-15T00,CISO,California Independent System Operator,D,Demand,25028,megawatthours
2023-06-15T01,CISO,California Independent System Operator,D,Demand,26228,megawatthours
2023-06-15T02,CISO,California Independent System Operator,D,Demand,27152,megawatthours
2023-06-15T03,CISO,California Independent System Operator,D,Demand,28427,megawatthours
2023-06-15T04,CISO,California Independent System Operator,D,Demand,29533,megawatthours
2023-06-15T05,CISO,California Independent System Operator,D,Demand,29955,megawatthours
2023-06-15T06,CISO,California Independent System Operator,D,Demand,29186,megawatthours
2023-06-15T07,CISO,California Independent System Operator,D,Demand,27487,megawatthours
2023-06-15T08,CISO,California Independent System Operator,D,Demand,25847,megawatthours
2023-06-15T09,CISO,California Independent System Operator,D,Demand,24590,megawatthours
2023-06-15T10,CISO,California Independent System Operator,D,Demand,23620,megawatthours
2023-06-15T11,CISO,California Independent System Operator,D,Demand,22967,megawatthours
2023-06-15T12,CISO,California Independent System Operator,D,Demand,22496,megawatthours
2023-06-15T13,CISO,California Independent System Operator,D,Demand,22616,megawatthours
2023-06-15T14,CISO,California Independent System Operator,D,Demand,23360,megawatthours
2023-06-15T15,CISO,California Independent System Operator,D,Demand,24196,megawatthours
2023-06-15T16,CISO,California Independent System Operator,D,Demand,25253,megawatthours
2023-06-15T17,CISO,California Independent System Operator,D,Demand,25194,megawatthours
2023-06-15T18,CISO,California Independent System Operator,D,Demand,25419,megawatthours
2023-06-15T19,CISO,California Independent System Operator,D,Demand,25405,megawatthours
2023-06-15T20,CISO,California Independent System Operator,D,Demand,24995,megawatthours
2023-06-15T21,CISO,California Independent System Operator,D,Demand,24641,megawatthours
2023-06-15T22,CISO,California Independent System Operator,D,Demand,24772,megawatthours
2023-06-15T23,CISO,California Independent System Operator,D,Demand,24919,megawatthours
2023-06-16T00,CISO,California Independent System Operator,D,Demand,25209,megawatthours
2023-06-16T01,CISO,California Independent System Operator,D,Demand,26382,megawatthours
2023-06-16T02,CISO,California Independent System Operator,D,Demand,27256,megawatthours
2023-06-16T03,CISO,California Independent System Operator,D,Demand,28503,megawatthours
2023-06-16T04,CISO,California Independent System Operator,D,Demand,29389,megawatthours
2023-06-16T05,CISO,California Independent System Operator,D,Demand,29637,megawatthours
2023-06-16T06,CISO,California Independent System Operator,D,Demand,29242,megawatthours
2023-06-16T07,CISO,California Independent System Operator,D,Demand,27539,megawatthours
2023-06-16T08,CISO,California Independent System Operator,D,Demand,25742,megawatthours
2023-06-16T09,CISO,California Independent System Operator,D,Demand,24577,megawatthours
2023-06-16T10,CISO,California Independent System Operator,D,Demand,23603,megawatthours
2023-06-16T11,CISO,California Independent System Operator,D,Demand,22880,megawatthours
2023-06-16T12,CISO,California Independent System Operator,D,Demand,22499,megawatthours
2023-06-16T13,CISO,California Independent System Operator,D,Demand,22760,megawatthours
2023-06-16T14,CISO,California Independent System Operator,D,Demand,23426,megawatthours
2023-06-16T15,CISO,California Independent System Operator,D,Demand,24014,megawatthours
2023-06-16T16,CISO,California Independent System Operator,D,Demand,24148,megawatthours
2023-06-16T17,CISO,California Independent System Operator,D,Demand,24996,megawatthours
2023-06-16T18,CISO,California Independent System Operator,D,Demand,25383,megawatthours
2023-06-16T19,CISO,California Independent System Operator,D,Demand,25004,megawatthours
2023-06-16T20,CISO,California Independent System Operator,D,Demand,24604,megawatthours
2023-06-16T21,CISO,California Independent System Operator,D,Demand,23996,megawatthours
2023-06-16T22,CISO,California Independent System Operator,D,Demand,24016,megawatthours
2023-06-16T23,CISO,California Independent System Operator,D,Demand,24454,megawatthours
2023-06-17T00,CISO,California Independent System Operator,D,Demand,25162,megawatthours
2023-06-17T01,CISO,California Independent System Operator,D,Demand,26371,megawatthours
2023-06-17T02,CISO,California Independent System Operator,D,Demand,28121,megawatthours
2023-06-17T03,CISO,California Independent System Operator,D,Demand,29554,megawatthours
2023-06-17T04,CISO,California Independent System Operator,D,Demand,30056,megawatthours
2023-06-17T05,CISO,California Independent System Operator,D,Demand,30068,megawatthours
2023-06-17T06,CISO,California Independent System Operator,D,Demand,29624,megawatthours
2023-06-17T07,CISO,California Independent System Operator,D,Demand,28014,megawatthours
2023-06-17T08,CISO,California Independent System Operator,D,Demand,26311,megawatthours
2023-06-17T09,CISO,California Independent System Operator,D,Demand,24908,megawatthours
2023-06-17T10,CISO,California Independent System Operator,D,Demand,23678,megawatthours
2023-06-17T11,CISO,California Independent System Operator,D,Demand,22864,megawatthours
2023-06-17T12,CISO,California Independent System Operator,D,Demand,22187,megawatthours
2023-06-17T13,CISO,California Independent System Operator,D,Demand,22005,megawatthours
2023-06-17T14,CISO,California Independent System Operator,D,Demand,22051,megawatthours
2023-06-17T15,CISO,California Independent System Operator,D,Demand,22086,megawatthours
2023-06-17T16,CISO,California Independent System Operator,D,Demand,22296,megawatthours
2023-06-17T17,CISO,California Independent System Operator,D,Demand,22871,megawatthours
2023-06-17T18,CISO,California Independent System Operator,D,Demand,22523,megawatthours
2023-06-17T19,CISO,California Independent System Operator,D,Demand,22351,megawatthours
2023-06-17T20,CISO,California Independent System Operator,D,Demand,21493,megawatthours
2023-06-17T21,CISO,California Independent System Operator,D,Demand,21689,megawatthours
2023-06-17T22,CISO,California Independent System Operator,D,Demand,21986,megawatthours
2023-06-17T23,CISO,California Independent System Operator,D,Demand,22863,megawatthours
2023-06-18T00,CISO,California Independent System Operator,D,Demand,24016,megawatthours
2023-06-18T01,CISO,California Independent System Operator,D,Demand,25361,megawatthours
2023-06-18T02,CISO,California Independent System Operator,D,Demand,27067,megawatthours
2023-06-18T03,CISO,California Independent System Operator,D,Demand,28668,megawatthours
2023-06-18T04,CISO,California Independent System Operator,D,Demand,29560,megawatthours
2023-06-18T05,CISO,California Independent System Operator,D,Demand,29615,megawatthours
2023-06-18T06,CISO,California Independent System Operator,D,Demand,28905,megawatthours
2023-06-18T07,CISO,California Independent System Operator,D,Demand,27276,megawatthours
2023-06-18T08,CISO,California Independent System Operator,D,Demand,25687,megawatthours
2023-06-18T09,CISO,California Independent System Operator,D,Demand,24410,megawatthours
2023-06-18T10,CISO,California Independent System Operator,D,Demand,23256,megawatthours
2023-06-18T11,CISO,California Independent System Operator,D,Demand,22371,megawatthours
2023-06-18T12,CISO,California Independent System Operator,D,Demand,21712,megawatthours
2023-06-18T13,CISO,California Independent System Operator,D,Demand,21282,megawatthours
2023-06-18T14,CISO,California Independent System Operator,D,Demand,21145,megawatthours
2023-06-18T15,CISO,California Independent System Operator,D,Demand,20778,megawatthours
2023-06-18T16,CISO,California Independent System Operator,D,Demand,21261,megawatthours
2023-06-18T17,CISO,California Independent System Operator,D,Demand,21589,megawatthours
2023-06-18T18,CISO,California Independent System Operator,D,Demand,21360,megawatthours
2023-06-18T19,CISO,California Independent System Operator,D,Demand,21185,megawatthours
2023-06-18T20,CISO,California Independent System Operator,D,Demand,20852,megawatthours
2023-06-18T21,CISO,California Independent System Operator,D,Demand,20110,megawatthours
2023-06-18T22,CISO,California Independent System Operator,D,Demand,19754,megawatthours
2023-06-18T23,CISO,California Independent System Operator,D,Demand,19992,megawatthours
2023-06-19T00,CISO,California Independent System Operator,D,Demand,20679,megawatthours
2023-06-19T01,CISO,California Independent System Operator,D,Demand,21802,megawatthours
2023-06-19T02,CISO,California Independent System Operator,D,Demand,23659,megawatthours
2023-06-19T03,CISO,California Independent System Operator,D,Demand,25332,megawatthours
2023-06-19T04,CISO,California Independent System Operator,D,Demand,26545,megawatthours
2023-06-19T05,CISO,California Independent System Operator,D,Demand,26862,megawatthours
2023-06-19T06,CISO,California Independent System Operator,D,Demand,26638,megawatthours
2023-06-19T07,CISO,California Independent System Operator,D,Demand,25309,megawatthours
2023-06-19T08,CISO,California Independent System Operator,D,Demand,23726,megawatthours
2023-06-19T09,CISO,California Independent System Operator,D,Demand,22886,megawatthours
2023-06-19T10,CISO,California Independent System Operator,D,Demand,22122,megawatthours
2023-06-19T11,CISO,California Independent System Operator,D,Demand,21321,megawatthours
2023-06-19T12,CISO,California Independent System Operator,D,Demand,21068,megawatthours
2023-06-19T13,CISO,California Independent System Operator,D,Demand,21339,megawatthours
2023-06-19T14,CISO,California Independent System Operator,D,Demand,22052,megawatthours
2023-06-19T15,CISO,California Independent System Operator,D,Demand,22818,megawatthours
2023-06-19T16,CISO,California Independent System Operator,D,Demand,23654,megawatthours
2023-06-19T17,CISO,California Independent System Operator,D,Demand,24174,megawatthours
2023-06-19T18,CISO,California Independent System Operator,D,Demand,23687,megawatthours
2023-06-19T19,CISO,California Independent System Operator,D,Demand,23283,megawatthours
2023-06-19T20,CISO,California Independent System Operator,D,Demand,22189,megawatthours
2023-06-19T21,CISO,California Independent System Operator,D,Demand,21343,megawatthours
2023-06-19T22,CISO,California Independent System Operator,D,Demand,21165,megawatthours
2023-06-19T23,CISO,California Independent System Operator,D,Demand,21127,megawatthours
2023-06-20T00,CISO,California Independent System Operator,D,Demand,21493,megawatthours
2023-06-20T01,CISO,California Independent System Operator,D,Demand,22997,megawatthours
2023-06-20T02,CISO,California Independent System Operator,D,Demand,24601,megawatthours
2023-06-20T03,CISO,California Independent System Operator,D,Demand,26352,megawatthours
2023-06-20T04,CISO,California Independent System Operator,D,Demand,27293,megawatthours
2023-06-20T05,CISO,California Independent System Operator,D,Demand,28130,megawatthours
2023-06-20T06,CISO,California Independent System Operator,D,Demand,27821,megawatthours
2023-06-20T07,CISO,California Independent System Operator,D,Demand,26220,megawatthours
2023-06-20T08,CISO,California Independent System Operator,D,Demand,24600,megawatthours
2023-06-20T09,CISO,California Independent System Operator,D,Demand,23563,megawatthours
2023-06-20T10,CISO,California Independent System Operator,D,Demand,22556,megawatthours
2023-06-20T11,CISO,California Independent System Operator,D,Demand,22094,megawatthours
2023-06-20T12,CISO,California Independent System Operator,D,Demand,21825,megawatthours
2023-06-20T13,CISO,California Independent System Operator,D,Demand,21728,megawatthours
2023-06-20T14,CISO,California Independent System Operator,D,Demand,22548,megawatthours
2023-06-20T15,CISO,California Independent System Operator,D,Demand,23179,megawatthours
2023-06-20T16,CISO,California Independent System Operator,D,Demand,23449,megawatthours
2023-06-20T17,CISO,California Independent System Operator,D,Demand,23091,megawatthours
2023-06-20T18,CISO,California Independent System Operator,D,Demand,22771,megawatthours
2023-06-20T19,CISO,California Independent System Operator,D,Demand,22145,megawatthours
2023-06-20T20,CISO,California Independent System Operator,D,Demand,21531,megawatthours
2023-06-20T21,CISO,California Independent System Operator,D,Demand,21586,megawatthours
2023-06-20T22,CISO,California Independent System Operator,D,Demand,21634,megawatthours
2023-06-20T23,CISO,California Independent System Operator,D,Demand,22015,megawatthours
2023-06-21T00,CISO,California Independent System Operator,D,Demand,22602,megawatthours
2023-06-21T01,CISO,California Independent System Operator,D,Demand,23563,megawatthours
2023-06-21T02,CISO,California Independent System Operator,D,Demand,25063,megawatthours
2023-06-21T03,CISO,California Independent System Operator,D,Demand,26748,megawatthours
2023-06-21T04,CISO,California Independent System Operator,D,Demand,27789,megawatthours
2023-06-21T05,CISO,California Independent System Operator,D,Demand,28397,megawatthours
2023-06-21T06,CISO,California Independent System Operator,D,Demand,28111,megawatthours
2023-06-21T07,CISO,California Independent System Operator,D,Demand,26379,megawatthours
2023-06-21T08,CISO,California Independent System Operator,D,Demand,24547,megawatthours
2023-06-21T09,CISO,California Independent System Operator,D,Demand,23434,megawatthours
2023-06-21T10,CISO,California Independent System Operator,D,Demand,22397,megawatthours
2023-06-21T11,CISO,California Independent System Operator,D,Demand,21781,megawatthours
2023-06-21T12,CISO,California Independent System Operator,D,Demand,21381,megawatthours
2023-06-21T13,CISO,California Independent System Operator,D,Demand,21729,megawatthours
2023-06-21T14,CISO,California Independent System Operator,D,Demand,22510,megawatthours
2023-06-21T15,CISO,California Independent System Operator,D,Demand,23347,megawatthours
2023-06-21T16,CISO,California Independent System Operator,D,Demand,23931,megawatthours
2023-06-21T17,CISO,California Independent System Operator,D,Demand,23892,megawatthours
2023-06-21T18,CISO,California Independent System Operator,D,Demand,23166,megawatthours
2023-06-21T19,CISO,California Independent System Operator,D,Demand,22610,megawatthours
2023-06-21T20,CISO,California Independent System Operator,D,Demand,22171,megawatthours
2023-06-21T21,CISO,California Independent System Operator,D,Demand,22276,megawatthours
2023-06-21T22,CISO,California Independent System Operator,D,Demand,22091,megawatthours
2023-06-21T23,CISO,California Independent System Operator,D,Demand,22196,megawatthours
2023-06-22T00,CISO,California Independent System Operator,D,Demand,22883,megawatthours
2023-06-22T01,CISO,California Independent System Operator,D,Demand,24058,megawatthours
2023-06-22T02,CISO,California Independent System Operator,D,Demand,25753,megawatthours
2023-06-22T03,CISO,California Independent System Operator,D,Demand,27586,megawatthours
2023-06-22T04,CISO,California Independent System Operator,D,Demand,28426,megawatthours
2023-06-22T05,CISO,California Independent System Operator,D,Demand,28778,megawatthours
2023-06-22T06,CISO,California Independent System Operator,D,Demand,28359,megawatthours
2023-06-22T07,CISO,California Independent System Operator,D,Demand,26677,megawatthours
2023-06-22T08,CISO,California Independent System Operator,D,Demand,24953,megawatthours
2023-06-22T09,CISO,California Independent System Operator,D,Demand,23830,megawatthours
2023-06-22T10,CISO,California Independent System Operator,D,Demand,22829,megawatthours
2023-06-22T11,CISO,California Independent System Operator,D,Demand,22058,megawatthours
2023-06-22T12,CISO,California Independent System Operator,D,Demand,21742,megawatthours
2023-06-22T13,CISO,California Independent System Operator,D,Demand,21913,megawatthours
2023-06-22T14,CISO,California Independent System Operator,D,Demand,22601,megawatthours
2023-06-22T15,CISO,California Independent System Operator,D,Demand,23494,megawatthours
2023-06-22T16,CISO,California Independent System Operator,D,Demand,23860,megawatthours
2023-06-22T17,CISO,California Independent System Operator,D,Demand,24333,megawatthours
2023-06-22T18,CISO,California Independent System Operator,D,Demand,24548,megawatthours
2023-06-22T19,CISO,California Independent System Operator,D,Demand,23811,megawatthours
2023-06-22T20,CISO,California Independent System Operator,D,Demand,22861,megawatthours
2023-06-22T21,CISO,California Independent System Operator,D,Demand,22329,megawatthours
2023-06-22T22,CISO,California Independent System Operator,D,Demand,22190,megawatthours
2023-06-22T23,CISO,California Independent System Operator,D,Demand,21957,megawatthours
2023-06-23T00,CISO,California Independent System Operator,D,Demand,22426,megawatthours
2023-06-23T01,CISO,California Independent System Operator,D,Demand,23696,megawatthours
2023-06-23T02,CISO,California Independent System Operator,D,Demand,24817,megawatthours
2023-06-23T03,CISO,California Independent System Operator,D,Demand,25879,megawatthours
2023-06-23T04,CISO,California Independent System Operator,D,Demand,26761,megawatthours
2023-06-23T05,CISO,California Independent System Operator,D,Demand,27705,megawatthours
2023-06-23T06,CISO,California Independent System Operator,D,Demand,27402,megawatthours
2023-06-23T07,CISO,California Independent System Operator,D,Demand,26086,megawatthours
2023-06-23T08,CISO,California Independent System Operator,D,Demand,24424,megawatthours
2023-06-23T09,CISO,California Independent System Operator,D,Demand,23545,megawatthours
2023-06-23T10,CISO,California Independent System Operator,D,Demand,22809,megawatthours
2023-06-23T11,CISO,California Independent System Operator,D,Demand,22558,megawatthours
2023-06-23T12,CISO,California Independent System Operator,D,Demand,21696,megawatthours
2023-06-23T13,CISO,California Independent System Operator,D,Demand,21739,megawatthours
2023-06-23T14,CISO,California Independent System Operator,D,Demand,22414,megawatthours
2023-06-23T15,CISO,California Independent System Operator,D,Demand,22972,megawatthours
2023-06-23T16,CISO,California Independent System Operator,D,Demand,23236,megawatthours
2023-06-23T17,CISO,California Independent System Operator,D,Demand,23756,megawatthours
2023-06-23T18,CISO,California Independent System Operator,D,Demand,23352,megawatthours
2023-06-23T19,CISO,California Independent System Operator,D,Demand,23050,megawatthours
2023-06-23T20,CISO,California Independent System Operator,D,Demand,22211,megawatthours
2023-06-23T21,CISO,California Independent System Operator,D,Demand,21041,megawatthours
2023-06-23T22,CISO,California Independent System Operator,D,Demand,20704,megawatthours
2023-06-23T23,CISO,California Independent System Operator,D,Demand,20530,megawatthours
2023-06-24T00,CISO,California Independent System Operator,D,Demand,21472,megawatthours
2023-06-24T01,CISO,California Independent System Operator,D,Demand,22895,megawatthours
2023-06-24T02,CISO,California Independent System Operator,D,Demand,24507,megawatthours
2023-06-24T03,CISO,California Independent System Operator,D,Demand,25864,megawatthours
2023-06-24T04,CISO,California Independent System Operator,D,Demand,26746,megawatthours
2023-06-24T05,CISO,California Independent System Operator,D,Demand,27336,megawatthours
2023-06-24T06,CISO,California Independent System Operator,D,Demand,27122,megawatthours
2023-06-24T07,CISO,California Independent System Operator,D,Demand,25854,megawatthours
2023-06-24T08,CISO,California Independent System Operator,D,Demand,24414,megawatthours
2023-06-24T09,CISO,California Independent System Operator,D,Demand,23400,megawatthours
2023-06-24T10,CISO,California Independent System Operator,D,Demand,22352,megawatthours
2023-06-24T11,CISO,California Independent System Operator,D,Demand,21647,megawatthours
2023-06-24T12,CISO,California Independent System Operator,D,Demand,21157,megawatthours
2023-06-24T13,CISO,California Independent System Operator,D,Demand,20960,megawatthours
2023-06-24T14,CISO,California Independent System Operator,D,Demand,21059,megawatthours
2023-06-24T15,CISO,California Independent System Operator,D,Demand,20845,megawatthours
2023-06-24T16,CISO,California Independent System Operator,D,Demand,21121,megawatthours
2023-06-24T17,CISO,California Independent System Operator,D,Demand,21892,megawatthours
2023-06-24T18,CISO,California Independent System Operator,D,Demand,21170,megawatthours
2023-06-24T19,CISO,California Independent System Operator,D,Demand,20513,megawatthours
2023-06-24T20,CISO,California Independent System Operator,D,Demand,19629,megawatthours
2023-06-24T21,CISO,California Independent System Operator,D,Demand,19063,megawatthours
2023-06-24T22,CISO,California Independent System Operator,D,Demand,18648,megawatthours
2023-06-24T23,CISO,California Independent System Operator,D,Demand,18675,megawatthours
2023-06-25T00,CISO,California Independent System Operator,D,Demand,19195,megawatthours
2023-06-25T01,CISO,California Independent System Operator,D,Demand,20736,megawatthours
2023-06-25T02,CISO,California Independent System Operator,D,Demand,22648,megawatthours
2023-06-25T03,CISO,California Independent System Operator,D,Demand,24633,megawatthours
2023-06-25T04,CISO,California Independent System Operator,D,Demand,25953,megawatthours
2023-06-25T05,CISO,California Independent System Operator,D,Demand,26479,megawatthours
2023-06-25T06,CISO,California Independent System Operator,D,Demand,26347,megawatthours
2023-06-25T07,CISO,California Independent System Operator,D,Demand,25229,megawatthours
2023-06-25T08,CISO,California Independent System Operator,D,Demand,23892,megawatthours
2023-06-25T09,CISO,California Independent System Operator,D,Demand,22894,megawatthours
2023-06-25T10,CISO,California Independent System Operator,D,Demand,21789,megawatthours
2023-06-25T11,CISO,California Independent System Operator,D,Demand,20932,megawatthours
2023-06-25T12,CISO,California Independent System Operator,D,Demand,20454,megawatthours
2023-06-25T13,CISO,California Independent System Operator,D,Demand,20229,megawatthours
2023-06-25T14,CISO,California Independent System Operator,D,Demand,20174,megawatthours
2023-06-25T15,CISO,California Independent System Operator,D,Demand,19779,megawatthours
2023-06-25T16,CISO,California Independent System Operator,D,Demand,19526,megawatthours
2023-06-25T17,CISO,California Independent System Operator,D,Demand,20127,megawatthours
2023-06-25T18,CISO,California Independent System Operator,D,Demand,19706,megawatthours
2023-06-25T19,CISO,California Independent System Operator,D,Demand,18933,megawatthours
2023-06-25T20,CISO,California Independent System Operator,D,Demand,18217,megawatthours
2023-06-25T21,CISO,California Independent System Operator,D,Demand,17753,megawatthours
2023-06-25T22,CISO,California Independent System Operator,D,Demand,17453,megawatthours
2023-06-25T23,CISO,California Independent System Operator,D,Demand,17741,megawatthours
2023-06-26T00,CISO,California Independent System Operator,D,Demand,18710,megawatthours
2023-06-26T01,CISO,California Independent System Operator,D,Demand,20540,megawatthours
2023-06-26T02,CISO,California Independent System Operator,D,Demand,22614,megawatthours
2023-06-26T03,CISO,California Independent System Operator,D,Demand,24938,megawatthours
2023-06-26T04,CISO,California Independent System Operator,D,Demand,26137,megawatthours
2023-06-26T05,CISO,California Independent System Operator,D,Demand,26658,megawatthours
2023-06-26T06,CISO,California Independent System Operator,D,Demand,26402,megawatthours
2023-06-26T07,CISO,California Independent System Operator,D,Demand,25112,megawatthours
2023-06-26T08,CISO,California Independent System Operator,D,Demand,23438,megawatthours
2023-06-26T09,CISO,California Independent System Operator,D,Demand,22839,megawatthours
2023-06-26T10,CISO,California Independent System Operator,D,Demand,21956,megawatthours
2023-06-26T11,CISO,California Independent System Operator,D,Demand,21324,megawatthours
2023-06-26T12,CISO,California Independent System Operator,D,Demand,20929,megawatthours
2023-06-26T13,CISO,California Independent System Operator,D,Demand,21187,megawatthours
2023-06-26T14,CISO,California Independent System Operator,D,Demand,21919,megawatthours
2023-06-26T15,CISO,California Independent System Operator,D,Demand,22942,megawatthours
2023-06-26T16,CISO,California Independent System Operator,D,Demand,23488,megawatthours
2023-06-26T17,CISO,California Independent System Operator,D,Demand,23513,megawatthours
2023-06-26T18,CISO,California Independent System Operator,D,Demand,23176,megawatthours
2023-06-26T19,CISO,California Independent System Operator,D,Demand,22294,megawatthours
2023-06-26T20,CISO,California Independent System Operator,D,Demand,22134,megawatthours
2023-06-26T21,CISO,California Independent System Operator,D,Demand,22202,megawatthours
2023-06-26T22,CISO,California Independent System Operator,D,Demand,22528,megawatthours
2023-06-26T23,CISO,California Independent System Operator,D,Demand,22957,megawatthours
2023-06-27T00,CISO,California Independent System Operator,D,Demand,23959,megawatthours
2023-06-27T01,CISO,California Independent System Operator,D,Demand,25285,megawatthours
2023-06-27T02,CISO,California Independent System Operator,D,Demand,26394,megawatthours
2023-06-27T03,CISO,California Independent System Operator,D,Demand,27680,megawatthours
2023-06-27T04,CISO,California Independent System Operator,D,Demand,28483,megawatthours
2023-06-27T05,CISO,California Independent System Operator,D,Demand,28727,megawatthours
2023-06-27T06,CISO,California Independent System Operator,D,Demand,28141,megawatthours
2023-06-27T07,CISO,California Independent System Operator,D,Demand,26605,megawatthours
2023-06-27T08,CISO,California Independent System Operator,D,Demand,25016,megawatthours
2023-06-27T09,CISO,California Independent System Operator,D,Demand,24064,megawatthours
2023-06-27T10,CISO,California Independent System Operator,D,Demand,23035,megawatthours
2023-06-27T11,CISO,California Independent System Operator,D,Demand,22121,megawatthours
2023-06-27T12,CISO,California Independent System Operator,D,Demand,21823,megawatthours
2023-06-27T13,CISO,California Independent System Operator,D,Demand,21998,megawatthours
2023-06-27T14,CISO,California Independent System Operator,D,Demand,22717,megawatthours
2023-06-27T15,CISO,California Independent System Operator,D,Demand,23547,megawatthours
2023-06-27T16,CISO,California Independent System Operator,D,Demand,23900,megawatthours
2023-06-27T17,CISO,California Independent System Operator,D,Demand,24266,megawatthours
2023-06-27T18,CISO,California Independent System Operator,D,Demand,23992,megawatthours
2023-06-27T19,CISO,California Independent System Operator,D,Demand,23374,megawatthours
2023-06-27T20,CISO,California Independent System Operator,D,Demand,23049,megawatthours
2023-06-27T21,CISO,California Independent System Operator,D,Demand,22590,megawatthours
2023-06-27T22,CISO,California Independent System Operator,D,Demand,22741,megawatthours
2023-06-27T23,CISO,California Independent System Operator,D,Demand,23197,megawatthours
2023-06-28T00,CISO,California Independent System Operator,D,Demand,24369,megawatthours
2023-06-28T01,CISO,California Independent System Operator,D,Demand,25804,megawatthours
2023-06-28T02,CISO,California Independent System Operator,D,Demand,27260,megawatthours
2023-06-28T03,CISO,California Independent System Operator,D,Demand,28655,megawatthours
2023-06-28T04,CISO,California Independent System Operator,D,Demand,29558,megawatthours
2023-06-28T05,CISO,California Independent System Operator,D,Demand,29851,megawatthours
2023-06-28T06,CISO,California Independent System Operator,D,Demand,29311,megawatthours
2023-06-28T07,CISO,California Independent System Operator,D,Demand,27643,megawatthours
2023-06-28T08,CISO,California Independent System Operator,D,Demand,25683,megawatthours
2023-06-28T09,CISO,California Independent System Operator,D,Demand,24416,megawatthours
2023-06-28T10,CISO,California Independent System Operator,D,Demand,23230,megawatthours
2023-06-28T11,CISO,California Independent System Operator,D,Demand,22434,megawatthours
2023-06-28T12,CISO,California Independent System Operator,D,Demand,21954,megawatthours
2023-06-28T13,CISO,California Independent System Operator,D,Demand,22172,megawatthours
2023-06-28T14,CISO,California Independent System Operator,D,Demand,22982,megawatthours
2023-06-28T15,CISO,California Independent System Operator,D,Demand,23835,megawatthours
2023-06-28T16,CISO,California Independent System Operator,D,Demand,24606,megawatthours
2023-06-28T17,CISO,California Independent System Operator,D,Demand,25543,megawatthours
2023-06-28T18,CISO,California Independent System Operator,D,Demand,25411,megawatthours
2023-06-28T19,CISO,California Independent System Operator,D,Demand,24449,megawatthours
2023-06-28T20,CISO,California Independent System Operator,D,Demand,23624,megawatthours
2023-06-28T21,CISO,California Independent System Operator,D,Demand,23617,megawatthours
2023-06-28T22,CISO,California Independent System Operator,D,Demand,23460,megawatthours
2023-06-28T23,CISO,California Independent System Operator,D,Demand,23505,megawatthours
2023-06-29T00,CISO,California Independent System Operator,D,Demand,24660,megawatthours
2023-06-29T01,CISO,California Independent System Operator,D,Demand,25986,megawatthours
2023-06-29T02,CISO,California Independent System Operator,D,Demand,27395,megawatthours
2023-06-29T03,CISO,California Independent System Operator,D,Demand,29035,megawatthours
2023-06-29T04,CISO,California Independent System Operator,D,Demand,29969,megawatthours
2023-06-29T05,CISO,California Independent System Operator,D,Demand,30239,megawatthours
2023-06-29T06,CISO,California Independent System Operator,D,Demand,29560,megawatthours
2023-06-29T07,CISO,California Independent System Operator,D,Demand,27753,megawatthours
2023-06-29T08,CISO,California Independent System Operator,D,Demand,25873,megawatthours
2023-06-29T09,CISO,California Independent System Operator,D,Demand,24772,megawatthours
2023-06-29T10,CISO,California Independent System Operator,D,Demand,23987,megawatthours
2023-06-29T11,CISO,California Independent System Operator,D,Demand,23391,megawatthours
2023-06-29T12,CISO,California Independent System Operator,D,Demand,22700,megawatthours
2023-06-29T13,CISO,California Independent System Operator,D,Demand,22636,megawatthours
2023-06-29T14,CISO,California Independent System Operator,D,Demand,23318,megawatthours
2023-06-29T15,CISO,California Independent System Operator,D,Demand,24004,megawatthours
2023-06-29T16,CISO,California Independent System Operator,D,Demand,24691,megawatthours
2023-06-29T17,CISO,California Independent System Operator,D,Demand,25605,megawatthours
2023-06-29T18,CISO,California Independent System Operator,D,Demand,25399,megawatthours
2023-06-29T19,CISO,California Independent System Operator,D,Demand,24584,megawatthours
2023-06-29T20,CISO,California Independent System Operator,D,Demand,23697,megawatthours
2023-06-29T21,CISO,California Independent System Operator,D,Demand,23895,megawatthours
2023-06-29T22,CISO,California Independent System Operator,D,Demand,24652,megawatthours
2023-06-29T23,CISO,California Independent System Operator,D,Demand,26066,megawatthours
2023-06-30T00,CISO,California Independent System Operator,D,Demand,27331,megawatthours
2023-06-30T01,CISO,California Independent System Operator,D,Demand,29154,megawatthours
2023-06-30T02,CISO,California Independent System Operator,D,Demand,31109,megawatthours
2023-06-30T03,CISO,California Independent System Operator,D,Demand,32415,megawatthours
2023-06-30T04,CISO,California Independent System Operator,D,Demand,32848,megawatthours
2023-06-30T05,CISO,California Independent System Operator,D,Demand,32567,megawatthours
2023-06-30T06,CISO,California Independent System Operator,D,Demand,31873,megawatthours
2023-06-30T07,CISO,California Independent System Operator,D,Demand,29830,megawatthours
2023-06-30T08,CISO,California Independent System Operator,D,Demand,27519,megawatthours
2023-06-30T09,CISO,California Independent System Operator,D,Demand,25955,megawatthours
2023-06-30T10,CISO,California Independent System Operator,D,Demand,25079,megawatthours
2023-06-30T11,CISO,California Independent System Operator,D,Demand,24294,megawatthours
2023-06-30T12,CISO,California Independent System Operator,D,Demand,24018,megawatthours
2023-06-30T13,CISO,California Independent System Operator,D,Demand,23194,megawatthours
2023-06-30T14,CISO,California Independent System Operator,D,Demand,23713,megawatthours
2023-06-30T15,CISO,California Independent System Operator,D,Demand,24584,megawatthours
2023-06-30T16,CISO,California Independent System Operator,D,Demand,25876,megawatthours
2023-06-30T17,CISO,California Independent System Operator,D,Demand,27254,megawatthours
2023-06-30T18,CISO,California Independent System Operator,D,Demand,27121,megawatthours
2023-06-30T19,CISO,California Independent System Operator,D,Demand,26616,megawatthours
2023-06-30T20,CISO,California Independent System Operator,D,Demand,26451,megawatthours
2023-06-30T21,CISO,California Independent System Operator,D,Demand,27425,megawatthours
2023-06-30T22,CISO,California Independent System Operator,D,Demand,28217,megawatthours
2023-06-30T23,CISO,California Independent System Operator,D,Demand,29613,megawatthours
2023-07-01T00,CISO,California Independent System Operator,D,Demand,31720,megawatthours
2023-07-01T01,CISO,California Independent System Operator,D,Demand,33235,megawatthours
2023-07-01T02,CISO,California Independent System Operator,D,Demand,34678,megawatthours
2023-07-01T03,CISO,California Independent System Operator,D,Demand,35566,megawatthours
2023-07-01T04,CISO,California Independent System Operator,D,Demand,35469,megawatthours
2023-07-01T05,CISO,California Independent System Operator,D,Demand,34786,megawatthours
2023-07-01T06,CISO,California Independent System Operator,D,Demand,33835,megawatthours
2023-07-01T07,CISO,California Independent System Operator,D,Demand,31558,megawatthours
2023-07-01T08,CISO,California Independent System Operator,D,Demand,29283,megawatthours
2023-07-01T09,CISO,California Independent System Operator,D,Demand,27481,megawatthours
2023-07-01T10,CISO,California Independent System Operator,D,Demand,26158,megawatthours
2023-07-01T11,CISO,California Independent System Operator,D,Demand,24875,megawatthours
2023-07-01T12,CISO,California Independent System Operator,D,Demand,23908,megawatthours
2023-07-01T13,CISO,California Independent System Operator,D,Demand,23135,megawatthours
2023-07-01T14,CISO,California Independent System Operator,D,Demand,23082,megawatthours
2023-07-01T15,CISO,California Independent System Operator,D,Demand,23156,megawatthours
2023-07-01T16,CISO,California Independent System Operator,D,Demand,24224,megawatthours
2023-07-01T17,CISO,California Independent System Operator,D,Demand,25268,megawatthours
2023-07-01T18,CISO,California Independent System Operator,D,Demand,25464,megawatthours
2023-07-01T19,CISO,California Independent System Operator,D,Demand,25488,megawatthours
2023-07-01T20,CISO,California Independent System Operator,D,Demand,25743,megawatthours
2023-07-01T21,CISO,California Independent System Operator,D,Demand,26270,megawatthours
2023-07-01T22,CISO,California Independent System Operator,D,Demand,27727,megawatthours
2023-07-01T23,CISO,California Independent System Operator,D,Demand,29267,megawatthours
2023-07-02T00,CISO,California Independent System Operator,D,Demand,31375,megawatthours
2023-07-02T01,CISO,California Independent System Operator,D,Demand,32898,megawatthours
2023-07-02T02,CISO,California Independent System Operator,D,Demand,34665,megawatthours
2023-07-02T03,CISO,California Independent System Operator,D,Demand,35936,megawatthours
2023-07-02T04,CISO,California Independent System Operator,D,Demand,35914,megawatthours
2023-07-02T05,CISO,California Independent System Operator,D,Demand,35018,megawatthours
2023-07-02T06,CISO,California Independent System Operator,D,Demand,33790,megawatthours
2023-07-02T07,CISO,California Independent System Operator,D,Demand,31673,megawatthours
2023-07-02T08,CISO,California Independent System Operator,D,Demand,29287,megawatthours
2023-07-02T09,CISO,California Independent System Operator,D,Demand,27537,megawatthours
2023-07-02T10,CISO,California Independent System Operator,D,Demand,25890,megawatthours
2023-07-02T11,CISO,California Independent System Operator,D,Demand,24682,megawatthours
2023-07-02T12,CISO,California Independent System Operator,D,Demand,23552,megawatthours
2023-07-02T13,CISO,California Independent System Operator,D,Demand,23031,megawatthours
2023-07-02T14,CISO,California Independent System Operator,D,Demand,22731,megawatthours
2023-07-02T15,CISO,California Independent System Operator,D,Demand,22537,megawatthours
2023-07-02T16,CISO,California Independent System Operator,D,Demand,23739,megawatthours
2023-07-02T17,CISO,California Independent System Operator,D,Demand,24887,megawatthours
2023-07-02T18,CISO,California Independent System Operator,D,Demand,24811,megawatthours
2023-07-02T19,CISO,California Independent System Operator,D,Demand,24549,megawatthours
2023-07-02T20,CISO,California Independent System Operator,D,Demand,24998,megawatthours
2023-07-02T21,CISO,California Independent System Operator,D,Demand,25718,megawatthours
2023-07-02T22,CISO,California Independent System Operator,D,Demand,27064,megawatthours
2023-07-02T23,CISO,California Independent System Operator,D,Demand,28895,megawatthours
2023-07-03T00,CISO,California Independent System Operator,D,Demand,30760,megawatthours
2023-07-03T01,CISO,California Independent System Operator,D,Demand,32254,megawatthours
2023-07-03T02,CISO,California Independent System Operator,D,Demand,33959,megawatthours
2023-07-03T03,CISO,California Independent System Operator,D,Demand,35393,megawatthours
2023-07-03T04,CISO,California Independent System Operator,D,Demand,35484,megawatthours
2023-07-03T05,CISO,California Independent System Operator,D,Demand,34583,megawatthours
2023-07-03T06,CISO,California Independent System Operator,D,Demand,33575,megawatthours
2023-07-03T07,CISO,California Independent System Operator,D,Demand,31181,megawatthours
2023-07-03T08,CISO,California Independent System Operator,D,Demand,28636,megawatthours
2023-07-03T09,CISO,California Independent System Operator,D,Demand,26727,megawatthours
2023-07-03T10,CISO,California Independent System Operator,D,Demand,25369,megawatthours
2023-07-03T11,CISO,California Independent System Operator,D,Demand,24620,megawatthours
2023-07-03T12,CISO,California Independent System Operator,D,Demand,23862,megawatthours
2023-07-03T13,CISO,California Independent System Operator,D,Demand,23568,megawatthours
2023-07-03T14,CISO,California Independent System Operator,D,Demand,23793,megawatthours
2023-07-03T15,CISO,California Independent System Operator,D,Demand,24410,megawatthours
2023-07-03T16,CISO,California Independent System Operator,D,Demand,26415,megawatthours
2023-07-03T17,CISO,California Independent System Operator,D,Demand,27564,megawatthours
2023-07-03T18,CISO,California Independent System Operator,D,Demand,27451,megawatthours
2023-07-03T19,CISO,California Independent System Operator,D,Demand,27796,megawatthours
2023-07-03T20,CISO,California Independent System Operator,D,Demand,27873,megawatthours
2023-07-03T21,CISO,California Independent System Operator,D,Demand,27968,megawatthours
2023-07-03T22,CISO,California Independent System Operator,D,Demand,28456,megawatthours
2023-07-03T23,CISO,California Independent System Operator,D,Demand,29552,megawatthours
2023-07-04T00,CISO,California Independent System Operator,D,Demand,31320,megawatthours
2023-07-04T01,CISO,California Independent System Operator,D,Demand,32801,megawatthours
2023-07-04T02,CISO,California Independent System Operator,D,Demand,34192,megawatthours
2023-07-04T03,CISO,California Independent System Operator,D,Demand,35040,megawatthours
2023-07-04T04,CISO,California Independent System Operator,D,Demand,34415,megawatthours
2023-07-04T05,CISO,California Independent System Operator,D,Demand,33385,megawatthours
2023-07-04T06,CISO,California Independent System Operator,D,Demand,32140,megawatthours
2023-07-04T07,CISO,California Independent System Operator,D,Demand,30291,megawatthours
2023-07-04T08,CISO,California Independent System Operator,D,Demand,27983,megawatthours
2023-07-04T09,CISO,California Independent System Operator,D,Demand,26017,megawatthours
2023-07-04T10,CISO,California Independent System Operator,D,Demand,24511,megawatthours
2023-07-04T11,CISO,California Independent System Operator,D,Demand,23423,megawatthours
2023-07-04T12,CISO,California Independent System Operator,D,Demand,22787,megawatthours
2023-07-04T13,CISO,California Independent System Operator,D,Demand,22394,megawatthours
2023-07-04T14,CISO,California Independent System Operator,D,Demand,22352,megawatthours
2023-07-04T15,CISO,California Independent System Operator,D,Demand,22759,megawatthours
2023-07-04T16,CISO,California Independent System Operator,D,Demand,23044,megawatthours
2023-07-04T17,CISO,California Independent System Operator,D,Demand,23883,megawatthours
2023-07-04T18,CISO,California Independent System Operator,D,Demand,23056,megawatthours
2023-07-04T19,CISO,California Independent System Operator,D,Demand,22470,megawatthours
2023-07-04T20,CISO,California Independent System Operator,D,Demand,22157,megawatthours
2023-07-04T21,CISO,California Independent System Operator,D,Demand,22348,megawatthours
2023-07-04T22,CISO,California Independent System Operator,D,Demand,23149,megawatthours
2023-07-04T23,CISO,California Independent System Operator,D,Demand,24309,megawatthours
2023-07-05T00,CISO,California Independent System Operator,D,Demand,25741,megawatthours
2023-07-05T01,CISO,California Independent System Operator,D,Demand,27066,megawatthours
2023-07-05T02,CISO,California Independent System Operator,D,Demand,28986,megawatthours
2023-07-05T03,CISO,California Independent System Operator,D,Demand,30264,megawatthours
2023-07-05T04,CISO,California Independent System Operator,D,Demand,30263,megawatthours
2023-07-05T05,CISO,California Independent System Operator,D,Demand,29704,megawatthours
2023-07-05T06,CISO,California Independent System Operator,D,Demand,28759,megawatthours
2023-07-05T07,CISO,California Independent System Operator,D,Demand,27598,megawatthours
2023-07-05T08,CISO,California Independent System Operator,D,Demand,26071,megawatthours
2023-07-05T09,CISO,California Independent System Operator,D,Demand,24689,megawatthours
2023-07-05T10,CISO,California Independent System Operator,D,Demand,23495,megawatthours
2023-07-05T11,CISO,California Independent System Operator,D,Demand,23151,megawatthours
2023-07-05T12,CISO,California Independent System Operator,D,Demand,22762,megawatthours
2023-07-05T13,CISO,California Independent System Operator,D,Demand,22826,megawatthours
2023-07-05T14,CISO,California Independent System Operator,D,Demand,23038,megawatthours
2023-07-05T15,CISO,California Independent System Operator,D,Demand,23791,megawatthours
2023-07-05T16,CISO,California Independent System Operator,D,Demand,24662,megawatthours
2023-07-05T17,CISO,California Independent System Operator,D,Demand,25378,megawatthours
2023-07-05T18,CISO,California Independent System Operator,D,Demand,25145,megawatthours
2023-07-05T19,CISO,California Independent System Operator,D,Demand,24915,megawatthours
2023-07-05T20,CISO,California Independent System Operator,D,Demand,24707,megawatthours
2023-07-05T21,CISO,California Independent System Operator,D,Demand,24995,megawatthours
2023-07-05T22,CISO,California Independent System Operator,D,Demand,25658,megawatthours
2023-07-05T23,CISO,California Independent System Operator,D,Demand,26797,megawatthours
2023-07-06T00,CISO,California Independent System Operator,D,Demand,28208,megawatthours
2023-07-06T01,CISO,California Independent System Operator,D,Demand,29940,megawatthours
2023-07-06T02,CISO,California Independent System Operator,D,Demand,31419,megawatthours
2023-07-06T03,CISO,California Independent System Operator,D,Demand,32562,megawatthours
2023-07-06T04,CISO,California Independent System Operator,D,Demand,32597,megawatthours
2023-07-06T05,CISO,California Independent System Operator,D,Demand,32032,megawatthours
2023-07-06T06,CISO,California Independent System Operator,D,Demand,31232,megawatthours
2023-07-06T07,CISO,California Independent System Operator,D,Demand,29254,megawatthours
2023-07-06T08,CISO,California Independent System Operator,D,Demand,26916,megawatthours
2023-07-06T09,CISO,California Independent System Operator,D,Demand,25351,megawatthours
2023-07-06T10,CISO,California Independent System Operator,D,Demand,24206,megawatthours
2023-07-06T11,CISO,California Independent System Operator,D,Demand,23091,megawatthours
2023-07-06T12,CISO,California Independent System Operator,D,Demand,22464,megawatthours
2023-07-06T13,CISO,California Independent System Operator,D,Demand,22763,megawatthours
2023-07-06T14,CISO,California Independent System Operator,D,Demand,23437,megawatthours
2023-07-06T15,CISO,California Independent System Operator,D,Demand,24029,megawatthours
2023-07-06T16,CISO,California Independent System Operator,D,Demand,25259,megawatthours
2023-07-06T17,CISO,California Independent System Operator,D,Demand,25807,megawatthours
2023-07-06T18,CISO,California Independent System Operator,D,Demand,25924,megawatthours
2023-07-06T19,CISO,California Independent System Operator,D,Demand,26093,megawatthours
2023-07-06T20,CISO,California Independent System Operator,D,Demand,25286,megawatthours
2023-07-06T21,CISO,California Independent System Operator,D,Demand,24953,megawatthours
2023-07-06T22,CISO,California Independent System Operator,D,Demand,24862,megawatthours
2023-07-06T23,CISO,California Independent System Operator,D,Demand,25364,megawatthours
2023-07-07T00,CISO,California Independent System Operator,D,Demand,26255,megawatthours
2023-07-07T01,CISO,California Independent System Operator,D,Demand,27993,megawatthours
2023-07-07T02,CISO,California Independent System Operator,D,Demand,29782,megawatthours
2023-07-07T03,CISO,California Independent System Operator,D,Demand,31003,megawatthours
2023-07-07T04,CISO,California Independent System Operator,D,Demand,31438,megawatthours
2023-07-07T05,CISO,California Independent System Operator,D,Demand,31259,megawatthours
2023-07-07T06,CISO,California Independent System Operator,D,Demand,30562,megawatthours
2023-07-07T07,CISO,California Independent System Operator,D,Demand,28677,megawatthours
2023-07-07T08,CISO,California Independent System Operator,D,Demand,26772,megawatthours
2023-07-07T09,CISO,California Independent System Operator,D,Demand,25270,megawatthours
2023-07-07T10,CISO,California Independent System Operator,D,Demand,24207,megawatthours
2023-07-07T11,CISO,California Independent System Operator,D,Demand,23303,megawatthours
2023-07-07T12,CISO,California Independent System Operator,D,Demand,22866,megawatthours
2023-07-07T13,CISO,California Independent System Operator,D,Demand,22911,megawatthours
2023-07-07T14,CISO,California Independent System Operator,D,Demand,23549,megawatthours
2023-07-07T15,CISO,California Independent System Operator,D,Demand,24370,megawatthours
2023-07-07T16,CISO,California Independent System Operator,D,Demand,25487,megawatthours
2023-07-07T17,CISO,California Independent System Operator,D,Demand,25948,megawatthours
2023-07-07T18,CISO,California Independent System Operator,D,Demand,25497,megawatthours
2023-07-07T19,CISO,California Independent System Operator,D,Demand,25081,megawatthours
2023-07-07T20,CISO,California Independent System Operator,D,Demand,24534,megawatthours
2023-07-07T21,CISO,California Independent System Operator,D,Demand,24148,megawatthours
2023-07-07T22,CISO,California Independent System Operator,D,Demand,23973,megawatthours
2023-07-07T23,CISO,California Independent System Operator,D,Demand,23988,megawatthours
2023-07-08T00,CISO,California Independent System Operator,D,Demand,25321,megawatthours
2023-07-08T01,CISO,California Independent System Operator,D,Demand,26980,megawatthours
2023-07-08T02,CISO,California Independent System Operator,D,Demand,28965,megawatthours
2023-07-08T03,CISO,California Independent System Operator,D,Demand,30150,megawatthours
2023-07-08T04,CISO,California Independent System Operator,D,Demand,30637,megawatthours
2023-07-08T05,CISO,California Independent System Operator,D,Demand,30549,megawatthours
2023-07-08T06,CISO,California Independent System Operator,D,Demand,30036,megawatthours
2023-07-08T07,CISO,California Independent System Operator,D,Demand,28579,megawatthours
2023-07-08T08,CISO,California Independent System Operator,D,Demand,26722,megawatthours
2023-07-08T09,CISO,California Independent System Operator,D,Demand,25319,megawatthours
2023-07-08T10,CISO,California Independent System Operator,D,Demand,24090,megawatthours
2023-07-08T11,CISO,California Independent System Operator,D,Demand,23095,megawatthours
2023-07-08T12,CISO,California Independent System Operator,D,Demand,22577,megawatthours
2023-07-08T13,CISO,California Independent System Operator,D,Demand,22381,megawatthours
2023-07-08T14,CISO,California Independent System Operator,D,Demand,22531,megawatthours
2023-07-08T15,CISO,California Independent System Operator,D,Demand,22163,megawatthours
2023-07-08T16,CISO,California Independent System Operator,D,Demand,22786,megawatthours
2023-07-08T17,CISO,California Independent System Operator,D,Demand,23105,megawatthours
2023-07-08T18,CISO,California Independent System Operator,D,Demand,22420,megawatthours
2023-07-08T19,CISO,California Independent System Operator,D,Demand,21873,megawatthours
2023-07-08T20,CISO,California Independent System Operator,D,Demand,21258,megawatthours
2023-07-08T21,CISO,California Independent System Operator,D,Demand,21072,megawatthours
2023-07-08T22,CISO,California Independent System Operator,D,Demand,20949,megawatthours
2023-07-08T23,CISO,California Independent System Operator,D,Demand,21540,megawatthours
2023-07-09T00,CISO,California Independent System Operator,D,Demand,22865,megawatthours
2023-07-09T01,CISO,California Independent System Operator,D,Demand,24452,megawatthours
2023-07-09T02,CISO,California Independent System Operator,D,Demand,26311,megawatthours
2023-07-09T03,CISO,California Independent System Operator,D,Demand,28182,megawatthours
2023-07-09T04,CISO,California Independent System Operator,D,Demand,29029,megawatthours
2023-07-09T05,CISO,California Independent System Operator,D,Demand,29052,megawatthours
2023-07-09T06,CISO,California Independent System Operator,D,Demand,28496,megawatthours
2023-07-09T07,CISO,California Independent System Operator,D,Demand,26969,megawatthours
2023-07-09T08,CISO,California Independent System Operator,D,Demand,25299,megawatthours
2023-07-09T09,CISO,California Independent System Operator,D,Demand,24244,megawatthours
2023-07-09T10,CISO,California Independent System Operator,D,Demand,23284,megawatthours
2023-07-09T11,CISO,California Independent System Operator,D,Demand,22649,megawatthours
2023-07-09T12,CISO,California Independent System Operator,D,Demand,21897,megawatthours
2023-07-09T13,CISO,California Independent System Operator,D,Demand,21211,megawatthours
2023-07-09T14,CISO,California Independent System Operator,D,Demand,21184,megawatthours
2023-07-09T15,CISO,California Independent System Operator,D,Demand,20965,megawatthours
2023-07-09T16,CISO,California Independent System Operator,D,Demand,21311,megawatthours
2023-07-09T17,CISO,California Independent System Operator,D,Demand,21919,megawatthours
2023-07-09T18,CISO,California Independent System Operator,D,Demand,21162,megawatthours
2023-07-09T19,CISO,California Independent System Operator,D,Demand,21023,megawatthours
2023-07-09T20,CISO,California Independent System Operator,D,Demand,20023,megawatthours
2023-07-09T21,CISO,California Independent System Operator,D,Demand,19347,megawatthours
2023-07-09T22,CISO,California Independent System Operator,D,Demand,19335,megawatthours
2023-07-09T23,CISO,California Independent System Operator,D,Demand,20039,megawatthours
2023-07-10T00,CISO,California Independent System Operator,D,Demand,21647,megawatthours
2023-07-10T01,CISO,California Independent System Operator,D,Demand,23567,megawatthours
2023-07-10T02,CISO,California Independent System Operator,D,Demand,25646,megawatthours
2023-07-10T03,CISO,California Independent System Operator,D,Demand,27798,megawatthours
2023-07-10T04,CISO,California Independent System Operator,D,Demand,28826,megawatthours
2023-07-10T05,CISO,California Independent System Operator,D,Demand,28988,megawatthours
2023-07-10T06,CISO,California Independent System Operator,D,Demand,28541,megawatthours
2023-07-10T07,CISO,California Independent System Operator,D,Demand,27067,megawatthours
2023-07-10T08,CISO,California Independent System Operator,D,Demand,25216,megawatthours
2023-07-10T09,CISO,California Independent System Operator,D,Demand,24143,megawatthours
2023-07-10T10,CISO,California Independent System Operator,D,Demand,23260,megawatthours
2023-07-10T11,CISO,California Independent System Operator,D,Demand,22675,megawatthours
2023-07-10T12,CISO,California Independent System Operator,D,Demand,22409,megawatthours
2023-07-10T13,CISO,California Independent System Operator,D,Demand,22083,megawatthours
2023-07-10T14,CISO,California Independent System Operator,D,Demand,22790,megawatthours
2023-07-10T15,CISO,California Independent System Operator,D,Demand,23683,megawatthours
2023-07-10T16,CISO,California Independent System Operator,D,Demand,24944,megawatthours
2023-07-10T17,CISO,California Independent System Operator,D,Demand,26184,megawatthours
2023-07-10T18,CISO,California Independent System Operator,D,Demand,25775,megawatthours
2023-07-10T19,CISO,California Independent System Operator,D,Demand,25111,megawatthours
2023-07-10T20,CISO,California Independent System Operator,D,Demand,24694,megawatthours
2023-07-10T21,CISO,California Independent System Operator,D,Demand,24564,megawatthours
2023-07-10T22,CISO,California Independent System Operator,D,Demand,25234,megawatthours
2023-07-10T23,CISO,California Independent System Operator,D,Demand,26273,megawatthours
2023-07-11T00,CISO,California Independent System Operator,D,Demand,27790,megawatthours
2023-07-11T01,CISO,California Independent System Operator,D,Demand,29596,megawatthours
2023-07-11T02,CISO,California Independent System Operator,D,Demand,31787,megawatthours
2023-07-11T03,CISO,California Independent System Operator,D,Demand,33415,megawatthours
2023-07-11T04,CISO,California Independent System Operator,D,Demand,33997,megawatthours
2023-07-11T05,CISO,California Independent System Operator,D,Demand,33384,megawatthours
2023-07-11T06,CISO,California Independent System Operator,D,Demand,32445,megawatthours
2023-07-11T07,CISO,California Independent System Operator,D,Demand,30153,megawatthours
2023-07-11T08,CISO,California Independent System Operator,D,Demand,27978,megawatthours
2023-07-11T09,CISO,California Independent System Operator,D,Demand,26447,megawatthours
2023-07-11T10,CISO,California Independent System Operator,D,Demand,25381,megawatthours
2023-07-11T11,CISO,California Independent System Operator,D,Demand,24650,megawatthours
2023-07-11T12,CISO,California Independent System Operator,D,Demand,24146,megawatthours
2023-07-11T13,CISO,California Independent System Operator,D,Demand,23353,megawatthours
2023-07-11T14,CISO,California Independent System Operator,D,Demand,23973,megawatthours
2023-07-11T15,CISO,California Independent System Operator,D,Demand,24637,megawatthours
2023-07-11T16,CISO,California Independent System Operator,D,Demand,25856,megawatthours
2023-07-11T17,CISO,California Independent System Operator,D,Demand,26458,megawatthours
2023-07-11T18,CISO,California Independent System Operator,D,Demand,26394,megawatthours
2023-07-11T19,CISO,California Independent System Operator,D,Demand,26505,megawatthours
2023-07-11T20,CISO,California Independent System Operator,D,Demand,26855,megawatthours
2023-07-11T21,CISO,California Independent System Operator,D,Demand,27467,megawatthours
2023-07-11T22,CISO,California Independent System Operator,D,Demand,28637,megawatthours
2023-07-11T23,CISO,California Independent System Operator,D,Demand,29964,megawatthours
2023-07-12T00,CISO,California Independent System Operator,D,Demand,31933,megawatthours
2023-07-12T01,CISO,California Independent System Operator,D,Demand,33771,megawatthours
2023-07-12T02,CISO,California Independent System Operator,D,Demand,35493,megawatthours
2023-07-12T03,CISO,California Independent System Operator,D,Demand,36808,megawatthours
2023-07-12T04,CISO,California Independent System Operator,D,Demand,36882,megawatthours
2023-07-12T05,CISO,California Independent System Operator,D,Demand,35971,megawatthours
2023-07-12T06,CISO,California Independent System Operator,D,Demand,34674,megawatthours
2023-07-12T07,CISO,California Independent System Operator,D,Demand,32342,megawatthours
2023-07-12T08,CISO,California Independent System Operator,D,Demand,29895,megawatthours
2023-07-12T09,CISO,California Independent System Operator,D,Demand,28062,megawatthours
2023-07-12T10,CISO,California Independent System Operator,D,Demand,26554,megawatthours
2023-07-12T11,CISO,California Independent System Operator,D,Demand,25636,megawatthours
2023-07-12T12,CISO,California Independent System Operator,D,Demand,24841,megawatthours
2023-07-12T13,CISO,California Independent System Operator,D,Demand,24490,megawatthours
2023-07-12T14,CISO,California Independent System Operator,D,Demand,25050,megawatthours
2023-07-12T15,CISO,California Independent System Operator,D,Demand,25628,megawatthours
2023-07-12T16,CISO,California Independent System Operator,D,Demand,27359,megawatthours
2023-07-12T17,CISO,California Independent System Operator,D,Demand,28244,megawatthours
2023-07-12T18,CISO,California Independent System Operator,D,Demand,28622,megawatthours
2023-07-12T19,CISO,California Independent System Operator,D,Demand,28888,megawatthours
2023-07-12T20,CISO,California Independent System Operator,D,Demand,29125,megawatthours
2023-07-12T21,CISO,California Independent System Operator,D,Demand,29908,megawatthours
2023-07-12T22,CISO,California Independent System Operator,D,Demand,31017,megawatthours
2023-07-12T23,CISO,California Independent System Operator,D,Demand,31714,megawatthours
2023-07-13T00,CISO,California Independent System Operator,D,Demand,33459,megawatthours
2023-07-13T01,CISO,California Independent System Operator,D,Demand,35084,megawatthours
2023-07-13T02,CISO,California Independent System Operator,D,Demand,36653,megawatthours
2023-07-13T03,CISO,California Independent System Operator,D,Demand,37571,megawatthours
2023-07-13T04,CISO,California Independent System Operator,D,Demand,37410,megawatthours
2023-07-13T05,CISO,California Independent System Operator,D,Demand,36340,megawatthours
2023-07-13T06,CISO,California Independent System Operator,D,Demand,35047,megawatthours
2023-07-13T07,CISO,California Independent System Operator,D,Demand,32575,megawatthours
2023-07-13T08,CISO,California Independent System Operator,D,Demand,30004,megawatthours
2023-07-13T09,CISO,California Independent System Operator,D,Demand,28111,megawatthours
2023-07-13T10,CISO,California Independent System Operator,D,Demand,26569,megawatthours
2023-07-13T11,CISO,California Independent System Operator,D,Demand,25340,megawatthours
2023-07-13T12,CISO,California Independent System Operator,D,Demand,24874,megawatthours
2023-07-13T13,CISO,California Independent System Operator,D,Demand,24557,megawatthours
2023-07-13T14,CISO,California Independent System Operator,D,Demand,24854,megawatthours
2023-07-13T15,CISO,California Independent System Operator,D,Demand,25604,megawatthours
2023-07-13T16,CISO,California Independent System Operator,D,Demand,27136,megawatthours
2023-07-13T17,CISO,California Independent System Operator,D,Demand,28290,megawatthours
2023-07-13T18,CISO,California Independent System Operator,D,Demand,28296,megawatthours
2023-07-13T19,CISO,California Independent System Operator,D,Demand,29047,megawatthours
2023-07-13T20,CISO,California Independent System Operator,D,Demand,29783,megawatthours
2023-07-13T21,CISO,California Independent System Operator,D,Demand,29982,megawatthours
2023-07-13T22,CISO,California Independent System Operator,D,Demand,31128,megawatthours
2023-07-13T23,CISO,California Independent System Operator,D,Demand,32545,megawatthours
2023-07-14T00,CISO,California Independent System Operator,D,Demand,34216,megawatthours
2023-07-14T01,CISO,California Independent System Operator,D,Demand,35664,megawatthours
2023-07-14T02,CISO,California Independent System Operator,D,Demand,37274,megawatthours
2023-07-14T03,CISO,California Independent System Operator,D,Demand,38202,megawatthours
2023-07-14T04,CISO,California Independent System Operator,D,Demand,38030,megawatthours
2023-07-14T05,CISO,California Independent System Operator,D,Demand,37089,megawatthours
2023-07-14T06,CISO,California Independent System Operator,D,Demand,35802,megawatthours
2023-07-14T07,CISO,California Independent System Operator,D,Demand,33252,megawatthours
2023-07-14T08,CISO,California Independent System Operator,D,Demand,30618,megawatthours
2023-07-14T09,CISO,California Independent System Operator,D,Demand,28422,megawatthours
2023-07-14T10,CISO,California Independent System Operator,D,Demand,27033,megawatthours
2023-07-14T11,CISO,California Independent System Operator,D,Demand,26415,megawatthours
2023-07-14T12,CISO,California Independent System Operator,D,Demand,25760,megawatthours
2023-07-14T13,CISO,California Independent System Operator,D,Demand,25267,megawatthours
2023-07-14T14,CISO,California Independent System Operator,D,Demand,25255,megawatthours
2023-07-14T15,CISO,California Independent System Operator,D,Demand,25985,megawatthours
2023-07-14T16,CISO,California Independent System Operator,D,Demand,27699,megawatthours
2023-07-14T17,CISO,California Independent System Operator,D,Demand,28453,megawatthours
2023-07-14T18,CISO,California Independent System Operator,D,Demand,28654,megawatthours
2023-07-14T19,CISO,California Independent System Operator,D,Demand,29017,megawatthours
2023-07-14T20,CISO,California Independent System Operator,D,Demand,29713,megawatthours
2023-07-14T21,CISO,California Independent System Operator,D,Demand,30567,megawatthours
2023-07-14T22,CISO,California Independent System Operator,D,Demand,31938,megawatthours
2023-07-14T23,CISO,California Independent System Operator,D,Demand,33500,megawatthours
2023-07-15T00,CISO,California Independent System Operator,D,Demand,35717,megawatthours
2023-07-15T01,CISO,California Independent System Operator,D,Demand,37648,megawatthours
2023-07-15T02,CISO,California Independent System Operator,D,Demand,39076,megawatthours
2023-07-15T03,CISO,California Independent System Operator,D,Demand,39975,megawatthours
2023-07-15T04,CISO,California Independent System Operator,D,Demand,39577,megawatthours
2023-07-15T05,CISO,California Independent System Operator,D,Demand,38305,megawatthours
2023-07-15T06,CISO,California Independent System Operator,D,Demand,36650,megawatthours
2023-07-15T07,CISO,California Independent System Operator,D,Demand,34084,megawatthours
2023-07-15T08,CISO,California Independent System Operator,D,Demand,31555,megawatthours
2023-07-15T09,CISO,California Independent System Operator,D,Demand,29342,megawatthours
2023-07-15T10,CISO,California Independent System Operator,D,Demand,27536,megawatthours
2023-07-15T11,CISO,California Independent System Operator,D,Demand,25865,megawatthours
2023-07-15T12,CISO,California Independent System Operator,D,Demand,24990,megawatthours
2023-07-15T13,CISO,California Independent System Operator,D,Demand,24388,megawatthours
2023-07-15T14,CISO,California Independent System Operator,D,Demand,24371,megawatthours
2023-07-15T15,CISO,California Independent System Operator,D,Demand,24413,megawatthours
2023-07-15T16,CISO,California Independent System Operator,D,Demand,26366,megawatthours
2023-07-15T17,CISO,California Independent System Operator,D,Demand,28101,megawatthours
2023-07-15T18,CISO,California Independent System Operator,D,Demand,28217,megawatthours
2023-07-15T19,CISO,California Independent System Operator,D,Demand,28098,megawatthours
2023-07-15T20,CISO,California Independent System Operator,D,Demand,27934,megawatthours
2023-07-15T21,CISO,California Independent System Operator,D,Demand,28738,megawatthours
2023-07-15T22,CISO,California Independent System Operator,D,Demand,30211,megawatthours
2023-07-15T23,CISO,California Independent System Operator,D,Demand,31721,megawatthours
2023-07-16T00,CISO,California Independent System Operator,D,Demand,34000,megawatthours
2023-07-16T01,CISO,California Independent System Operator,D,Demand,35813,megawatthours
2023-07-16T02,CISO,California Independent System Operator,D,Demand,37750,megawatthours
2023-07-16T03,CISO,California Independent System Operator,D,Demand,38873,megawatthours
2023-07-16T04,CISO,California Independent System Operator,D,Demand,38837,megawatthours
2023-07-16T05,CISO,California Independent System Operator,D,Demand,37742,megawatthours
2023-07-16T06,CISO,California Independent System Operator,D,Demand,36172,megawatthours
2023-07-16T07,CISO,California Independent System Operator,D,Demand,33735,megawatthours
2023-07-16T08,CISO,California Independent System Operator,D,Demand,31228,megawatthours
2023-07-16T09,CISO,California Independent System Operator,D,Demand,29302,megawatthours
2023-07-16T10,CISO,California Independent System Operator,D,Demand,27658,megawatthours
2023-07-16T11,CISO,California Independent System Operator,D,Demand,26115,megawatthours
2023-07-16T12,CISO,California Independent System Operator,D,Demand,25300,megawatthours
2023-07-16T13,CISO,California Independent System Operator,D,Demand,24589,megawatthours
2023-07-16T14,CISO,California Independent System Operator,D,Demand,24181,megawatthours
2023-07-16T15,CISO,California Independent System Operator,D,Demand,23875,megawatthours
2023-07-16T16,CISO,California Independent System Operator,D,Demand,25597,megawatthours
2023-07-16T17,CISO,California Independent System Operator,D,Demand,26852,megawatthours
2023-07-16T18,CISO,California Independent System Operator,D,Demand,27238,megawatthours
2023-07-16T19,CISO,California Independent System Operator,D,Demand,27744,megawatthours
2023-07-16T20,CISO,California Independent System Operator,D,Demand,28447,megawatthours
2023-07-16T21,CISO,California Independent System Operator,D,Demand,29873,megawatthours
2023-07-16T22,CISO,California Independent System Operator,D,Demand,31536,megawatthours
2023-07-16T23,CISO,California Independent System Operator,D,Demand,33090,megawatthours
2023-07-17T00,CISO,California Independent System Operator,D,Demand,34921,megawatthours
2023-07-17T01,CISO,California Independent System Operator,D,Demand,36486,megawatthours
2023-07-17T02,CISO,California Independent System Operator,D,Demand,38128,megawatthours
2023-07-17T03,CISO,California Independent System Operator,D,Demand,39132,megawatthours
2023-07-17T04,CISO,California Independent System Operator,D,Demand,38853,megawatthours
2023-07-17T05,CISO,California Independent System Operator,D,Demand,38113,megawatthours
2023-07-17T06,CISO,California Independent System Operator,D,Demand,36681,megawatthours
2023-07-17T07,CISO,California Independent System Operator,D,Demand,34212,megawatthours
2023-07-17T08,CISO,California Independent System Operator,D,Demand,31752,megawatthours
2023-07-17T09,CISO,California Independent System Operator,D,Demand,30037,megawatthours
2023-07-17T10,CISO,California Independent System Operator,D,Demand,28661,megawatthours
2023-07-17T11,CISO,California Independent System Operator,D,Demand,27292,megawatthours
2023-07-17T12,CISO,California Independent System Operator,D,Demand,26795,megawatthours
2023-07-17T13,CISO,California Independent System Operator,D,Demand,26417,megawatthours
2023-07-17T14,CISO,California Independent System Operator,D,Demand,26919,megawatthours
2023-07-17T15,CISO,California Independent System Operator,D,Demand,28075,megawatthours
2023-07-17T16,CISO,California Independent System Operator,D,Demand,30257,megawatthours
2023-07-17T17,CISO,California Independent System Operator,D,Demand,31543,megawatthours
2023-07-17T18,CISO,California Independent System Operator,D,Demand,32056,megawatthours
2023-07-17T19,CISO,California Independent System Operator,D,Demand,32602,megawatthours
2023-07-17T20,CISO,California Independent System Operator,D,Demand,33277,megawatthours
2023-07-17T21,CISO,California Independent System Operator,D,Demand,34532,megawatthours
2023-07-17T22,CISO,California Independent System Operator,D,Demand,36207,megawatthours
2023-07-17T23,CISO,California Independent System Operator,D,Demand,38157,megawatthours
2023-07-18T00,CISO,California Independent System Operator,D,Demand,40202,megawatthours
2023-07-18T01,CISO,California Independent System Operator,D,Demand,41517,megawatthours
2023-07-18T02,CISO,California Independent System Operator,D,Demand,42153,megawatthours
2023-07-18T03,CISO,California Independent System Operator,D,Demand,42211,megawatthours
2023-07-18T04,CISO,California Independent System Operator,D,Demand,41506,megawatthours
2023-07-18T05,CISO,California Independent System Operator,D,Demand,40079,megawatthours
2023-07-18T06,CISO,California Independent System Operator,D,Demand,38369,megawatthours
2023-07-18T07,CISO,California Independent System Operator,D,Demand,35525,megawatthours
2023-07-18T08,CISO,California Independent System Operator,D,Demand,32717,megawatthours
2023-07-18T09,CISO,California Independent System Operator,D,Demand,30385,megawatthours
2023-07-18T10,CISO,California Independent System Operator,D,Demand,28334,megawatthours
2023-07-18T11,CISO,California Independent System Operator,D,Demand,27057,megawatthours
2023-07-18T12,CISO,California Independent System Operator,D,Demand,26395,megawatthours
2023-07-18T13,CISO,California Independent System Operator,D,Demand,26158,megawatthours
2023-07-18T14,CISO,California Independent System Operator,D,Demand,26496,megawatthours
2023-07-18T15,CISO,California Independent System Operator,D,Demand,27332,megawatthours
2023-07-18T16,CISO,California Independent System Operator,D,Demand,29205,megawatthours
2023-07-18T17,CISO,California Independent System Operator,D,Demand,30918,megawatthours
2023-07-18T18,CISO,California Independent System Operator,D,Demand,31306,megawatthours
2023-07-18T19,CISO,California Independent System Operator,D,Demand,31700,megawatthours
2023-07-18T20,CISO,California Independent System Operator,D,Demand,32086,megawatthours
2023-07-18T21,CISO,California Independent System Operator,D,Demand,33009,megawatthours
2023-07-18T22,CISO,California Independent System Operator,D,Demand,34705,megawatthours
2023-07-18T23,CISO,California Independent System Operator,D,Demand,36361,megawatthours
2023-07-19T00,CISO,California Independent System Operator,D,Demand,37935,megawatthours
2023-07-19T01,CISO,California Independent System Operator,D,Demand,39059,megawatthours
2023-07-19T02,CISO,California Independent System Operator,D,Demand,39912,megawatthours
2023-07-19T03,CISO,California Independent System Operator,D,Demand,40125,megawatthours
2023-07-19T04,CISO,California Independent System Operator,D,Demand,39377,megawatthours
2023-07-19T05,CISO,California Independent System Operator,D,Demand,38178,megawatthours
2023-07-19T06,CISO,California Independent System Operator,D,Demand,36760,megawatthours
2023-07-19T07,CISO,California Independent System Operator,D,Demand,33978,megawatthours
2023-07-19T08,CISO,California Independent System Operator,D,Demand,31307,megawatthours
2023-07-19T09,CISO,California Independent System Operator,D,Demand,29160,megawatthours
2023-07-19T10,CISO,California Independent System Operator,D,Demand,27549,megawatthours
2023-07-19T11,CISO,California Independent System Operator,D,Demand,26569,megawatthours
2023-07-19T12,CISO,California Independent System Operator,D,Demand,26109,megawatthours
2023-07-19T13,CISO,California Independent System Operator,D,Demand,25837,megawatthours
2023-07-19T14,CISO,California Independent System Operator,D,Demand,26346,megawatthours
2023-07-19T15,CISO,California Independent System Operator,D,Demand,27297,megawatthours
2023-07-19T16,CISO,California Independent System Operator,D,Demand,29705,megawatthours
2023-07-19T17,CISO,California Independent System Operator,D,Demand,31208,megawatthours
2023-07-19T18,CISO,California Independent System Operator,D,Demand,31348,megawatthours
2023-07-19T19,CISO,California Independent System Operator,D,Demand,31527,megawatthours
2023-07-19T20,CISO,California Independent System Operator,D,Demand,31911,megawatthours
2023-07-19T21,CISO,California Independent System Operator,D,Demand,32654,megawatthours
2023-07-19T22,CISO,California Independent System Operator,D,Demand,33592,megawatthours
2023-07-19T23,CISO,California Independent System Operator,D,Demand,35119,megawatthours
2023-07-20T00,CISO,California Independent System Operator,D,Demand,36964,megawatthours
2023-07-20T01,CISO,California Independent System Operator,D,Demand,38686,megawatthours
2023-07-20T02,CISO,California Independent System Operator,D,Demand,40072,megawatthours
2023-07-20T03,CISO,California Independent System Operator,D,Demand,40729,megawatthours
2023-07-20T04,CISO,California Independent System Operator,D,Demand,40129,megawatthours
2023-07-20T05,CISO,California Independent System Operator,D,Demand,38956,megawatthours
2023-07-20T06,CISO,California Independent System Operator,D,Demand,37540,megawatthours
2023-07-20T07,CISO,California Independent System Operator,D,Demand,34603,megawatthours
2023-07-20T08,CISO,California Independent System Operator,D,Demand,31810,megawatthours
2023-07-20T09,CISO,California Independent System Operator,D,Demand,29908,megawatthours
2023-07-20T10,CISO,California Independent System Operator,D,Demand,28226,megawatthours
2023-07-20T11,CISO,California Independent System Operator,D,Demand,27401,megawatthours
2023-07-20T12,CISO,California Independent System Operator,D,Demand,27001,megawatthours
2023-07-20T13,CISO,California Independent System Operator,D,Demand,26713,megawatthours
2023-07-20T14,CISO,California Independent System Operator,D,Demand,26738,megawatthours
2023-07-20T15,CISO,California Independent System Operator,D,Demand,27476,megawatthours
2023-07-20T16,CISO,California Independent System Operator,D,Demand,29695,megawatthours
2023-07-20T17,CISO,California Independent System Operator,D,Demand,30719,megawatthours
2023-07-20T18,CISO,California Independent System Operator,D,Demand,30821,megawatthours
2023-07-20T19,CISO,California Independent System Operator,D,Demand,31333,megawatthours
2023-07-20T20,CISO,California Independent System Operator,D,Demand,32464,megawatthours
2023-07-20T21,CISO,California Independent System Operator,D,Demand,33706,megawatthours
2023-07-20T22,CISO,California Independent System Operator,D,Demand,34898,megawatthours
2023-07-20T23,CISO,California Independent System Operator,D,Demand,36365,megawatthours
2023-07-21T00,CISO,California Independent System Operator,D,Demand,38270,megawatthours
2023-07-21T01,CISO,California Independent System Operator,D,Demand,39747,megawatthours
2023-07-21T02,CISO,California Independent System Operator,D,Demand,41203,megawatthours
2023-07-21T03,CISO,California Independent System Operator,D,Demand,41916,megawatthours
2023-07-21T04,CISO,California Independent System Operator,D,Demand,41283,megawatthours
2023-07-21T05,CISO,California Independent System Operator,D,Demand,39357,megawatthours
2023-07-21T06,CISO,California Independent System Operator,D,Demand,37986,megawatthours
2023-07-21T07,CISO,California Independent System Operator,D,Demand,35206,megawatthours
2023-07-21T08,CISO,California Independent System Operator,D,Demand,32473,megawatthours
2023-07-21T09,CISO,California Independent System Operator,D,Demand,30198,megawatthours
2023-07-21T10,CISO,California Independent System Operator,D,Demand,28532,megawatthours
2023-07-21T11,CISO,California Independent System Operator,D,Demand,27225,megawatthours
2023-07-21T12,CISO,California Independent System Operator,D,Demand,26898,megawatthours
2023-07-21T13,CISO,California Independent System Operator,D,Demand,26520,megawatthours
2023-07-21T14,CISO,California Independent System Operator,D,Demand,26810,megawatthours
2023-07-21T15,CISO,California Independent System Operator,D,Demand,27348,megawatthours
2023-07-21T16,CISO,California Independent System Operator,D,Demand,29384,megawatthours
2023-07-21T17,CISO,California Independent System Operator,D,Demand,30647,megawatthours
2023-07-21T18,CISO,California Independent System Operator,D,Demand,31043,megawatthours
2023-07-21T19,CISO,California Independent System Operator,D,Demand,31141,megawatthours
2023-07-21T20,CISO,California Independent System Operator,D,Demand,31337,megawatthours
2023-07-21T21,CISO,California Independent System Operator,D,Demand,31973,megawatthours
2023-07-21T22,CISO,California Independent System Operator,D,Demand,33727,megawatthours
2023-07-21T23,CISO,California Independent System Operator,D,Demand,35209,megawatthours
2023-07-22T00,CISO,California Independent System Operator,D,Demand,37038,megawatthours
2023-07-22T01,CISO,California Independent System Operator,D,Demand,38793,megawatthours
2023-07-22T02,CISO,California Independent System Operator,D,Demand,40307,megawatthours
2023-07-22T03,CISO,California Independent System Operator,D,Demand,41211,megawatthours
2023-07-22T04,CISO,California Independent System Operator,D,Demand,40527,megawatthours
2023-07-22T05,CISO,California Independent System Operator,D,Demand,39200,megawatthours
2023-07-22T06,CISO,California Independent System Operator,D,Demand,37606,megawatthours
2023-07-22T07,CISO,California Independent System Operator,D,Demand,34891,megawatthours
2023-07-22T08,CISO,California Independent System Operator,D,Demand,32199,megawatthours
2023-07-22T09,CISO,California Independent System Operator,D,Demand,30304,megawatthours
2023-07-22T10,CISO,California Independent System Operator,D,Demand,28463,megawatthours
2023-07-22T11,CISO,California Independent System Operator,D,Demand,26973,megawatthours
2023-07-22T12,CISO,California Independent System Operator,D,Demand,25830,megawatthours
2023-07-22T13,CISO,California Independent System Operator,D,Demand,25405,megawatthours
2023-07-22T14,CISO,California Independent System Operator,D,Demand,25270,megawatthours
2023-07-22T15,CISO,California Independent System Operator,D,Demand,25246,megawatthours
2023-07-22T16,CISO,California Independent System Operator,D,Demand,26942,megawatthours
2023-07-22T17,CISO,California Independent System Operator,D,Demand,27992,megawatthours
2023-07-22T18,CISO,California Independent System Operator,D,Demand,27928,megawatthours
2023-07-22T19,CISO,California Independent System Operator,D,Demand,27919,megawatthours
2023-07-22T20,CISO,California Independent System Operator,D,Demand,27882,megawatthours
2023-07-22T21,CISO,California Independent System Operator,D,Demand,28802,megawatthours
2023-07-22T22,CISO,California Independent System Operator,D,Demand,30774,megawatthours
2023-07-22T23,CISO,California Independent System Operator,D,Demand,33096,megawatthours
2023-07-23T00,CISO,California Independent System Operator,D,Demand,35211,megawatthours
2023-07-23T01,CISO,California Independent System Operator,D,Demand,36956,megawatthours
2023-07-23T02,CISO,California Independent System Operator,D,Demand,37798,megawatthours
2023-07-23T03,CISO,California Independent System Operator,D,Demand,38575,megawatthours
2023-07-23T04,CISO,California Independent System Operator,D,Demand,38202,megawatthours
2023-07-23T05,CISO,California Independent System Operator,D,Demand,37190,megawatthours
2023-07-23T06,CISO,California Independent System Operator,D,Demand,36359,megawatthours
2023-07-23T07,CISO,California Independent System Operator,D,Demand,33644,megawatthours
2023-07-23T08,CISO,California Independent System Operator,D,Demand,30864,megawatthours
2023-07-23T09,CISO,California Independent System Operator,D,Demand,29772,megawatthours
2023-07-23T10,CISO,California Independent System Operator,D,Demand,28131,megawatthours
2023-07-23T11,CISO,California Independent System Operator,D,Demand,26860,megawatthours
2023-07-23T12,CISO,California Independent System Operator,D,Demand,25837,megawatthours
2023-07-23T13,CISO,California Independent System Operator,D,Demand,25146,megawatthours
2023-07-23T14,CISO,California Independent System Operator,D,Demand,25059,megawatthours
2023-07-23T15,CISO,California Independent System Operator,D,Demand,24759,megawatthours
2023-07-23T16,CISO,California Independent System Operator,D,Demand,25625,megawatthours
2023-07-23T17,CISO,California Independent System Operator,D,Demand,26695,megawatthours
2023-07-23T18,CISO,California Independent System Operator,D,Demand,26529,megawatthours
2023-07-23T19,CISO,California Independent System Operator,D,Demand,27738,megawatthours
2023-07-23T20,CISO,California Independent System Operator,D,Demand,28885,megawatthours
2023-07-23T21,CISO,California Independent System Operator,D,Demand,29414,megawatthours
2023-07-23T22,CISO,California Independent System Operator,D,Demand,30999,megawatthours
2023-07-23T23,CISO,California Independent System Operator,D,Demand,32050,megawatthours
2023-07-24T00,CISO,California Independent System Operator,D,Demand,32952,megawatthours
2023-07-24T01,CISO,California Independent System Operator,D,Demand,33783,megawatthours
2023-07-24T02,CISO,California Independent System Operator,D,Demand,34619,megawatthours
2023-07-24T03,CISO,California Independent System Operator,D,Demand,35267,megawatthours
2023-07-24T04,CISO,California Independent System Operator,D,Demand,35317,megawatthours
2023-07-24T05,CISO,California Independent System Operator,D,Demand,35006,megawatthours
2023-07-24T06,CISO,California Independent System Operator,D,Demand,34153,megawatthours
2023-07-24T07,CISO,California Independent System Operator,D,Demand,32020,megawatthours
2023-07-24T08,CISO,California Independent System Operator,D,Demand,29805,megawatthours
2023-07-24T09,CISO,California Independent System Operator,D,Demand,28268,megawatthours
2023-07-24T10,CISO,California Independent System Operator,D,Demand,27223,megawatthours
2023-07-24T11,CISO,California Independent System Operator,D,Demand,26391,megawatthours
2023-07-24T12,CISO,California Independent System Operator,D,Demand,25754,megawatthours
2023-07-24T13,CISO,California Independent System Operator,D,Demand,25694,megawatthours
2023-07-24T14,CISO,California Independent System Operator,D,Demand,26208,megawatthours
2023-07-24T15,CISO,California Independent System Operator,D,Demand,27347,megawatthours
2023-07-24T16,CISO,California Independent System Operator,D,Demand,29396,megawatthours
2023-07-24T17,CISO,California Independent System Operator,D,Demand,30665,megawatthours
2023-07-24T18,CISO,California Independent System Operator,D,Demand,30644,megawatthours
2023-07-24T19,CISO,California Independent System Operator,D,Demand,30795,megawatthours
2023-07-24T20,CISO,California Independent System Operator,D,Demand,31312,megawatthours
2023-07-24T21,CISO,California Independent System Operator,D,Demand,32119,megawatthours
2023-07-24T22,CISO,California Independent System Operator,D,Demand,33784,megawatthours
2023-07-24T23,CISO,California Independent System Operator,D,Demand,35582,megawatthours
2023-07-25T00,CISO,California Independent System Operator,D,Demand,36849,megawatthours
2023-07-25T01,CISO,California Independent System Operator,D,Demand,38343,megawatthours
2023-07-25T02,CISO,California Independent System Operator,D,Demand,39759,megawatthours
2023-07-25T03,CISO,California Independent System Operator,D,Demand,40558,megawatthours
2023-07-25T04,CISO,California Independent System Operator,D,Demand,39960,megawatthours
2023-07-25T05,CISO,California Independent System Operator,D,Demand,38854,megawatthours
2023-07-25T06,CISO,California Independent System Operator,D,Demand,37226,megawatthours
2023-07-25T07,CISO,California Independent System Operator,D,Demand,34363,megawatthours
2023-07-25T08,CISO,California Independent System Operator,D,Demand,31590,megawatthours
2023-07-25T09,CISO,California Independent System Operator,D,Demand,29413,megawatthours
2023-07-25T10,CISO,California Independent System Operator,D,Demand,27707,megawatthours
2023-07-25T11,CISO,California Independent System Operator,D,Demand,26828,megawatthours
2023-07-25T12,CISO,California Independent System Operator,D,Demand,26556,megawatthours
2023-07-25T13,CISO,California Independent System Operator,D,Demand,25977,megawatthours
2023-07-25T14,CISO,California Independent System Operator,D,Demand,26466,megawatthours
2023-07-25T15,CISO,California Independent System Operator,D,Demand,27276,megawatthours
2023-07-25T16,CISO,California Independent System Operator,D,Demand,29023,megawatthours
2023-07-25T17,CISO,California Independent System Operator,D,Demand,31009,megawatthours
2023-07-25T18,CISO,California Independent System Operator,D,Demand,31069,megawatthours
2023-07-25T19,CISO,California Independent System Operator,D,Demand,31697,megawatthours
2023-07-25T20,CISO,California Independent System Operator,D,Demand,32498,megawatthours
2023-07-25T21,CISO,California Independent System Operator,D,Demand,33263,megawatthours
2023-07-25T22,CISO,California Independent System Operator,D,Demand,34930,megawatthours
2023-07-25T23,CISO,California Independent System Operator,D,Demand,37245,megawatthours
2023-07-26T00,CISO,California Independent System Operator,D,Demand,39333,megawatthours
2023-07-26T01,CISO,California Independent System Operator,D,Demand,41045,megawatthours
2023-07-26T02,CISO,California Independent System Operator,D,Demand,42372,megawatthours
2023-07-26T03,CISO,California Independent System Operator,D,Demand,43084,megawatthours
2023-07-26T04,CISO,California Independent System Operator,D,Demand,42488,megawatthours
2023-07-26T05,CISO,California Independent System Operator,D,Demand,41108,megawatthours
2023-07-26T06,CISO,California Independent System Operator,D,Demand,39227,megawatthours
2023-07-26T07,CISO,California Independent System Operator,D,Demand,36311,megawatthours
2023-07-26T08,CISO,California Independent System Operator,D,Demand,33460,megawatthours
2023-07-26T09,CISO,California Independent System Operator,D,Demand,31152,megawatthours
2023-07-26T10,CISO,California Independent System Operator,D,Demand,29344,megawatthours
2023-07-26T11,CISO,California Independent System Operator,D,Demand,28090,megawatthours
2023-07-26T12,CISO,California Independent System Operator,D,Demand,27521,megawatthours
2023-07-26T13,CISO,California Independent System Operator,D,Demand,27053,megawatthours
2023-07-26T14,CISO,California Independent System Operator,D,Demand,27020,megawatthours
2023-07-26T15,CISO,California Independent System Operator,D,Demand,27618,megawatthours
2023-07-26T16,CISO,California Independent System Operator,D,Demand,29337,megawatthours
2023-07-26T17,CISO,California Independent System Operator,D,Demand,31284,megawatthours
2023-07-26T18,CISO,California Independent System Operator,D,Demand,32025,megawatthours
2023-07-26T19,CISO,California Independent System Operator,D,Demand,32318,megawatthours
2023-07-26T20,CISO,California Independent System Operator,D,Demand,33717,megawatthours
2023-07-26T21,CISO,California Independent System Operator,D,Demand,34423,megawatthours
2023-07-26T22,CISO,California Independent System Operator,D,Demand,35915,megawatthours
2023-07-26T23,CISO,California Independent System Operator,D,Demand,37792,megawatthours
2023-07-27T00,CISO,California Independent System Operator,D,Demand,39563,megawatthours
2023-07-27T01,CISO,California Independent System Operator,D,Demand,41214,megawatthours
2023-07-27T02,CISO,California Independent System Operator,D,Demand,42559,megawatthours
2023-07-27T03,CISO,California Independent System Operator,D,Demand,42707,megawatthours
2023-07-27T04,CISO,California Independent System Operator,D,Demand,41883,megawatthours
2023-07-27T05,CISO,California Independent System Operator,D,Demand,40492,megawatthours
2023-07-27T06,CISO,California Independent System Operator,D,Demand,38565,megawatthours
2023-07-27T07,CISO,California Independent System Operator,D,Demand,35662,megawatthours
2023-07-27T08,CISO,California Independent System Operator,D,Demand,32854,megawatthours
2023-07-27T09,CISO,California Independent System Operator,D,Demand,30409,megawatthours
2023-07-27T10,CISO,California Independent System Operator,D,Demand,28830,megawatthours
2023-07-27T11,CISO,California Independent System Operator,D,Demand,27674,megawatthours
2023-07-27T12,CISO,California Independent System Operator,D,Demand,26566,megawatthours
2023-07-27T13,CISO,California Independent System Operator,D,Demand,26345,megawatthours
2023-07-27T14,CISO,California Independent System Operator,D,Demand,26871,megawatthours
2023-07-27T15,CISO,California Independent System Operator,D,Demand,27917,megawatthours
2023-07-27T16,CISO,California Independent System Operator,D,Demand,29965,megawatthours
2023-07-27T17,CISO,California Independent System Operator,D,Demand,31015,megawatthours
2023-07-27T18,CISO,California Independent System Operator,D,Demand,31317,megawatthours
2023-07-27T19,CISO,California Independent System Operator,D,Demand,31062,megawatthours
2023-07-27T20,CISO,California Independent System Operator,D,Demand,31717,megawatthours
2023-07-27T21,CISO,California Independent System Operator,D,Demand,32375,megawatthours
2023-07-27T22,CISO,California Independent System Operator,D,Demand,34220,megawatthours
2023-07-27T23,CISO,California Independent System Operator,D,Demand,36467,megawatthours
2023-07-28T00,CISO,California Independent System Operator,D,Demand,38150,megawatthours
2023-07-28T01,CISO,California Independent System Operator,D,Demand,39468,megawatthours
2023-07-28T02,CISO,California Independent System Operator,D,Demand,40525,megawatthours
2023-07-28T03,CISO,California Independent System Operator,D,Demand,40658,megawatthours
2023-07-28T04,CISO,California Independent System Operator,D,Demand,40032,megawatthours
2023-07-28T05,CISO,California Independent System Operator,D,Demand,38817,megawatthours
2023-07-28T06,CISO,California Independent System Operator,D,Demand,37181,megawatthours
2023-07-28T07,CISO,California Independent System Operator,D,Demand,34408,megawatthours
